player_id,exp,age_t,draft_pick,pos,r_fga2,r_fga3,r_fta,r_reb,r_ast,r_stl,r_blk,r_tov,r_p2,r_p3,r_ft,r_mpg,r_avail,fga2,fga3,fta,reb,ast,stl,blk,tov,fga,tpa,tpm,fgm,ftm,pts,fg_pct,ft_pct,mpg,avail,source,name,position_1,position_2,tier,year,team_id,elig,elig_source,espn_adp,e_PG,e_SG,e_SF,e_PF,e_C,is_center,z_pts,z_tpm,z_reb,z_ast,z_stl,z_blk,z_fg_pct,z_ft_pct,z_tov,z_total,rank
1628983,8,28.0,11.0,G,16.41744751734755,5.445498686774326,9.31645225331102,4.949239909506556,7.282513475849273,1.6941604161419876,0.8606830873234269,2.7079709977839777,0.5871331152238901,0.35884938239737635,0.881822134878236,33.92605051053977,0.7898582732793675,15.471643159101909,5.131785097293993,8.779734159023937,4.664115643297185,6.862970000704138,1.5965603291941706,0.8110993859472747,2.551965579219333,20.6034282563959,5.131785097293993,1.8415379127600093,10.9254519583959,7.742163919773862,31.434605749325673,0.5302734973246175,0.881822134878236,33.92605051053977,0.7898582732793675,model,Shai Gilgeous-Alexander,G,,6-14,2026,1610612760,PG,heuristic,,True,False,False,False,False,False,3.569867088061276,0.2820102641169418,-0.27082218177274076,1.9590317623765712,2.3511193729070072,0.6059879927829052,2.0586748668772192,3.1700452523662213,-1.2487019684903242,12.477212449225076,1
203999,11,32.0,41.0,C,13.507717028875792,4.6168207147916895,6.8801026605431215,12.957897863942215,10.518276126059998,1.5047588784677453,0.7259365678150783,3.73863274599161,0.6185441132850056,0.3630155582624104,0.8143911827531574,34.37365063970195,0.7662563199340202,12.897487391403592,4.408249508788572,6.5692845894109215,12.372507061113607,10.043098580252888,1.436779332928889,0.6931413880183279,3.569734885579588,17.305736900192166,4.408249508788572,1.6002631563928797,9.577928058513153,5.3499674466124505,26.106086720031637,0.5534539276629589,0.8143911827531574,34.37365063970195,0.7662563199340202,model,Nikola Jokić,C,,31-60,2026,1610612743,C,heuristic,,False,False,False,False,True,True,2.206570188574533,-0.07639284992124379,3.2509303763838244,3.666262661562344,1.62324292631284,0.24489138413451972,2.474869126205485,0.4425481981112851,-2.7004755954646975,11.132446415898889,2
1641705,3,23.0,1.0,F,13.205392754259746,7.218228993946998,7.688143076511498,13.32833772097599,3.9652953872053134,1.2973819415632686,3.5357505698927323,3.2012035510214907,0.6140083828305758,0.32545928417306347,0.8187794211456987,31.673918982970985,0.6706379851821964,11.618515006575981,6.3508222320780385,6.764267248192069,11.726685809774155,3.488790134385824,1.1414769585290157,3.110863252632664,2.8165183867514925,17.96933723865402,6.3508222320780385,2.0669340575624955,9.20079966764299,5.53844282194951,26.006976214797984,0.5120277696080553,0.8187794211456987,31.673918982970985,0.6706379851821964,model,Victor Wembanyama,F,C,1-5,2026,1610612759,PF/C,heuristic,,False,False,False,True,True,True,1.4824758037764085,0.17466700026674717,2.269016782535887,-0.3532794404270384,0.09842261117552412,5.371866173337157,0.9541055381731174,0.5078167166411105,-0.992846595715298,9.512244589763615,3
1630178,6,26.0,21.0,G,11.75812992815981,8.352340707470837,5.662098807013298,3.759685775596351,6.213569877938596,1.5552763868605783,0.5618730102483571,2.3840288863650265,0.521621017177034,0.364850509202173,0.8799740187670304,37.440751478926884,0.7211693520268873,12.228700569365662,8.686608685992777,5.8887009522920355,3.9101516878599845,6.462242377690139,1.617519907819174,0.5843596594284799,2.479439807027105,20.915309255358437,8.686608685992777,3.1693136023244834,9.548060832070375,5.181903842305662,27.447339108770894,0.4565106217410671,0.8799740187670304,37.440751478926884,0.7211693520268873,model,Tyrese Maxey,G,,15-30,2026,1610612755,PG,heuristic,,True,False,False,False,False,False,2.1472979261157707,1.5864285190627323,-0.7958227913774666,1.3883554129517421,1.9212964641149761,-0.11677260613362116,-0.9780035454929566,1.8983223599186139,-0.7895609538932192,6.261540785266573,4
1630567,5,25.0,4.0,F,12.019981518536943,3.8689578836461003,4.689262080416893,8.154127719721703,6.383174881375541,1.47315030096745,1.338010352163565,2.8437176887826374,0.5593715405074572,0.3272035402288677,0.7886970286674555,33.642178168597084,0.8029618595586985,11.23273221749622,3.6155602902339004,4.382138621906426,7.620072709899273,5.965108517793041,1.3766662470630382,1.2503772960809438,2.6574682540893497,14.848292507730122,3.6155602902339004,1.1830241268754447,7.466294851484052,3.4561797103064964,19.571793540150043,0.5028386157935028,0.7886970286674555,33.642178168597084,0.8029618595586985,model,Scottie Barnes,F,G,1-5,2026,1610612761,SG/SF,heuristic,,False,True,True,False,False,False,0.9948287076853699,-0.5100518969135723,1.2083736990171787,1.4854567418493314,1.6435599215724295,1.803884120521147,0.6597502844523454,-0.18567663914638308,-1.4870620305386049,5.613062908499241,5
1629029,8,28.0,3.0,F,11.786616376847958,10.10704596666027,9.085977549417544,7.996091253896339,8.328706823236619,1.5813886368402128,0.49110144453066945,3.901061686438588,0.5641882349881969,0.35450525200563365,0.7811209110007483,35.43334885687039,0.7179539053745244,11.601091386748761,9.94795793469717,8.942961450394561,7.870230302518866,8.197610399842773,1.5564970902069437,0.48337135578244983,3.8396577679930446,21.54904932144593,9.94795793469717,3.5266033345812633,10.07180260800782,6.985534195176773,30.655742745773676,0.46738964943498523,0.7811209110007483,35.43334885687039,0.7179539053745244,model,Luka Dončić,F,G,1-5,2026,1610612747,PG/SG/SF,heuristic,,True,True,True,False,False,False,2.7732172973642766,1.9730600422083113,0.9239338124985934,2.307810210296749,1.6984872346778268,-0.3620011557536007,-0.5665413870018201,-0.6051490306327635,-2.743577217610022,5.39923980604755,6
1628378,9,30.0,13.0,G,11.179084449622152,9.405688152553372,6.091970938257485,4.970445863656091,6.195810701731973,1.5957563736807063,0.3549009904665592,2.8433277818170946,0.5499863737425659,0.3744695168404489,0.8508306550515273,32.60538417915745,0.7421323532906324,10.12495397919931,8.51877988009312,5.517529245837432,4.501758247950303,5.611577450869613,1.4452847116721823,0.3214356427701572,2.575216518706054,18.643733859292432,8.51877988009312,3.1900233857686078,8.758610109098798,4.694483022501822,25.401726626468026,0.4697884112271492,0.8508306550515273,32.60538417915745,0.7421323532906324,model,Donovan Mitchell,G,,6-14,2026,1610612739,PG,heuristic,,True,False,False,False,False,False,1.8809251448391742,1.7148329212259654,-0.47927093919356945,1.0162327448502437,1.4943709725741392,-0.7196722999927239,-0.42057123415192466,1.1769723167148838,-1.037808032715209,4.62601159415098,7
1641708,3,24.0,4.0,G,11.632018160004835,1.824114663087113,5.0058772131584615,7.938282236032855,5.431992696456608,1.5261796391447133,0.836226120889023,2.481551503820117,0.5788301033554092,0.30916412502777935,0.7521152579071797,35.341023802836744,0.8158123247272288,11.41909529632667,1.7907244368684776,4.914245159564201,7.7929728182575895,5.33256064395301,1.4982430820671697,0.8209190900803556,2.4361269656797795,13.209819733195149,1.7907244368684776,0.5536277536903058,7.16334386428834,3.6960787656047387,18.576394247871725,0.5422741573291472,0.7521152579071797,35.341023802836744,0.8158123247272288,model,Amen Thompson,G,F,1-5,2026,1610612745,SG/SF,heuristic,,False,True,True,False,False,False,0.8364431195025313,-1.2921255232466915,1.353566407659579,1.1557009028658554,2.174867129333482,0.7018006057008963,1.698762079046387,-1.0145717710558124,-1.1916738142092982,4.42276913559693,8
1627750,10,30.0,7.0,G,10.470008829403792,7.701450076546431,4.769210101838216,4.35875310873415,6.860100823020518,1.0919043552912813,0.465596142435184,2.349687757881876,0.5176795316934882,0.4003259995342243,0.8780775512238831,34.497382500579555,0.7528781994353848,10.03299720478855,7.379996363881665,4.570146253020581,4.17682147826645,6.573764502341095,1.0463289499592234,0.44616245045502395,2.2516132594605622,17.412993568670217,7.379996363881665,2.9544044209298685,8.148281715386881,4.012942830587316,23.26391068229095,0.4679426132705534,0.8780775512238831,34.497382500579555,0.7528781994353848,model,Jamal Murray,G,,6-14,2026,1610612743,PG,heuristic,,True,False,False,False,False,False,1.5032787631257813,1.4902046980763095,-0.5985128596584102,1.605152303129519,0.19952671908041264,-0.3987022983983933,-0.4612658873589978,1.502313028901606,-0.6021373088171237,4.239857158080703,9
202695,15,36.0,15.0,F,12.482692907466038,7.139795473760058,5.844280296252945,6.968158785534963,4.111031046975181,1.8644798943602992,0.5815135814088674,2.2512619779335385,0.5552345084852967,0.38028398177302347,0.8719004209310762,30.950693564989106,0.6807874431714749,10.731888973467896,6.138378384028994,5.024570237700796,5.990815202313313,3.53442394919681,1.6029707185674689,0.49995135172403343,1.9355033225981173,16.87026735749689,6.138378384028994,2.334326973508003,8.293042072810225,4.380924905249081,23.301336024377534,0.4915773945411081,0.8719004209310762,30.950693564989106,0.6807874431714749,model,Kawhi Leonard,F,,15-30,2026,1610612761,SF/PF,heuristic,,False,False,True,True,False,False,1.0366050409156857,0.49331842327379277,-0.03114981461923083,-0.3033895092866824,1.5793339552433099,-0.38401632914639144,0.30003922349263246,1.3778435110477218,0.15946438578474825,4.2280488867055865,10
1630530,5,27.0,17.0,F,7.3589400976673005,8.740426450327922,4.073484425092433,5.717185327771517,3.940733275057459,1.322478334384086,0.507088163178582,1.868606159882303,0.5643524757148293,0.38345982015483804,0.8665255836934663,34.96756357854623,0.7301998138267293,7.147894603774849,8.489761600151356,3.9566618227954864,5.553223373310617,3.827717815046234,1.2845512566340405,0.4925454884965359,1.8150167971929876,15.637656203926205,8.489761600151356,3.255482456351489,7.289414472140494,3.4285486954755133,21.26286009610799,0.4661449501818765,0.8665255836934663,34.96756357854623,0.7301998138267293,model,Trey Murphy III,F,,15-30,2026,1610612740,SF/PF,heuristic,,False,False,True,True,False,False,0.9413507326647864,1.7301099088774217,-0.04543307087295362,-0.011592484156690723,0.8824240729313085,-0.3204013018100476,-0.4550067154475426,1.07872563678216,0.1440143044769221,3.9441910834453644,11
1642851,1,21.0,4.0,G,7.765690338149121,9.45785634613373,4.004881944239689,6.054701224989559,4.4837477916532,0.896188922980773,0.2748903078799859,2.4895466537347315,0.5405256902908763,0.40257700628115584,0.854355891638492,33.661482821586254,0.8531236173958159,7.2612403309823605,8.843485247900306,3.7447295769029236,5.661395035411759,4.192488868473875,0.8379735565503661,0.257033760458964,2.327828664395256,16.104725578882665,8.843485247900306,3.5601838161912704,7.485070758463461,3.19933177661993,21.72965710973812,0.4647748092198644,0.854355891638492,33.661482821586254,0.8531236173958159,model,Kon Knueppel,G,F,1-5,2026,1610612766,SG/SF,heuristic,,False,True,True,False,False,False,1.792384574408299,2.76623277439567,0.4253719188349261,0.5750768204944857,-0.13170631976115163,-0.783189072729698,-0.5963136455507589,0.979939053604649,-1.1886542470937758,3.839141856602646,12
1626157,11,31.0,1.0,C,10.929022130123508,5.371578478641995,5.839379202906462,13.144935206188745,3.730161053028757,0.9769561698403062,0.7154235087549256,2.7724339743791773,0.5666789338552993,0.38500088727126625,0.8427653733021795,31.086235804956978,0.7508604405948536,9.437282195961462,4.638393200886031,5.042342190447556,11.350737651679557,3.221018502358849,0.8436080518545377,0.61777288593237,2.3940148967006984,14.075675396847494,4.638393200886031,1.7857854978541308,7.133694511153171,4.249511398449864,20.302685918610337,0.5068101039578458,0.8427653733021795,31.086235804956978,0.7508604405948536,model,Karl-Anthony Towns,C,F,1-5,2026,1610612752,PF/C,heuristic,,False,False,False,True,True,True,0.861768973758355,0.10358224573183762,2.6690721365137504,-0.29412548382914233,-0.5020341031675656,0.023139893424587603,0.6937208594593993,0.921062542064034,-0.8086755914151642,3.6675114725400917,13
1630217,6,29.0,30.0,G,9.783318835797521,6.555438924195211,4.286912594605962,4.973370036632506,5.035209280027166,1.1889813870890527,0.484797164447542,2.2370468275452216,0.5396643326931952,0.39248203808994175,0.8928735004054469,33.127749274485666,0.7877231543625792,9.002759262907036,6.032414918470639,3.9448823776594755,4.576570989522256,4.633476404813984,1.094118813431009,0.4461177475777713,2.058564622727824,15.035174181377675,6.032414918470639,2.367614501805526,7.226082571819735,3.522280937228578,20.342060582673575,0.4806118296101846,0.8928735004054469,33.127749274485666,0.7877231543625792,model,Desmond Bane,G,,15-30,2026,1610612753,PG/SG,heuristic,,True,True,False,False,False,False,1.081998590001058,0.9262802084327892,-0.31877069308157796,0.630001897927562,0.5364023948552238,-0.3475647320818166,-0.02748331667291587,1.6085384500162414,-0.4536364697458497,3.635766329650714,14
1628401,9,32.0,29.0,G,5.2816977187971945,8.998963745063127,2.6544832037187573,4.691666314553347,5.3902446984502514,1.1521657297856684,1.1412373210130053,1.8785567534010081,0.5176044426118568,0.3759743721834889,0.8761527338700872,32.42733263618381,0.7972819885188349,4.757538022533607,8.10589974283668,2.391050272893084,4.226061783333333,4.855312717418684,1.0378239269936487,1.0279800618143335,1.6921273532912227,12.863437765370287,8.10589974283668,3.047610566795325,5.510133383153548,2.0949252334160935,16.162802566518515,0.428356204900948,0.8761527338700872,32.42733263618381,0.7972819885188349,model,Derrick White,G,,15-30,2026,1610612738,PG/SG,heuristic,,True,True,False,False,False,False,0.19546099338409595,1.8127523591571442,-0.4619781743986586,0.7959783604323274,0.3799105795200729,1.1959047116429269,-1.4139891357196541,0.8122594893698298,0.0960460860573507,3.412345269445436,15
1630162,6,25.0,1.0,G,11.829672917768958,9.072988079092967,6.940275104379872,5.311017344190459,4.6726270861285295,1.2968433684800282,0.7231422745669314,3.0461483798612496,0.5384785186077982,0.3669490815415988,0.8172475341265918,35.69249494824122,0.7162359508437726,11.728626134911515,8.995488366068848,6.880992613957857,5.265651659098318,4.632714407407157,1.2857659827259316,0.7169653328288851,3.020128768327523,20.724114500980363,8.995488366068848,3.300886193947101,9.61649942037896,5.62347424610035,28.15735928080537,0.4640246230990495,0.8172475341265918,35.69249494824122,0.7162359508437726,model,Anthony Edwards,G,,1-5,2026,1610612750,PG/SG,heuristic,,True,True,False,False,False,False,2.2527277335890963,1.709800508121971,-0.21768550552887656,0.3810034715985436,0.8048370203331593,0.18684266301675992,-0.6731159656177971,0.510365193948171,-1.546128577258104,3.4086465422029235,16
201142,19,38.0,2.0,F,11.380972800924884,6.078468090290716,5.750810590174362,5.6528301085926875,4.712152149037629,0.842434689319572,1.0025443221987778,2.9768122318324894,0.5626824188860488,0.3842912843329758,0.8563422066787163,34.662926002941525,0.7479988626222362,10.958272723331927,5.8527080451385665,5.537220054004067,5.442878660037451,4.537138368241478,0.8111458693943154,0.9653088793068166,2.866250614351689,16.810980768470493,5.8527080451385665,2.24914469149224,8.415172094269657,4.741755239911483,23.82124411994304,0.500575915835474,0.8563422066787163,34.662926002941525,0.7479988626222362,model,Kevin Durant,F,,1-5,2026,1610612745,SF/PF,heuristic,,False,False,True,True,False,False,1.5889974347005358,0.6395681808246476,-0.03552713487059292,0.43778402951578127,-0.6233917083608591,0.8743351823176229,0.6220221359867336,1.3155009493525884,-1.5074505643278822,3.311838505138575,17
1642845,1,21.0,3.0,G,9.347053839868831,6.365827742304241,3.341653537103776,5.764821549888974,4.8384292005877905,1.4499296308919951,0.5144892550763326,2.144825836463795,0.5079907199470491,0.3642412737694991,0.8173256540788909,35.73907107869082,0.8093968551354543,9.279306154428392,6.319688059914255,3.3174331467475127,5.723037975762517,4.803360141917229,1.4394205038208046,0.5107602237887706,2.1292800839108907,15.598994214342646,6.319688059914255,2.3018912287690627,7.015692642766226,2.711423216528404,19.04469973082992,0.44975288447222955,0.8173256540788909,35.73907107869082,0.8093968551354543,model,VJ Edgecombe,G,,1-5,2026,1610612755,PG/SG,heuristic,,True,True,False,False,False,False,0.9098697228356635,0.9233274336797966,0.3052804646647113,0.8085650310043505,1.91473503612696,-0.14319496111793614,-1.0399731689975718,0.27920788878427755,-0.6591116890777281,3.298705757902524,18
1631105,4,23.0,13.0,C,13.67076391630429,0.5279664759420126,6.711893288283476,13.64286888713844,3.5670793487603145,0.958559131712717,1.1810416812937565,2.571057543546088,0.6549097499258973,0.3342187720159988,0.7323929292089572,28.88582876042565,0.783953130130065,10.969204041960325,0.423631922647399,5.385516671766853,10.94682151318944,2.8621678678650304,0.7691326370943289,0.9476491045771295,2.062975776002025,11.392835964607723,0.423631922647399,0.1415857409739903,7.325424416980369,3.944314330538999,18.73674890547373,0.6429851566139526,0.7323929292089572,28.88582876042565,0.783953130130065,model,Jalen Duren,C,,6-14,2026,1610612765,C,heuristic,,False,False,False,False,True,True,0.7047400958357066,-1.826820903392676,2.704903241303686,-0.4252589698829124,-0.6405401895923577,0.9431146932395621,3.7411880518147176,-1.5243672682698832,-0.44495637815657296,3.23200237289927,19
1630552,5,25.0,20.0,F,12.020370885224295,4.736282042751104,5.232072570047418,10.235255787590011,7.120788358952465,1.3113527351952594,0.6099634771947982,3.2017730045812605,0.5560147281909934,0.3428913234732194,0.7750239671243511,35.03045379513273,0.7192931781207248,11.696640191533566,4.608725257203039,5.0911632338285395,9.959601526348244,6.929012433144537,1.2760355944271793,0.5935360390164132,3.115543369430198,16.305365448736605,4.608725257203039,1.5802919029668034,8.083796119810188,3.9457735267594347,21.693657669346614,0.49577521860674073,0.7750239671243511,35.03045379513273,0.7192931781207248,model,Jalen Johnson,F,,15-30,2026,1610612737,PF,heuristic,,False,False,False,True,False,False,0.963379527028702,-0.2169001021979826,1.8434264140213106,1.631229959786614,0.7908894665674862,-0.0986265621882058,0.4341068858161229,-0.46739935360737106,-1.7032087854108078,3.1768974498158675,20
1642843,1,20.0,1.0,F,14.87476964029352,4.438311110335075,5.968268634184881,7.137543562418193,5.295215159779468,1.2723274216199865,0.9119701569630583,2.6717271879155384,0.5291565725157069,0.33886969331630085,0.8201439644197482,34.44395715566019,0.7240214271928995,14.231831338627362,4.246472159107554,5.710299698037073,6.829034573905291,5.06633789148462,1.2173330888402893,0.8725516948243411,2.5562460220048693,18.478303497734917,4.246472159107554,1.4390007182329865,8.969867810002667,4.683267832373016,24.062004170611335,0.48542702045684005,0.8201439644197482,34.44395715566019,0.7240214271928995,model,Cooper Flagg,F,,1-5,2026,1610612742,SF/PF,heuristic,,False,False,True,True,False,False,1.476864440141322,-0.36573756403025176,0.4949364040112319,0.6436912872494186,0.625105447967935,0.5766219988492176,0.13606312415868693,0.4937055156195196,-0.9160108023789634,3.165239851588117,21
1630700,4,24.0,8.0,G,9.595355244873486,2.4470920766275586,2.198688756912483,6.98504985710378,6.244487188778829,2.3913494067680445,0.6335745187598851,2.1965409611988633,0.5621121893749287,0.3127128060196479,0.6465109280653768,32.068318138735606,0.7851016292544012,8.547414017966341,2.179836867446437,1.9585625151314063,6.222188917570381,5.562505605083841,2.1301820432531753,0.5643797008941196,1.9566492874580348,10.727250885412777,2.179836867446437,0.6816629034842545,5.486268510617271,1.266232069331664,12.92043199405046,0.5114328516430668,0.6465109280653768,32.068318138735606,0.7851016292544012,model,Dyson Daniels,G,,6-14,2026,1610612737,PG,heuristic,,True,False,False,False,False,False,-0.5794282742078364,-1.16103620631103,0.4588977642836299,1.1682817967992205,4.221112208167782,-0.04532068762982161,0.6537952079730927,-1.2782486643438,-0.2813329037001251,3.1567202410311115,22
1630595,5,25.0,1.0,G,13.938670737510083,6.333901499130296,6.211599229243435,5.8387032874908895,9.868181982467364,1.278442604835871,0.7453608344174647,3.9592073467295776,0.5242308994856169,0.34962002533295056,0.8294566141744044,34.4951933626714,0.7020764045802103,13.356031730806109,6.069143248683717,5.951953236227026,5.59464441359065,9.45569015620116,1.2250034682469633,0.7142046141164595,3.793711749676277,19.425174979489825,6.069143248683717,2.1218940163541067,9.123538544153032,4.936886979045258,25.305858083705427,0.46967600311380303,0.8294566141744044,34.4951933626714,0.7020764045802103,model,Cade Cunningham,G,,1-5,2026,1610612765,PG,heuristic,,True,False,False,False,False,False,1.5744127278910829,0.33722485400704055,-0.12265120599068748,2.873014013734568,0.5281437905291433,0.14698395235191009,-0.41852447365557965,0.7120749051490586,-2.555515437204629,3.075163126811907,23
201935,17,37.0,3.0,G,7.496664159025531,8.3202982593148,6.837284657502359,5.247788266765336,8.381431087918958,1.2843090293521746,0.5665140839198646,3.6212438133427467,0.494363247361094,0.36084343331275404,0.8763997416260376,33.156396001682815,0.7673880301977027,6.904510154118694,7.663086220498714,6.297214380010513,4.833270719607116,7.719390228107116,1.1828627434927106,0.5217657029716,3.335205385939891,14.567596374617409,7.663086220498714,2.765174341576412,6.178510402804177,5.518877055604983,20.641072202789747,0.42412696260377025,0.8763997416260376,33.156396001682815,0.7673880301977027,model,James Harden,G,,1-5,2026,1610612739,PG,heuristic,,True,False,False,False,False,False,1.0299522707794793,1.3295652577733112,-0.2556308144441658,2.3365249984184,0.7448435316246313,-0.1860894416114792,-1.6639160571242029,2.065541718248205,-2.3455511342312536,3.0552403294329253,24
1628389,9,29.0,14.0,C,10.886028001762968,4.981150891937135,5.380945294474467,10.835691374818003,4.055379380310275,1.2689351257215293,0.7902046223034119,2.109623688537461,0.5287899242392705,0.34271217643252105,0.7670738365244905,32.21464523509619,0.8081718560904423,9.741375836003254,4.457389134617716,4.815145658082088,9.696332042132047,3.6289613341783267,1.135508191707535,0.7071155991843776,1.887799408494149,14.19876497062097,4.457389134617716,1.527601531531509,6.67874292183793,3.693572253369269,18.578659628576638,0.47037491892126454,0.7670738365244905,32.21464523509619,0.8081718560904423,model,Bam Adebayo,C,F,6-14,2026,1610612748,PF/C,heuristic,,False,False,False,True,True,True,0.7968570495228894,-0.0632823850148314,2.251969606384136,0.09184457840554626,0.7901714999788896,0.3779070304533522,-0.3313442773014121,-0.6660767130494315,-0.26014621591203735,2.9879001734671014,25
1631096,4,25.0,2.0,C,9.855758192561575,4.771393836083055,5.165173449344687,10.824279099212946,2.53056070329057,0.8337306620370958,2.3214950419637406,2.0452826317146933,0.6344058690438483,0.3508846866162942,0.7791483884080554,29.40082532268086,0.7019954546620119,8.049095140057881,3.896747686677612,4.218343398487003,8.84007608444181,2.066682589052402,0.6808991544643257,1.895940839340156,1.670361038626575,11.945842826735493,3.896747686677612,1.3673090908626433,6.473702288207679,3.2867154606829083,17.601429127960913,0.5419209328385902,0.7791483884080554,29.40082532268086,0.7019954546620119,model,Chet Holmgren,C,F,1-5,2026,1610612760,PF/C,heuristic,,False,False,False,True,True,True,0.04565490140605734,-0.494479210119033,1.2612714708479644,-1.0204022666142027,-1.2086748481622327,2.881726978201601,1.3142098381975582,-0.31108292210075245,0.4521438010739012,2.9203677427308614,26
1628969,8,30.0,10.0,G,7.751948654552187,6.117253046965642,1.9044509643660468,3.9382160707883367,4.152465058584845,1.191279901116209,0.6552321110444822,1.4973402323869263,0.5634421057386055,0.37078324162562887,0.8178608257005401,33.184620923579665,0.8617958270431332,7.145707708899104,5.638853429365764,1.7555134255564717,3.6302279840072313,3.8277216352096697,1.0981158870116905,0.6039897006102222,1.3802407779273564,12.784561138264868,5.638853429365764,2.090792353592032,6.11698495208673,1.4357656597539996,15.760527917519491,0.4784665571177309,0.8178608257005401,33.184620923579665,0.8617958270431332,model,Mikal Bridges,G,F,6-14,2026,1610612752,SG/SF,heuristic,,False,True,True,False,False,False,0.3921306262942874,0.8271000971848678,-0.6083082995669098,0.36644235921560697,0.9204855500939744,0.20991843679738678,-0.08687876756544052,0.16174903966538276,0.4180506686798233,2.6006897107989797,27
1630578,5,24.0,16.0,C,14.681537376035296,2.1885957418293676,5.955433064221535,10.257084221371395,6.508004999874901,1.255122738832262,1.0219920505403444,3.237319735897597,0.5549740619134914,0.31278708912815006,0.6934662301224129,33.327859728677126,0.8032258091461317,13.591783840828743,2.0261447746241448,5.513384382997253,9.495740670974813,6.024941048593336,1.1619598495020746,0.9461335473397695,2.9970260570798106,15.617928615452888,2.0261447746241448,0.6337519262068979,8.17683941300178,3.8233458832928906,20.81077663550335,0.5235546668404764,0.6934662301224129,33.327859728677126,0.8032258091461317,model,Alperen Sengun,C,,15-30,2026,1610612745,C,heuristic,,False,False,False,False,True,True,1.277480075359065,-1.2020475755447049,2.124941113808882,1.5227063261554,0.8612265140659471,0.9993131871604548,1.3683001716745369,-2.542803876793353,-2.038694709914437,2.37042122597179,28
1630596,5,26.0,3.0,C,11.136018000454056,3.5368066318546205,5.004083946793274,10.44523805898656,4.102744108491157,0.9345555630500301,1.7735431935320487,2.271891453201369,0.6272153979066405,0.3355582008920419,0.6640320214495498,31.603629761033215,0.7442907090027785,9.776071941626428,3.104886870263898,4.392978231877345,9.1696510106129,3.6017112724726332,0.8204263334929746,1.5569556237107596,1.9944448984508827,12.880958811890327,3.104886870263898,1.0418702521590764,7.17357310499024,2.917078215497382,18.30609467763694,0.5569129759477502,0.6640320214495498,31.603629761033215,0.7442907090027785,model,Evan Mobley,C,,1-5,2026,1610612739,C,heuristic,,False,False,False,False,True,True,0.40419534314510847,-0.7838961485537255,1.6374701861877663,-0.09735771383656695,-0.6056647072645001,2.3143015913138143,1.8753062758005594,-2.4043545247587548,-0.17699160852575854,2.163008693507943,29
1642270,2,23.0,7.0,C,8.17145389829884,3.765784033724273,3.7451870907426033,14.983045414063815,2.9273757357433485,0.8356547790615068,2.1842808121396824,1.9508891337744814,0.625863559430527,0.3333181395987239,0.6694190951448816,26.90378670642922,0.798236399912543,6.10675146559032,2.814273622938736,2.798880962916977,11.197240500908759,2.1877081223337598,0.6245077204466393,1.6323729187986669,1.4579529206377528,8.921025088529056,2.814273622938736,0.9380484483197001,4.760041657131645,1.8736243616141177,12.331756124197108,0.5335756384378137,0.6694190951448816,26.90378670642922,0.798236399912543,model,Donovan Clingan,C,,6-14,2026,1610612757,C,heuristic,,False,False,False,False,True,True,-0.664249353346265,-0.8257569471756536,2.921347571918486,-0.7986268809778809,-1.115406902106005,2.7896726500662834,0.9618330798327492,-1.5770069329464054,0.4698859992857525,2.161692284551061,30
1629638,7,28.0,17.0,G,6.943673149781372,8.498441709798977,3.7225669619443145,3.8829410886312927,4.305467811641216,1.2423458507595384,0.5694110397300634,2.108515080113028,0.5204078456314406,0.38756207994073594,0.8681786925802832,30.43070566178115,0.8525341568212431,5.8694687175724924,7.183710507074911,3.146676097922175,3.282239926949304,3.6394006586757457,1.0501516920721836,0.4813216597387314,1.782322271842957,13.053179224647405,7.183710507074911,2.7841337858140713,5.838651356127107,2.7318771406677014,17.193313638735987,0.44729726418697985,0.8681786925802832,30.43070566178115,0.8525341568212431,model,Nickeil Alexander-Walker,G,,15-30,2026,1610612737,PG/SG,heuristic,,True,True,False,False,False,False,0.696024529496348,1.7244852379076794,-0.8089825538934795,0.21934496178334972,0.6883621901314074,-0.1532981987951976,-0.9875120469984399,1.025904391842846,-0.2476875396463061,2.1566409718282076,31
203076,14,34.0,1.0,F,14.771175648748052,2.1749933454935184,5.947285122688629,12.340492606083531,3.342240559309762,1.2329861348934987,2.0042625643927523,2.2706456218524824,0.5728942805261721,0.3160150988591974,0.7816568196308556,29.984564293074996,0.6249002680670139,12.30297960900527,1.81156188347113,4.9535209202918224,10.278452609870229,2.7837674148207356,1.0269597787273375,1.669359436728829,1.8912311009784726,14.1145414924764,1.81156188347113,0.572480907694683,7.620787559123922,3.871953408530215,19.68600943447274,0.5399245567548969,0.7816568196308556,29.984564293074996,0.6249002680670139,model,Anthony Davis,F,C,1-5,2026,1610612764,PF/C,heuristic,,False,False,False,True,True,True,0.03030362319701061,-1.4395300151938049,1.3933037810052158,-0.8036786349056786,-0.4642320777171247,1.933045561659486,1.3365879184494036,-0.28266585888367,0.43349338984236957,2.136627687453207,32
1626164,11,30.0,13.0,G,12.481309665256052,6.5757027062353695,7.350392580079072,4.146966769135884,6.651625796313569,0.9133635645447585,0.3123783718899814,3.0439167538105214,0.5252498390222812,0.3556608259748696,0.8784385993558886,33.89668627650329,0.742408901905264,11.752084390085352,6.1915147689114995,6.920943091557719,3.904678654791208,6.263002023509372,0.8599999501045122,0.2941275464310993,2.866074757102987,17.943599158996854,6.1915147689114995,2.202079256746668,8.374859690815263,6.079623555569777,25.031422193946973,0.4667324329197434,0.8784385993558886,33.89668627650329,0.742408901905264,model,Devin Booker,G,,6-14,2026,1610612756,PG,heuristic,,True,False,False,False,False,False,1.8052313944840315,0.5649901172107537,-0.7478334269320299,1.3803531418219526,-0.47912382360425343,-0.7862177154876905,-0.5105309537306272,2.253595439906481,-1.4748645999222054,2.005599573746412,33
1630168,6,26.0,6.0,F,8.187181227587722,5.120771684193544,3.6488100856480297,9.454188176862141,3.555220002474268,1.184601000527399,1.180881433658398,1.931166492638519,0.5918260156927643,0.35608199168051385,0.7629828846668114,29.50276475252437,0.7805230260619422,6.709568937327896,4.196581176393059,2.9902773773197815,7.747908047446139,2.913578316012985,0.9708056845601347,0.9677574204957619,1.5826319647297726,10.906150113720955,4.196581176393059,1.4943269835389945,5.465224434733698,2.2815304593013543,14.706306312307746,0.5011139932741193,0.7629828846668114,29.50276475252437,0.7805230260619422,model,Onyeka Okongwu,F,C,6-14,2026,1610612737,PF/C,heuristic,,False,False,False,True,True,True,-0.20228864421319934,-0.17034074028772941,1.165110880923772,-0.4025119143024682,0.06304771978858284,0.9841415548820879,0.43296587257153885,-0.45177204464346593,0.325665831801551,1.7440185165206699,34
1630202,6,29.0,26.0,G,6.507363362772129,8.708021891865357,2.094293611588595,4.573535354986005,5.627734527536056,0.941687594183787,0.14519244697101757,1.7086554708223065,0.5485816115089928,0.397126139685307,0.861249711927907,30.084499164447003,0.8667912970895574,5.438076879168643,7.277124370272487,1.7501604002206603,3.8220144601568133,4.70298818587189,0.7869499900108958,0.12133450137732206,1.4278901134522635,12.71520124944113,7.277124370272487,2.8899363091761834,5.873165287060312,1.5073251405176742,16.14359202381448,0.4619010876700402,0.861249711927907,30.084499164447003,0.8667912970895574,model,Payton Pritchard,G,,15-30,2026,1610612738,PG/SG,heuristic,,True,True,False,False,False,False,0.5081942035346979,1.930732977939591,-0.49628973638239693,0.9501714325156849,-0.2806938091329543,-1.1593859599242984,-0.5605105131258812,0.5225896601850324,0.32082006899479676,1.7356283246042725,35
1628973,8,30.0,33.0,G,12.654329849106901,7.368400312290236,6.08099756370846,3.3743456493512753,7.068852771212908,0.9042953195961146,0.13089715885928413,2.604841756824652,0.5227029947354682,0.373104311493443,0.8350337709990245,34.10043592782529,0.7682411986843335,11.986615673028803,6.9796017427728065,5.7601296610695005,3.1962960448344218,6.695860027999334,0.8565795723810999,0.12399028274487185,2.4673955397423026,18.96621741580161,6.9796017427728065,2.6041195027356827,8.869559411770938,4.8099027923261986,25.153141118603756,0.46765041322268663,0.8350337709990245,34.10043592782529,0.7682411986843335,model,Jalen Brunson,G,,31-60,2026,1610612752,PG,heuristic,,True,False,False,False,False,False,2.014356741554605,1.1390647041567483,-1.0171916020776313,1.7513418986037548,-0.39007718042078604,-1.1920810882177855,-0.5237065454050014,0.8892011330137406,-1.0063441194912115,1.6645639417164335,36
1628384,9,29.0,23.0,F,6.666805933584206,6.486426955285273,3.216795349233974,5.3496479909709205,2.526749986919076,1.5316397679403921,0.8333889021790009,1.6755130947660113,0.5694285858459077,0.37868009796646673,0.8102690909459723,33.27091979259402,0.7355455856317252,6.161410152474167,5.994705304717115,2.972937223709806,4.944103034061257,2.335202670853405,1.4155295519525586,0.7702115366787645,1.5484961607611374,12.156115457191282,5.994705304717115,2.2700755920703752,5.778558662010359,2.4088791416947872,16.23607205778588,0.4753622719659095,0.8102690909459723,33.27091979259402,0.7355455856317252,model,OG Anunoby,F,G,15-30,2026,1610612752,SG/SF,heuristic,,False,True,True,False,False,False,-0.0712518794043941,0.6197700442104008,-0.29960680047185634,-0.8201361752870369,1.3516005253511518,0.3616036194184784,-0.14250723652232444,0.14289446454297902,0.51991967336743,1.662286235204828,37
1642852,1,22.0,13.0,C,11.938146479374078,2.2960905503991795,5.085781777239695,10.195500883769451,5.681190213627221,1.3992483324081573,1.2564202033229457,3.2168480226460643,0.5371311012029402,0.3332475637311912,0.7830798223179432,27.179843559056362,0.8500757312335704,9.013248713735747,1.7335383877021475,3.839743141135404,7.6975588618631825,4.28927392321194,1.0564264104201169,0.9485917936320958,2.428706278021662,10.746787101437894,1.7335383877021475,0.5776974443362378,5.418993651361103,3.0068253767068533,14.422510123765298,0.5042431379920101,0.7830798223179432,27.179843559056362,0.8500757312335704,model,Derik Queen,C,,6-14,2026,1610612740,C,heuristic,,False,False,False,False,True,True,0.018558830123595042,-1.2302363137867216,1.4665152491358255,0.6272333442719027,0.7008738713293612,1.1523371528925288,0.538811191405039,-0.2726313804265016,-1.3473369697237934,1.654124975221236,38
1641717,3,23.0,10.0,G,5.962163793421438,5.446654258480398,1.5727637962511551,4.23802512749061,4.018965007631937,2.254809674009203,0.6219249558710117,1.4485001396711599,0.5281502608251113,0.3631125333207454,0.8092901647487221,28.121501165094905,0.8257822143034534,4.657361001755213,4.254669279881267,1.228568859130443,3.310545237789685,3.1394258095721437,1.7613509131865852,0.48581842697578476,1.1314999545945181,8.91203028163648,4.254669279881267,1.5449237406596386,4.0047101684933555,0.9942686944108257,10.548612772057176,0.4493600270574919,0.8092901647487221,28.121501165094905,0.8257822143034534,model,Cason Wallace,G,,6-14,2026,1610612760,PG/SG,heuristic,,True,True,False,False,False,False,-0.9843250066689861,0.0013940194421535193,-0.8481292250825888,-0.16357984956863542,3.230470413417996,-0.18350653015346266,-0.6136862147152139,0.06085780335813235,0.9327055177776896,1.4322009278070844,39
1642276,2,23.0,15.0,C,8.917868020566015,4.572522935030479,2.3942797577405543,13.844144874878554,1.7554595046275678,1.1369338640553557,1.6512638333336453,1.5788028756634453,0.6176731708535054,0.3564167433138847,0.722528370615981,24.448896965718344,0.7851961133221192,6.056445455241475,3.105365058665117,1.6260416417806638,9.402057545121762,1.1921957932258436,0.7721327471979282,1.1214327590108724,1.0722219121187613,9.161810513906591,3.105365058665117,1.1068041010101515,4.847707969450455,1.1748612179895177,11.97708125790058,0.5291211777510769,0.722528370615981,24.448896965718344,0.7851961133221192,model,Kel'el Ware,C,,15-30,2026,1610612749,C,heuristic,,False,False,False,False,True,True,-0.7883744650753305,-0.6369765688644536,1.9762309647638931,-1.4066764548996158,-0.625485374302614,1.3968597162916192,0.8885326737733906,-0.5299403327639624,1.1192467652236118,1.3934169241465384,40
1641824,2,22.0,11.0,F,8.168815827623131,7.711592552445177,4.23321786374294,7.05411842644981,2.8245028429386476,0.8771635554631172,1.6333791303840075,2.4032311625349188,0.579117826300113,0.35752525150622827,0.7888220919856613,28.815424934312983,0.8167620787577614,6.538552757863948,6.172578231083085,3.3883880995354847,5.646317222086625,2.260812490207006,0.7021066829878483,1.3074031589126052,1.92361464343963,12.711130988947033,6.172578231083085,2.2068525845098494,5.993445044792628,2.6728353891349004,16.866578063230005,0.47151154763523634,0.7888220919856613,28.815424934312983,0.8167620787577614,model,Matas Buzelis,F,,6-14,2026,1610612741,SF/PF,heuristic,,False,False,True,True,False,False,0.44683965997534353,0.8281005192823325,0.2928186479780644,-0.7233992755390847,-0.7746905645324258,2.01432528073542,-0.26917106666920737,-0.144142591834521,-0.3518737882295339,1.318806821166388,41
1631114,4,26.0,12.0,G,13.049284815180952,4.623039387136552,4.765352984910247,5.635836819817399,6.319896545495909,1.5410872527807682,0.6361157713187634,2.447738658729394,0.5432750260847811,0.36059250525847314,0.8110380539141104,30.284236006270753,0.7123570103305101,10.977433918221811,3.8890337740646843,4.008752068005797,4.741028120671682,5.316478847750371,1.2964069463741172,0.5351188929424552,2.0591082006287107,14.866467692286495,3.8890337740646843,1.4023564316247994,7.366122129890714,3.251250475859587,19.385851167265812,0.49548569857738606,0.8110380539141104,30.284236006270753,0.7123570103305101,model,Jalen Williams,G,F,6-14,2026,1610612760,SG/SF,heuristic,,False,True,True,False,False,False,0.4563519720704084,-0.433055484672543,-0.45715310521790176,0.733070278813021,0.8166235728147017,-0.24939140110521033,0.38402814425902587,0.19862992830545073,-0.14143234087712975,1.307671564389823,42
1642263,2,23.0,3.0,G,6.304538028302227,9.668419681969132,1.9323319506502084,4.052438105190851,4.886674970056523,1.9157507317145597,0.8454946675441711,2.106864365634684,0.4980083305991453,0.37685079796419396,0.8077075967872516,27.584178177320663,0.7903772830604159,4.830708341621738,7.40820586668196,1.4806052451240261,3.1050881873930045,3.7443031407970073,1.4679002646374124,0.647840987708692,1.6143367238087445,12.238914208303697,7.40820586668196,2.79178829234212,5.197521289164527,1.1958961043297267,14.3827269750009,0.4246717642352768,0.8077075967872516,27.584178177320663,0.7903772830604159,model,Reed Sheppard,G,,1-5,2026,1610612745,PG/SG,heuristic,,True,True,False,False,False,False,-0.2336039710968974,1.4623592143052244,-1.0180027836542078,0.1117984670821607,1.8926080205244262,0.18197149292879453,-1.4261415314242871,0.060057782892914406,0.24365135668472035,1.274698048242848,43
1628368,9,29.0,5.0,G,10.967453106975782,6.357695391092071,4.425007083514018,4.503399761646016,6.806557432564707,1.5481523319710588,0.3955871444891429,2.6959594524511115,0.5533304391173908,0.34601207293570324,0.7791234682547159,32.157769661668254,0.7556824998287708,9.796911966368752,5.679147332383019,3.952732181747061,4.022758117484009,6.080102947370331,1.3829201692416633,0.3533666742666371,2.4082234191422254,15.476059298751771,5.679147332383019,1.9650535409851178,7.38598314133036,3.0796664065248,19.81668623017064,0.47725218666783475,0.7791234682547159,32.157769661668254,0.7556824998287708,model,De'Aaron Fox,G,,1-5,2026,1610612759,PG,heuristic,,True,False,False,False,False,False,0.7856603765313873,0.32972983753412255,-0.662130746221954,1.3390152200578156,1.3691572693514982,-0.6257623633511067,-0.12905988930516754,-0.3141958297466423,-0.8536247916328052,1.2387890832171478,44
1628369,9,29.0,3.0,F,9.67222799840529,9.044367613924951,5.7004044436594805,9.0204709502989,5.586696331242026,1.1288730668779914,0.5179947902584745,2.7424464882123774,0.5463180221855825,0.36135709199629945,0.8171360226125004,32.83619893284447,0.6492991302550304,8.82220007442956,8.2495181720171,5.199433730824259,8.227721627554423,5.095718669723764,1.0296639053871102,0.4724716660862309,2.501431068045065,17.071718246446657,8.2495181720171,2.981021897010727,7.800748792998583,4.248644598643009,22.8311640816509,0.45693987449811896,0.8171360226125004,32.83619893284447,0.6492991302550304,model,Jayson Tatum,F,G,1-5,2026,1610612738,SG/SF,heuristic,,False,True,True,False,False,False,0.7430322120956593,1.0370148761650981,0.7366767352329767,0.3738956261176815,-0.34234390747596183,-0.4947397185975364,-0.7063793696927613,0.3475413815610532,-0.4588775652893676,1.2358202701168413,45
201939,17,39.0,7.0,G,7.5325827187407,12.249233324244077,4.992071718818368,4.560932940244809,6.067558590857944,1.2025668936144678,0.45217925203703885,3.1418321185144618,0.5355595675338761,0.3963854595177999,0.9167646481592547,29.161821019212653,0.6610707801679433,6.101773029342516,9.92249860622725,4.043830610534847,3.6945863912236234,4.915029379171819,0.9741400143115458,0.3662880671251549,2.54504294201479,16.024271635569768,9.92249860622725,3.9331341695941178,7.200997094378664,3.7072409468826035,22.04236930523405,0.4493806182362947,0.9167646481592547,29.161821019212653,0.6610707801679433,model,Stephen Curry,G,,6-14,2026,1610612744,PG,heuristic,,True,False,False,False,False,False,0.6716343330267323,2.0800140061517935,-1.025176923569058,0.32926879591694674,-0.4541034221546693,-0.7078218111357454,-0.8827793695817059,1.7334685507704235,-0.5764421837846461,1.168061975640071,46
1629008,8,29.0,14.0,F,8.667184594577387,8.8058225551413,3.8269830711542023,7.702501044969047,3.0800748303392464,0.9002510798684987,0.5005638266697118,2.1029537313072595,0.5683541383942207,0.3836675507494128,0.8222088546248066,32.12824287687478,0.7220054094096908,7.735039214258049,7.858766827284493,3.415395599881399,6.874106231448537,2.7488164507802275,0.8034301484495534,0.4467287832950652,1.8767835621741584,15.593806041542543,7.858766827284493,3.015153820534975,7.411395368600118,2.8081685042690894,20.646113062004304,0.47527815524034706,0.8222088546248066,32.12824287687478,0.7220054094096908,model,Michael Porter Jr.,F,,6-14,2026,1610612751,SF/PF,heuristic,,False,False,True,True,False,False,0.766300521876627,1.4158857985015088,0.5063431130244003,-0.6197454283005754,-0.7445654236496521,-0.44276523043041804,-0.1818990796294171,0.32234859104423164,0.08405243832877249,1.1059553007654774,47
1630559,5,29.0,61.0,G,8.628862534296276,6.917904192404853,6.148851911652241,4.811041142937643,6.161132909974479,1.1188627055970943,0.32999033828681773,2.797839274565954,0.5617689375198612,0.3665266259441409,0.8664927504904726,33.08833373593909,0.7033996960023223,7.9309634248982315,6.358386740876221,5.651535115156011,4.421925970968183,5.66282283101981,1.0283695168747895,0.30330084563526843,2.5715511015654444,14.289350165774453,6.358386740876221,2.330518038581324,6.785886935295283,4.8970142064250215,20.799306115596913,0.47489122014440477,0.8664927504904726,33.08833373593909,0.7033996960023223,model,Austin Reaves,G,,undrafted,2026,1610612747,PG,heuristic,,True,False,False,False,False,False,0.688208684378584,0.5719629117594587,-0.6193258150112584,0.8801644641058481,-0.09324855744146304,-0.8027715368688856,-0.1724759554927591,1.483541837434767,-0.8313853676794632,1.1046706651848286,48
201942,17,37.0,9.0,G,12.24802721429364,3.045808215631638,5.888003380885709,3.6300960568702325,4.802941983057947,1.0737565097476505,0.42538636083424297,1.6782158226226986,0.5209268480754398,0.34262603108898415,0.8587897818579425,31.318566346501544,0.8228737805018642,10.655295914572552,2.6497318522216373,5.122328459241513,3.158039005590667,4.1783682542999445,0.9341254025144368,0.3700691934634468,1.4599809329043794,13.30502776679419,2.6497318522216373,0.9078671079767623,6.4584968240661516,4.399003340116749,18.223864096225817,0.4854177636656153,0.8587897818579425,31.318566346501544,0.8228737805018642,model,DeMar DeRozan,G,F,6-14,2026,1610612743,SG/SF,heuristic,,False,True,True,False,False,False,0.7915422637117355,-0.8284635081548204,-0.9302242953817513,0.47117744974194253,0.112740072778912,-0.5021746690981661,0.11108344206902258,1.3952359230939535,0.39405562506522723,1.0149723038260554,49
1630183,6,26.0,28.0,F,8.257861822127197,4.5490494285573355,2.7402975873824404,5.240722940064753,3.0744710842384153,1.3037466138500917,1.0033005725370656,1.7725950880952037,0.563715399643403,0.3604219721163521,0.8103382262182747,30.967049033336554,0.808491529395576,7.103378109898078,3.913073241922407,2.3571924931779416,4.50804789597547,2.6446471338107336,1.1214773699483969,0.863034945136943,1.5247788613693252,11.016451351820486,3.913073241922407,1.410357574889401,5.414641204928797,1.9101231837768458,14.14976316852384,0.49150502571175236,0.8103382262182747,30.967049033336554,0.808491529395576,model,Jaden McDaniels,F,,15-30,2026,1610612750,SF,heuristic,,False,False,True,False,False,False,-0.2132084701974721,-0.21129829463418884,-0.29468227279811515,-0.5045339808980291,0.7402532216514435,0.7942444894494967,0.23100941292188737,0.12525617386157503,0.33072919367294934,0.9977694730295468,50
1629639,7,27.0,13.0,G,9.474949244162419,8.237195642449876,3.9637957475688648,5.399515465202716,5.189296947372824,0.9227919616270722,0.32851443184698587,2.348176935615279,0.5466858157091592,0.39331620139049933,0.8783291711290435,32.10175908506061,0.6959164856629009,8.448959388313307,7.345235279178804,3.5345782264123167,4.81483179555546,4.6273766784834125,0.8228679232717435,0.29294142075326396,2.0939058410060434,15.79419466749211,7.345235279178804,2.889000038326091,7.50792629341971,3.104523163895495,21.009375789061004,0.4753598680705548,0.8783291711290435,32.10175908506061,0.6959164856629009,model,Tyler Herro,G,,6-14,2026,1610612749,PG/SG,heuristic,,True,True,False,False,False,False,0.685537252012995,1.1546206769892235,-0.47330443876597483,0.307568613260017,-0.7783580629414667,-0.8340217201089908,-0.175249587618594,1.077379094417217,-0.12199192723426787,0.8421799000101584,51
1630163,6,25.0,3.0,G,8.668393660817658,12.305595450180341,3.788376083879,5.996842152780765,8.536613682932833,1.4965426443022598,0.32621227530703334,3.443460035806683,0.4868165572492894,0.37906720725682674,0.8666853855294766,28.845704091945667,0.6783227394659511,6.94571995812344,9.86009902864153,3.0355104306827108,4.805087061811677,6.840128673475972,1.199134063292247,0.26138396568519434,2.7591397012588947,16.80581898676497,9.86009902864153,3.7376402020628947,7.118931679694226,2.630832527894993,20.60633608934634,0.4235992119932135,0.8666853855294766,28.845704091945667,0.6783227394659511,model,LaMelo Ball,G,,1-5,2026,1610612750,PG,heuristic,,True,False,False,False,False,False,0.503848903528717,1.9783773412117662,-0.5287877112296645,1.3729280432722955,0.3160925278337721,-0.9215848470716106,-1.7123823391617765,0.7705929098795066,-0.9579926579953654,0.8210921702676407,52
1628374,9,30.0,7.0,F,9.702977931927043,8.4200288478408,5.6314640001117775,7.295803314683781,2.2518141120573345,0.9966662145352287,0.49214924789191994,1.6450291550450686,0.5523120013112491,0.38204879740048814,0.8801188418303474,31.53095294441269,0.6223738795132424,8.498448349785175,7.374764816440713,4.932372955435514,6.390100861305123,1.972273466856785,0.8729398753276728,0.4310537438030062,1.4408149133309174,15.873213166225888,7.374764816440713,2.817520029232606,7.511315045342739,4.341074373013232,22.181224492931317,0.4732069661437474,0.8801188418303474,31.53095294441269,0.6223738795132424,model,Lauri Markkanen,F,C,6-14,2026,1610612762,PF/C,heuristic,,False,False,False,True,True,True,0.4550431200475959,0.751312154317562,-0.09278095588845393,-1.187994964028721,-0.9117926866402545,-0.6216625381808716,-0.2126850249389087,1.3746438502927525,1.0086529625753369,0.5627359175560374,53
1627759,10,30.0,3.0,G,14.57155381472148,6.0513641580617366,6.709980795690139,6.804847633518839,5.2813869760641605,1.1660736267138698,0.44161738684815693,3.288563629009809,0.5317906142806041,0.342563026969631,0.7781359626828492,33.34281353097854,0.7566354295419283,13.496016713913258,5.604708520286095,6.21471217964287,6.302576826420534,4.891563920217942,1.08000487496979,0.40902128282544753,3.0458323296342265,19.100725234199352,5.604708520286095,1.919965915991686,9.097020934624918,4.835891044703233,24.949898829944757,0.4762657345772892,0.7781359626828492,33.34281353097854,0.7566354295419283,model,Jaylen Brown,G,F,1-5,2026,1610612755,SG/SF,heuristic,,False,True,True,False,False,False,1.8884224717015061,0.27912266154780746,0.38823955250477743,0.6684525687090086,0.33323100927238786,-0.48582336455563324,-0.1964695384803401,-0.5200445848666696,-1.8315038457322206,0.523626930100624,54
1628970,8,29.0,12.0,F,9.097183011944727,6.966432921968422,3.9493001579886653,7.204648480439019,3.803321191764762,0.804404298499778,0.5676290358100118,1.8828436829199588,0.5467445098420053,0.35647635743537764,0.831331741291293,30.918377484312035,0.78306236280585,7.813059400199383,5.9830778555710715,3.39183203009852,6.187667815555241,3.266458897251845,0.6908576597505376,0.4875046888952783,1.6170686592353223,13.796137255770454,5.9830778555710715,2.132825800206246,6.404573132334729,2.819737627749384,17.76170969262509,0.464229444343627,0.831331741291293,30.918377484312035,0.78306236280585,model,Miles Bridges,F,,6-14,2026,1610612756,SF/PF,heuristic,,False,False,True,True,False,False,0.48429060859755096,0.6203845845265585,0.4347648249156085,-0.18957764057186458,-0.9222954159968434,-0.2475752665753171,-0.4841648920382129,0.4798671571572813,0.26315814349445893,0.4388521035092204,55
1628991,8,27.0,4.0,F,11.887787317990124,6.17753085147081,5.6304550574936405,6.700322781822102,2.582801436928141,1.3688288152010721,1.6655325611913674,2.429642019262684,0.5493169137542911,0.34680900814839566,0.7935824309143528,29.431318871780107,0.6742996166940172,9.718701645435305,5.050357786941575,4.6031032830645096,5.477759342657195,2.111534796464555,1.1190677039184367,1.3616338861043265,1.9863213614776603,14.76905943237688,5.050357786941575,1.7515095748837342,7.0901567684530065,3.6529418931241717,19.58476500491392,0.48006826710371914,0.7935824309143528,29.431318871780107,0.6742996166940172,model,Jaren Jackson Jr.,F,C,1-5,2026,1610612762,PF/C,heuristic,,False,False,False,True,True,True,0.2857897508744749,-0.14729037778774304,-0.26495269885602696,-1.0406615709063314,0.04873129014422408,1.5208342539764366,-0.03715157144429709,-0.0807606601719756,0.115668789886002,0.40020720571476354,56
1630166,6,26.0,9.0,F,10.635287842034918,6.118494204399846,8.301287337580922,7.846980351919041,6.558927976640459,0.9869504752174965,0.6113970404300064,3.6479032744435784,0.5574405005008163,0.340807679513268,0.7888254819787884,31.941137340420724,0.7598646797472335,9.436199711592892,5.428657324980659,7.365348859776881,6.962263253561918,5.819433869661131,0.875675574364321,0.5424643566083777,3.2366160970436892,14.86485703657355,5.428657324980659,1.8501281057993633,7.110247995855364,5.809974864255418,21.880598961765507,0.478326026167711,0.7888254819787884,31.941137340420724,0.7598646797472335,model,Deni Avdija,F,,6-14,2026,1610612757,SF/PF,heuristic,,False,False,True,True,False,False,1.2522033113727937,0.20556042452233902,0.7051596667744184,1.2094463397700077,-0.35673157917532694,-0.14717819582869676,-0.09318531224505615,-0.2913925162625964,-2.1438022753725585,0.34007986355532394,57
1629675,7,27.0,61.0,C,7.0710474889444175,7.902916707748842,2.238889208645877,8.35779122867368,3.0991610748593867,1.1717411136116493,1.2257560423235752,2.0561996623934324,0.5553126214307332,0.37169820055883573,0.742677462857907,25.634350088234644,0.8322057377542116,5.035047411725936,5.627392600127572,1.5942352717555286,5.951292953338831,2.2068049992437526,0.8343561644194151,0.8728183197692079,1.4641483888084204,10.662440011853509,5.627392600127572,2.0916917033055262,4.887717080539083,1.184002606825982,13.051128471209676,0.45840511881946105,0.742677462857907,25.634350088234644,0.8322057377542116,model,Naz Reid,C,F,undrafted,2026,1610612766,PF/C,heuristic,,False,False,False,True,True,True,-0.3767329313440512,0.731169581430936,0.49999909632497325,-0.7309268102301708,-0.2250759202944006,0.8885591051974476,-0.5317354159702163,-0.404311472753932,0.35957359755746177,0.2105188299180477,58
1641739,3,27.0,52.0,F,4.695398240668022,6.9996989755519605,2.037155863169638,5.891016528981325,2.967191797600261,1.3639339339657433,0.5762637686843082,1.8128947936514972,0.5578688189043706,0.3615024025624187,0.7279252751225231,31.951448341488476,0.8539366678505736,4.167354842483894,6.21251445064773,1.808057786822918,5.22851417512782,2.6335020955642516,1.2105462397863778,0.5114572787830038,1.6090170652197004,10.379869293131623,6.21251445064773,2.2458388998628993,4.570676223794798,1.3161309619104928,12.703322309362989,0.4403404411671371,0.7279252751225231,31.951448341488476,0.8539366678505736,model,Toumani Camara,F,,31-60,2026,1610612757,SF/PF,heuristic,,False,False,True,True,False,False,-0.38051667221931,1.009122143298918,0.20358110368744017,-0.4214775795184331,1.3177027333041798,-0.06623324173199903,-0.9465160686067677,-0.5952239298386854,0.045821902839867035,0.16626039121520947,59
1630591,5,26.0,5.0,G,7.0587959240348495,7.945688287340279,3.1279766187505094,4.907145767938917,6.341577799916539,2.0388975195688044,0.9097343266394085,3.064258658186287,0.5402866692171719,0.3560010220995666,0.8351162888789039,27.986441214836724,0.6971825950124625,5.487516032653621,6.176987171251817,2.431692604501247,3.814820737973814,4.929949841852162,1.585041265958021,0.7072285070448021,2.3821581890106938,11.664503203905438,6.176987171251817,2.1990137464615573,5.163845506019812,2.0307461035653573,14.55745086206654,0.4426974227492933,0.8351162888789039,27.986441214836724,0.6971825950124625,model,Jalen Suggs,G,,1-5,2026,1610612753,PG,heuristic,,True,False,False,False,False,False,-0.5779168546724934,0.4053173185227228,-0.8931877792600057,0.47028101820185,1.6419810803193005,0.1194266963688507,-0.8186856724885807,0.34142928997319366,-0.5327577022696427,0.15588739469519497,60
1630581,5,24.0,6.0,G,9.665123194248732,5.662480779480582,4.623709333065124,9.238901547816509,9.34651858910061,1.2152382817113194,0.6409704299573376,3.745152527414701,0.5219663730659782,0.345603576062259,0.7784925303960788,30.50046466225977,0.7267013555575383,8.18863190118252,4.797452636535351,3.9173689756031527,7.827521949368737,7.918698887278256,1.029592562987816,0.5430526652352007,3.1730247865884706,12.986084537717872,4.797452636535351,1.6580167871759304,5.932207281008536,3.0496424863123934,16.572073835505392,0.456812618443884,0.7784925303960788,30.50046466225977,0.7267013555575383,model,Josh Giddey,G,,6-14,2026,1610612741,PG,heuristic,,True,False,False,False,False,False,-0.04283346515328181,-0.10987013205922995,0.9469046978466765,2.209512817093272,0.019725303467603428,-0.20507781723917642,-0.6044968076060214,-0.30927740786861013,-1.834039182663933,0.0705480058172987,61
1627734,10,31.0,11.0,F,11.425717328831286,2.007165522228167,4.722345729828875,13.742443793046155,6.30656965511147,0.907202601407857,0.49202138015624086,3.076951927893595,0.6086379469535323,0.3476855884053928,0.7345852246610521,30.145118497801683,0.7030924419074496,9.567488966666811,1.6807289586741692,3.954324211479978,11.5074332386321,5.280896932443765,0.7596591644709388,0.4120011891183836,2.57653001328866,11.248217925340981,1.6807289586741692,0.5843652369466117,6.407502079119273,2.9047881392726578,16.304157534457815,0.5696459760691411,0.7345852246610521,30.145118497801683,0.7030924419074496,model,Domantas Sabonis,F,C,6-14,2026,1610612758,PF/C,heuristic,,False,False,False,True,True,True,-0.2066062674481151,-1.3561545998590956,2.406586319834221,0.6773295077056235,-0.9535443858750486,-0.5511166265244611,1.8081701942568293,-0.9704492098727546,-0.8368534499613077,0.01736148225589107,62
1641706,3,24.0,2.0,F,8.870687333278777,9.680872427898413,4.088749366083266,5.633711611741441,3.889306501744221,1.148572553555324,0.7460787431397583,2.672723785043596,0.5102387436662209,0.37075677317350203,0.8617550800996692,31.619115396318055,0.6857231045209189,7.7912024009888485,8.502795067632045,3.5911843898002522,4.948138265589711,3.4160119747305724,1.0088013364419302,0.6552874965021098,2.347476716160484,16.293997468620894,8.502795067632045,3.1524688622308257,7.12784218696062,3.094721391484998,20.502874627637063,0.43745202493663526,0.8617550800996692,31.619115396318055,0.6857231045209189,model,Brandon Miller,F,,1-5,2026,1610612766,SF/PF,heuristic,,False,False,True,True,False,False,0.5268906517137494,1.391970565454661,-0.4475851314345306,-0.35123573686512455,-0.2368845106639434,-0.024714552599559216,-1.276843529967478,0.8551247005168706,-0.4297106023884529,0.007011853766192566,63
1630193,6,28.0,25.0,G,7.15181562166736,8.008005140072896,3.6643247498685683,4.57329010533127,6.573573143870142,1.2838963207562448,0.11194024172134892,1.9172147253822303,0.5097219317256511,0.37754030817787665,0.8356450855265967,30.80595875533286,0.7308555890666192,6.119959362967498,6.8526187793772,3.135639919738792,3.913460732250194,5.625145087367427,1.098657141759458,0.09578962415360738,1.6406010487567169,12.972578142344698,6.8526187793772,2.587139805791573,5.706617314365851,2.6202820889107334,16.620656523434008,0.4398984728978801,0.8356450855265967,30.80595875533286,0.7308555890666192,model,Immanuel Quickley,G,,15-30,2026,1610612761,PG,heuristic,,True,False,False,False,False,False,-0.013348752669599638,0.9667768638292379,-0.7713421965674042,0.9761831241441873,0.2686318781293871,-1.275312176686063,-1.0233074978951937,0.4681688781339031,0.398771370150985,-0.004778509430560018,64
203497,13,35.0,27.0,C,7.720491010792873,0.009400021393818625,4.150302518571174,12.849542173479401,2.1336014248867414,0.8550852992495197,1.738122025139628,1.6840560740307386,0.6657214391947711,0.3182146256323811,0.6019121953805175,29.246820109668047,0.8065032663713475,6.272216993082456,0.007636687075890123,3.371754198926482,10.439118012204029,1.7333626960942763,0.6946812757103437,1.4120706166086285,1.3681468069936342,6.279853680158346,0.007636687075890123,0.0024301055189260186,4.177979429095679,2.029499972159317,10.3878889358696,0.6652988496047779,0.6019121953805175,29.246820109668047,0.8065032663713475,model,Rudy Gobert,C,,15-30,2026,1610612750,C,heuristic,,False,False,False,False,True,True,-1.0784123621535195,-1.9979635650398444,2.606106058328416,-1.060057619595129,-0.8346580752927028,2.2484051196457897,2.41465740390341,-2.9245945141497933,0.5916864972264152,-0.03483105712695844,65
1628386,9,29.0,22.0,C,11.44943658264268,0.3927732980569707,5.148873314280544,11.735248768799341,2.9576665828380526,1.131958741394194,1.1144356410477847,1.854671723523326,0.652167596470636,0.3302026804027557,0.7187157471684325,26.13703990167468,0.7314540607551561,8.312621689228486,0.28516476010076125,3.7382307573338482,8.520129592394083,2.147351374763555,0.8218347441908195,0.8091124671642875,1.3465452456176923,8.597786449329247,0.28516476010076125,0.09416216814168016,5.5153846755755005,2.686725311845212,13.811656831137894,0.6414889120682663,0.7187157471684325,26.13703990167468,0.7314540607551561,model,Jarrett Allen,C,,15-30,2026,1610612739,C,heuristic,,False,False,False,False,True,True,-0.5910863239437001,-1.8929339549136235,1.277305157491127,-0.9304278999378877,-0.6488573687894605,0.44502210646538226,2.609867265295097,-1.1920140579207446,0.8307009010091863,-0.09242417524462387,66
1630577,4,26.0,61.0,F,3.542437358651578,8.41028093653877,2.370337902685261,6.960438221845019,2.4493212631412304,1.0707774651106423,0.5947860910554305,1.3417959728295334,0.5615597894111277,0.38165623529802806,0.8396343947710233,26.938091597785515,0.8582410419472594,2.650736167965933,6.293247728655298,1.773677209451066,5.208358955021901,1.832778903858394,0.8012417065554185,0.4450667278316661,1.0040395228228247,8.94398389662123,6.293247728655298,2.401857235916447,3.890404080183856,1.4892403902766034,11.671905786560762,0.43497440571796364,0.8396343947710233,26.938091597785515,0.8582410419472594,model,Julian Champagnie,F,,undrafted,2026,1610612759,SF/PF,heuristic,,False,False,True,True,False,False,-0.6151835184867602,1.2344651387841015,0.20674495447335636,-0.9287188835848903,-0.25552232808926334,-0.24682373358859985,-0.9265399750482205,0.34422747926755554,1.079296106221091,-0.10805476005162995,67
1631095,4,24.0,3.0,F,6.95719638324274,6.687461019998296,3.3027329458826813,7.488114611423941,2.081730086101736,0.750315503920303,0.882877899815579,1.553784398209328,0.5456256169839568,0.36057166240077976,0.7898714707191955,33.176804288885634,0.7697724159035528,6.411598411282983,6.163016262500971,3.0437256823334566,6.90088091544325,1.9184764346911758,0.6914741841244582,0.8136407581434401,1.431933357958745,12.574614673783955,6.163016262500971,2.2222090191730155,5.7205413581826505,2.404152081170514,16.06744381670883,0.4549277657079272,0.7898714707191955,33.176804288885634,0.7697724159035528,model,Jabari Smith Jr.,F,,1-5,2026,1610612745,SF/PF,heuristic,,False,False,True,True,False,False,0.04908842565112304,0.6838894681335006,0.7183619138732613,-1.000898125576504,-0.9618765044012791,0.5587272879825866,-0.6673626614753317,-0.10856926104127419,0.594010632356648,-0.13462882449726943,68
1630180,6,28.0,19.0,F,8.249526456849216,6.782837268291105,4.528116085352316,6.529826649858781,2.94066166618343,1.0637174057217977,0.1581283985745818,1.3022382867817162,0.5265163669733116,0.36666733043322147,0.8316504832867904,30.486477887190834,0.7776544286264058,6.986083497403594,5.744022733115851,3.8346197474090697,5.529761549114142,2.490289357216969,0.9008054768821552,0.1339104979578024,1.1027960759395572,12.730106230519445,5.744022733115851,2.1061454814993255,5.784432783924473,3.189063366153823,16.864074415502095,0.45438998537629977,0.8316504832867904,30.486477887190834,0.7776544286264058,model,Saddiq Bey,F,,15-30,2026,1610612740,SF/PF,heuristic,,False,False,True,True,False,False,0.25991431344273896,0.5697147616689651,0.1035905457170222,-0.6558259545857932,-0.19707564256786675,-1.162800114409331,-0.6963429062163764,0.5439691841493497,1.0875948621442575,-0.14726095065703393,69
1641764,3,24.0,19.0,G,7.4821334521908955,6.572231728645874,3.4902625891723336,6.607860485381318,5.0601337487345734,1.3399206087180133,0.2736797177193461,2.0908398076466104,0.530739156099552,0.36300744678152425,0.781006869865646,28.821732845131756,0.8321039372603097,5.9902236519630385,5.2617529744258285,2.794317108457857,5.290277488543417,4.0511617518517475,1.0727453838376917,0.21910899192327962,1.673934065498813,11.251976626388867,5.2617529744258285,1.9100555128414107,5.0893017587318505,2.1823808582886937,14.271039888593805,0.4523029088770136,0.781006869865646,28.821732845131756,0.8321039372603097,model,Brandin Podziemski,G,,15-30,2026,1610612744,PG/SG,heuristic,,True,True,False,False,False,False,-0.0902910297596934,0.4936075739821184,0.16545090167335655,0.42068278636324397,0.676294813578164,-0.9050390004280503,-0.7092729253766836,-0.22059995849756925,0.007717112508014024,-0.16144972595709975,70
1626167,11,31.0,11.0,C,5.534935460687481,6.932494352499775,3.334202493103086,7.6471577094679715,1.8924556684220795,0.8929604880138703,2.111093974513877,1.651246175314215,0.5687877032895091,0.3652801348509614,0.7553620073745572,26.606968787749146,0.7801057740439465,4.09077375124216,5.123685023839132,2.464250601834144,5.651880180300266,1.3986808028307005,0.6599714398132859,1.560272541330445,1.2204070957632076,9.21445877508129,5.123685023839132,1.8715803564418094,4.198362163087847,1.8614012812753997,12.129705963892903,0.45562764624239244,0.7553620073745572,26.606968787749146,0.7801057740439465,model,Myles Turner,C,F,6-14,2026,1610612749,PF/C,heuristic,,False,False,False,True,True,True,-0.7719592807982653,0.29060640436978136,0.1697060521892095,-1.2903415141088574,-1.0411135350611525,2.5066696240253084,-0.482546194481481,-0.45231583177763196,0.897050550037147,-0.1742437256059418,71
1631109,4,25.0,15.0,C,11.433376233613048,0.4741393188456822,4.501852020875829,12.487482741565106,2.265332781863237,1.2116900718498405,1.4397382413303292,1.7423140008952684,0.6389798981655161,0.3476957800293052,0.7694158645867905,24.245851785214423,0.7003668061514999,7.700331821243752,0.31933087917430375,3.0319788015867606,8.410268214511406,1.5256923020345425,0.8160682747690846,0.9696577780222343,1.1734413063614064,8.019662700418056,0.31933087917430375,0.11102999912195334,5.03138724210097,2.332852591031698,12.50665707435559,0.6273814036890466,0.7694158645867905,24.245851785214423,0.7003668061514999,model,Mark Williams,C,,15-30,2026,1610612756,C,heuristic,,False,False,False,False,True,True,-0.9706520951032561,-1.8789859302829297,1.0696335860803015,-1.3072836759527955,-0.7833596247478968,0.7327911702270485,2.1253709297285224,-0.33623461928886256,1.1597253465534354,-0.188994912786433,72
2544,23,42.0,1.0,F,11.709183979334762,4.703383655784693,5.272238670573911,7.108810691899308,8.043470315499203,1.2056399203543349,0.6201948084279308,3.495645638893722,0.5660870993914491,0.34581354478559806,0.7548538590115222,31.920041001274335,0.6961195067397234,10.382156464217505,4.170338864926971,4.674724292589537,6.303153576547868,7.131886173979655,1.0690021025134304,0.5499067698276954,3.099476447761484,14.552495329144477,4.170338864926971,1.4421596658375433,7.319364504094614,3.5287336720761204,19.609622346102892,0.5029628485388361,0.7548538590115222,31.920041001274335,0.6961195067397234,model,LeBron James,F,,1-5,2026,1610612755,PG/SF/PF,heuristic,,True,False,True,True,False,False,0.4114242983225962,-0.42530636698301294,0.15675511288551258,1.6167107155409504,0.0013001108522689765,-0.24409960132688557,0.5638340485078208,-0.7747268759941468,-1.5349952100372997,-0.22910376823219614,73
1628978,8,30.0,17.0,G,3.1388272531973596,9.558389595628034,1.5798277196072321,4.859395851072507,4.560284998040675,1.5357496291934563,0.4670089445122269,1.849938278261341,0.5099838179011911,0.37909032893057715,0.766174418800136,28.568059912674336,0.8056548189297956,2.4908390284688107,7.585129073238463,1.2536836929289745,3.856208661467791,3.6188470845248886,1.2187052060462793,0.3705983196272251,1.468031876892211,10.075968101707273,7.585129073238463,2.8754490753548527,4.145736672870671,0.9605403747890653,12.12746279588526,0.41144797512491293,0.766174418800136,28.568059912674336,0.8056548189297956,model,Donte DiVincenzo,G,,15-30,2026,1610612750,PG/SG,heuristic,,True,True,False,False,False,False,-0.6849061519498937,1.6350976161334867,-0.621518080607828,0.07887394854019525,1.0818853361117016,-0.5217771292190807,-1.4752593212796719,-0.17785538843269547,0.4316855661349624,-0.25377360456882364,74
203944,12,32.0,7.0,F,10.81851594453937,4.88425572571097,6.133544406199762,7.5855553271733225,5.402909955545563,1.000353739600368,0.30894017356183795,2.882267159037806,0.5500783841456657,0.347424797770373,0.7986916678966733,31.23178961695377,0.7758728381134843,9.385600387430932,4.237334646133524,5.321154680574295,6.580846336278893,4.6872929736373345,0.8678565982703237,0.2680209584696807,2.5005100425256606,13.622935033564456,4.237334646133524,1.4721551325183346,6.634971027873275,4.2499619069640735,18.99205909522896,0.48704416570481346,0.7986916678966733,31.23178961695377,0.7758728381134843,model,Julius Randle,F,C,6-14,2026,1610612751,PF/C,heuristic,,False,False,False,True,True,True,0.7179324363466503,-0.20824854157512804,0.5930776316028756,0.6201304100820387,-0.32058476107298606,-0.8205463419256732,0.1518336233674915,0.008073700559313243,-1.0961628131818348,-0.3544946557972529,75
203954,12,33.0,3.0,C,14.661528201005925,4.570201109681054,8.992615482500126,9.423353231575508,4.599587820455736,0.862658091654525,1.3472413057623491,3.054449376984146,0.5539148226994525,0.35243560808537217,0.8549648487316607,28.855156572759345,0.5612828591797845,11.751685884332018,3.6631630163568145,7.207870215171138,7.553120359375805,3.686717409150199,0.6914481750958084,1.0798571894183702,2.4482393060123546,15.414848900688831,3.6631630163568145,1.29102908518556,7.800462088224988,6.1624756681912345,23.05442892982677,0.5060355854591877,0.8549648487316607,28.855156572759345,0.5612828591797845,model,Joel Embiid,C,F,1-5,2026,1610612755,PF/C,heuristic,,False,False,False,True,True,True,0.21064662382568167,-0.8636655046990773,0.06664671895404627,-0.5562305429623462,-1.617311335532443,0.49208956204112364,0.5505241396778079,1.2544423912196847,0.04550702048533086,-0.4173509269901917,76
1642847,1,20.0,7.0,G,12.42708325137028,5.725176444666735,4.708492172394246,5.107196174206941,5.361758572250279,1.5986513510223668,0.5256986643306284,3.052261149347461,0.49960419986161675,0.3448132683652738,0.7932507638250804,27.881378061076838,0.8471745458881433,9.624561286886966,4.43405024778125,3.6466458432262487,3.955435204587472,4.152589384031378,1.2381278529362738,0.4071445335112605,2.363923529058152,14.058611534668216,4.43405024778125,1.528919358033305,6.337390598787559,2.892704600538776,17.0964051561472,0.4507835345730763,0.7932507638250804,27.881378061076838,0.8471745458881433,model,Jeremiah Fears,G,,6-14,2026,1610612740,PG/SG,heuristic,,True,True,False,False,False,False,0.646790321224263,0.03198687802691124,-0.47316883006332394,0.5309904577183875,1.386712984694533,-0.3689767366235732,-0.9491814867469991,-0.08599296594091284,-1.2224051253517736,-0.503244503062488,77
1641718,3,23.0,16.0,G,9.737758316203314,7.928337928263323,6.552538473474692,4.098238613876733,6.851543524462321,0.9883232894330801,0.23183468054596637,3.2717685462801227,0.5056066932008046,0.3534292291615429,0.8621514340069246,31.954666446153897,0.7266294764317809,8.643522747987168,7.037427610279037,5.816227258207617,3.6377179978660856,6.081632999041642,0.8772650292999915,0.20578333020825,2.9041186829277543,15.680950358266205,7.037427610279037,2.487232615581079,6.857455569796803,5.01446867117386,21.216612426348547,0.43731122241464776,0.8621514340069246,31.954666446153897,0.7266294764317809,model,Keyonte George,G,,15-30,2026,1610612762,PG,heuristic,,True,False,False,False,False,False,0.9104054173101258,0.8356706861002591,-0.9031235609754903,1.2072785784562248,-0.4837833819151804,-1.0131515286543562,-1.306268586051099,1.4767367009266388,-1.4393970629070019,-0.7156327377098792,78
1631157,4,24.0,44.0,G,8.904020845895262,7.196273543283161,3.0468517591872697,5.076181379968636,6.283330335039972,1.6732725870838028,0.47588784141235474,2.9152684053340976,0.5288874588097421,0.36879074957539904,0.7999426373988998,29.192834796540588,0.7081482209286953,7.220378043865944,5.835545130549475,2.4707288904306397,4.11633678951944,5.095228456747609,1.3568769501199314,0.38590319822314384,2.3640263595692397,13.055923174415419,5.835545130549475,2.152095062876411,5.970862458142326,1.9764413849087432,16.070261364069808,0.4573297788579912,0.7999426373988998,29.192834796540588,0.7081482209286953,model,Ryan Rollins,G,,31-60,2026,1610612749,PG,heuristic,,True,False,False,False,False,False,-0.23011548341994792,0.3910155173470979,-0.7380465683922537,0.5986915899252703,0.9864851506256695,-0.6051783242936751,-0.5798285199408445,0.015405763141660577,-0.5595519235601936,-0.7211227985672164,79
1628404,9,32.0,30.0,G,6.435119650232897,3.946186086419825,2.3149795425131376,8.809474405807228,5.677282628045703,1.3293392986943284,0.3600541149798388,2.1829441701260075,0.5698551223419084,0.35039450618610346,0.7630000768775008,30.484538458751988,0.7454068438742191,5.449212568449872,3.3416017088015875,1.9603078581934952,7.459798925700604,4.807481683773995,1.125674860438268,0.30489120875930015,1.848501264097631,8.79081427725146,3.3416017088015875,1.1708788806261716,4.276140575487238,1.4957150465052058,11.218875078105853,0.48643281960271584,0.7630000768775008,30.484538458751988,0.7454068438742191,model,Josh Hart,G,,15-30,2026,1610612752,PG/SG,heuristic,,True,True,False,False,False,False,-1.0827184919243276,-0.6311332250242909,0.8693276146945863,0.5801940381160098,0.4328592460916846,-0.756859476195097,0.08373866220800313,-0.2827017896684238,0.037980788611180046,-0.7493126330906754,80
202696,15,36.0,16.0,C,9.508873180921714,5.182488623160253,1.8979789776909866,10.97599456669338,4.044190459467005,0.8397783136366004,0.8137027182346362,1.8452893607349699,0.5626671395616822,0.3649468358848045,0.8000817049515696,26.50250425756286,0.737671468764336,7.0002486656111955,3.8152479666687698,1.397255442695005,8.08031507596606,2.9772548575116504,0.6182285647934156,0.5990322154001089,1.358466364980944,10.815496632279965,3.8152479666687698,1.3923626735517014,5.331172566451636,1.1179185168442798,13.172626323299255,0.49291981197980334,0.8000817049515696,26.50250425756286,0.737671468764336,model,Nikola Vučević,C,,15-30,2026,1610612753,C,heuristic,,False,False,False,False,True,True,-0.7000165723093622,-0.38890646090583364,1.1123727355794546,-0.4609595185277208,-1.3084064856064872,-0.049298101072072394,0.23620936958577116,0.009860379044801746,0.7960711414051098,-0.7530735128063388,81
1630170,6,26.0,11.0,G,6.8193402904257185,7.779644060814631,2.5629816757081443,4.653259452812448,3.3709382632366753,1.2088486752014493,0.4900449833769519,1.4339408412907466,0.5211709411113601,0.3739841413478176,0.8070114258608454,30.587206069890712,0.7451261625907468,5.794015742332217,6.609932667737181,2.177623574117745,3.9536168272178127,2.864099536291658,1.0270917648805866,0.4163640802796388,1.2183401112386811,12.403948410069397,6.609932667737181,2.472009993110579,5.491682630355896,1.7573671055369517,15.212742359359323,0.4427366552006783,0.8070114258608454,30.587206069890712,0.7451261625907468,model,Devin Vassell,G,F,6-14,2026,1610612759,SG/SF,heuristic,,False,True,True,False,False,False,-0.2427497312397388,0.890076971077543,-0.7192323070889183,-0.5075804619146324,0.09749131652204475,-0.48330535377895845,-0.9295118162683023,0.07708873908621515,0.9862773787715373,-0.8314452648332098,82
1630532,5,25.0,8.0,F,12.772184732682971,5.432240193016135,6.014417312767688,6.164216438989315,4.608358251182512,1.218820851194634,0.4434882178798615,2.292622405314126,0.546800952872436,0.33324550411545006,0.8402308424077993,30.576080870640666,0.6354684404639833,10.847870924479905,4.613794873622389,5.108258615137949,5.2354883428519425,3.914042626917796,1.0351879142486171,0.3766703226408598,1.9472057797424287,15.461665798102294,4.613794873622389,1.5375263985455723,7.469152556688377,4.292116439434257,20.767947951356582,0.48307554012744947,0.8402308424077993,30.576080870640666,0.6354684404639833,model,Franz Wagner,F,,6-14,2026,1610612753,SF/PF,heuristic,,False,False,True,True,False,False,0.2833530051241542,-0.4674748679429305,-0.48772386155035113,-0.24255524866625222,-0.39112487789743144,-0.7169876786250794,0.03999300161195101,0.7446560136396395,0.3214149949923824,-0.9164495193139175,83
1629636,7,27.0,5.0,G,9.520039127767642,8.192566419821098,3.7221840306946685,3.1117867760680205,7.81764601914004,1.319283160821397,0.25150425901063145,3.0877646334681152,0.5198164553238749,0.38688916544660695,0.8576346033304737,29.220738756701518,0.6911861365056614,7.727293786279858,6.649801197236604,3.0212490879248657,2.525797456945613,6.34548311160163,1.070845238568819,0.20414278468742933,2.5062989915765006,14.37709498351646,6.649801197236604,2.5727360355847173,6.589510500814917,2.5911277630849976,18.34288480029955,0.45833393382807047,0.8576346033304737,29.220738756701518,0.6911861365056614,model,Darius Garland,G,,1-5,2026,1610612746,PG,heuristic,,True,False,False,False,False,False,0.13670028843928805,0.7900630928951988,-1.448397439051314,1.182374351667455,-0.016882955823348377,-1.040935502060575,-0.5973249176345108,0.6780313137324545,-0.6770389741974507,-0.9934107420328026,84
1627742,10,29.0,2.0,F,12.11989290704767,5.319909548902469,4.850820520157693,5.948627818447734,4.1325596833287275,0.8734075291009301,0.713161839943604,2.512549623187797,0.5241543979471053,0.3623071347367618,0.8139038325311932,32.910516395258924,0.6940207056345112,11.079775950727074,4.8633602897347,4.434528007197449,5.438122593008819,3.7779075892382257,0.7984525779505207,0.6519590118315833,2.2969251546617673,15.943136240461774,4.8633602897347,1.762030131766327,7.569543424608492,3.609279340524919,20.510396321508228,0.47478383866518653,0.8139038325311932,32.910516395258924,0.6940207056345112,model,Brandon Ingram,F,,1-5,2026,1610612746,SF/PF,heuristic,,False,False,True,True,False,False,0.5764348245880493,-0.08161386651109681,-0.2160325350336905,-0.14146726834595277,-0.8624797665525792,-0.014404561490443663,-0.1929537419921252,0.2623628995648484,-0.3982289025404881,-1.0683829183134785,85
202710,15,37.0,30.0,F,10.41896470713122,2.7642009367524074,7.460551425357409,6.229733646262379,5.720629143425183,1.5188623956830227,0.3250607954314794,1.9191942112888274,0.5462974823457549,0.3535560444573569,0.8493388398412635,28.61461286681477,0.6184374436177653,8.281517821321279,2.1971261025349134,5.9300219669323715,4.951706015310232,4.547044119270272,1.2072683180675703,0.25837468942918485,1.5254722047850475,10.478643923856191,2.1971261025349134,0.7768072139862531,5.300979549775569,5.036597977627547,16.415364291164938,0.505884119003901,0.8493388398412635,28.61461286681477,0.6184374436177653,model,Jimmy Butler III,F,,15-30,2026,1610612744,SF/PF,heuristic,,False,False,True,True,False,False,-0.5771611506380119,-1.2469993692302628,-0.6485258897932932,0.0012135482264219602,0.012513694584234257,-0.9793252615931743,0.40979448946069214,1.0241697652296513,0.9144754687676984,-1.089844704986044,86
1627783,10,33.0,27.0,F,12.974363758090984,5.002612867986938,5.50640047963888,7.359699340979294,4.251609685670693,1.0725008567173875,0.4894487984772276,2.237424180253208,0.5465982964666816,0.34736625196364246,0.7155481281144638,31.621188789425368,0.7410388631095657,11.396244606035372,4.3941268316395465,4.836636919912317,6.46451228595877,3.7344709035984005,0.9420486685300266,0.4299153572057174,1.9652781223836664,15.790371437674919,4.3941268316395465,1.5263713681595046,7.755539255936048,3.4608464944125643,20.498296374444166,0.4911562268530161,0.7155481281144638,31.621188789425368,0.7410388631095657,model,Pascal Siakam,F,,15-30,2026,1610612754,SF/PF,heuristic,,False,False,True,True,False,False,0.8463841332339352,-0.22567830709871478,0.40142483279947694,-0.032314154377443345,-0.20808001241260757,-0.4558093642720959,0.2929038097700347,-1.6246363464032667,-0.12030515575435882,-1.1261105645150402,87
1642271,2,23.0,32.0,C,8.6625226946557,4.769766512680308,4.148034587705986,10.884754455866968,4.315010858087975,1.3004543651418765,0.7126626385118771,2.54025099095386,0.5906950805554408,0.3444279935927973,0.7209165687426558,25.12813824715746,0.7972068654518231,6.046474106679093,3.3293153427025803,2.8953440714963,7.597600409816343,3.0118941494450047,0.9077221408723462,0.4974412584475124,1.7731049467546478,9.375789449381674,3.3293153427025803,1.146709403524766,4.71833191304596,2.0873015133525032,12.67067474296919,0.503246360055273,0.7209165687426558,25.12813824715746,0.7972068654518231,model,Kyle Filipowski,C,,31-60,2026,1610612762,C,heuristic,,False,False,False,False,True,True,-0.5914942113536209,-0.5661782253149313,1.1708454095637668,-0.3072085775354735,-0.09194151734210931,-0.19872661279410264,0.4215118656097857,-0.9784206710320458,-0.03392986657262393,-1.175542406771355,88
1641709,3,24.0,5.0,G,10.540555465869659,1.081903240207836,3.701988762817184,7.97559368985974,4.483995277639387,2.37116773518269,1.212578421095819,2.176725200749772,0.5615253330398657,0.2915208053188927,0.6231363160964227,25.519189165400018,0.717189596575227,7.4718452456088595,0.7669248179311939,2.624215320181025,5.65363011327504,3.178553436301108,1.680841054917228,0.8595560584951746,1.543007282195188,8.238770063540054,0.7669248179311939,0.2235745405423468,4.4192049305052,1.6352438672613985,10.697228268814143,0.5363913419628009,0.6231363160964227,25.519189165400018,0.717189596575227,model,Ausar Thompson,G,F,1-5,2026,1610612765,SG/SF,heuristic,,False,True,True,False,False,False,-1.2778735338553548,-1.7493637112263274,-0.04557765461264022,-0.39837633088903385,2.098479361584471,0.5262421561072818,0.8412435900413147,-1.8054101126420539,0.5852029049696889,-1.2254333305226544,89
1642875,1,24.0,42.0,C,11.138472286766907,1.9552597093695652,3.4397550483699755,10.212778472273403,2.4400553731538137,0.762277060100414,0.7352849786233154,1.8334356013697186,0.599106610963027,0.35656018259616123,0.7703430394894296,26.16435086351663,0.7989770041874054,8.095302694292382,1.4210583629234128,2.4999710547251297,7.422519978886963,1.7734018030445942,0.554013457102144,0.5343959490381598,1.3325181211083315,9.516361057215795,1.4210583629234128,0.506692829363774,5.356642191261145,1.9258353009325515,13.145812512818614,0.5628876583239203,0.7703430394894296,26.16435086351663,0.7989770041874054,model,Maxime Raynaud,C,,31-60,2026,1610612758,C,heuristic,,False,False,False,False,True,True,-0.4778930455452878,-1.3656142894017766,1.094027298321183,-1.0458398520139993,-1.3693475821571524,-0.09848265517738304,1.605098869284522,-0.306131302358838,0.6698864472443481,-1.294296111804384,90
1642907,1,23.0,11.0,G,8.980280030166996,6.3178508409301,4.104820626447271,7.985254726790448,4.286083754521623,1.0087916394711594,0.5603770686211345,2.3991032081242953,0.5585760530524528,0.3626542775403141,0.8370473430195546,27.469187659657496,0.7187874913988849,6.85224992735922,4.820728620978718,3.132113558253137,6.09301279445483,3.2704233049434395,0.7697413015035229,0.42758619050340857,1.8305948955236835,11.672978548337937,4.820728620978718,1.7482578552589516,5.575760574212222,2.6217273319713112,15.521506335654706,0.47766390995433883,0.8370473430195546,27.469187659657496,0.7187874913988849,model,Cedric Coward,G,,6-14,2026,1610612763,PG/SG,heuristic,,True,True,False,False,False,False,-0.2932553881347644,-0.028655218776305842,0.15179328045405593,-0.34500587867107474,-0.866399301203992,-0.49286660044501307,-0.08363098868728937,0.4772058931470771,0.16321192318069774,-1.3176022791366089,91
1629027,8,28.0,5.0,G,9.376985146887712,7.896078763834724,7.017376440298854,3.0856807389456473,10.786954133524272,1.2559271201585045,0.2586710647061425,3.981827135655372,0.511224385801948,0.3587067105696037,0.8580623152609406,30.628761123713886,0.62432610963074,7.977928836795469,6.717975285320105,5.9703762973636465,2.625293840478088,9.177528928004808,1.0685414375591316,0.22007706251392156,3.387734227053063,14.695904122115575,6.717975285320105,2.4097828162850696,6.488294585847482,5.122954908694893,20.509326896674928,0.44150360072663897,0.8580623152609406,30.628761123713886,0.62432610963074,model,Trae Young,G,,1-5,2026,1610612764,PG,heuristic,,True,False,False,False,False,False,0.1723473064484068,0.36038978539609434,-1.5132588689582045,2.190931911081261,-0.3488971742440493,-1.0531363020413793,-0.9520733295248657,1.2189968468611525,-1.4491463370129054,-1.3738461619944895,92
203507,13,32.0,15.0,F,18.184325188555558,1.0593886116712836,10.553345421507995,12.04306475037784,6.706827671197698,1.0951333958861582,1.0167885689006602,3.6000142564713746,0.6364129530815935,0.29521418663047627,0.6444895697502887,28.953121114003395,0.6507888442352285,14.624804710018658,0.852016855014294,8.487563559634284,9.68567534170763,5.3939887181926744,0.8807647179744935,0.8177556272976388,2.895323577215405,15.476821565032953,0.852016855014294,0.25152746284850125,9.558942616593074,5.470146186776928,24.839558882811573,0.6176295679592091,0.6444895697502887,28.953121114003395,0.6507888442352285,model,Giannis Antetokounmpo,F,,15-30,2026,1610612748,PF,heuristic,,False,False,False,True,False,False,1.1219503248731213,-1.7441119769276736,1.3205916428893905,0.5252714483748226,-0.7758827918426467,0.24839347180684418,3.5565270958081543,-4.652851095247772,-0.9835265363660299,-1.3836384166317897,93
1642285,2,27.0,53.0,G,5.1168568067218025,7.468823495196942,2.9125861781122504,3.915147358400616,7.962783376494028,1.160195990103217,0.20476355335951235,1.9497369345305067,0.5171086349247195,0.405286615784241,0.9119868274934689,24.979906455555025,0.7469358853600694,3.5505167882883506,5.182514228974198,2.0210036186940705,2.7166670770155763,5.525266218629706,0.8050440917469002,0.1420826224563241,1.3528957288197963,8.73303101726255,5.182514228974198,2.1004036531146277,3.936406542783716,1.8431286785656258,11.816345417247685,0.4507491768897461,0.9119868274934689,24.979906455555025,0.7469358853600694,model,Cam Spencer,G,,31-60,2026,1610612763,PG,heuristic,,True,False,False,False,False,False,-0.9517761739936694,0.4614343995032463,-1.2762262403985845,0.9880790967637934,-0.6480301842243407,-1.1562377858683148,-0.520436397152509,0.9393804693218205,0.779075922439834,-1.3847368936087245,94
1630643,5,29.0,61.0,C,5.127571737037265,7.6550302066224445,2.4134869873033877,6.893001351788548,2.4571976218416998,0.8773020380259463,2.5964249380143505,1.5865290484222812,0.6741720833911051,0.3545490284693624,0.7912654517166466,20.585491268861162,0.7668486684473603,2.9320439784233296,4.3772932633693,1.3800782029067755,3.941550531763648,1.4050727830635756,0.5016581512204784,1.4846856358818834,0.9072077742803187,7.30933724179263,4.3772932633693,1.5519650738530701,3.528667271381071,1.0920082026273277,9.70130781924254,0.48276159036761834,0.7912654517166466,20.585491268861162,0.7668486684473603,model,Jay Huff,C,,undrafted,2026,1610612754,C,heuristic,,False,False,False,False,True,True,-1.3435686899055772,-0.1330383400768696,-0.6726750850879047,-1.3005788151275546,-1.632777240203764,2.247381920735952,0.018250266868853067,-0.04096260546919439,1.4142116519025485,-1.4437569363635105,95
1631094,4,24.0,1.0,F,13.288939990990151,4.739409556191326,8.387175958078936,8.31916788554806,5.535495396589642,0.8344542802641721,0.591890716138947,3.231560544139385,0.5277407076446993,0.31850692484121,0.7547717246628938,34.65198490405875,0.714028121681081,12.791337443298149,4.561943010980378,8.073119296862105,8.007657777342825,5.32821952553086,0.8032082534122584,0.5697274489027587,3.1105551997797183,17.353280454278526,4.561943010980378,1.4530104397282104,8.203519913776514,6.093362175101899,23.953412442383136,0.4727359726243519,0.7547717246628938,34.65198490405875,0.714028121681081,model,Paolo Banchero,F,,1-5,2026,1610612753,SF/PF,heuristic,,False,False,True,True,False,False,1.3870136654697531,-0.3726077102537258,0.9647804381784573,0.7460294844901167,-0.7744215957680365,-0.16497457347343125,-0.281896637372334,-1.3749443024489525,-1.6629318047610862,-1.533953035939239,96
1628976,8,28.0,7.0,C,6.695176723371487,3.645525173001309,3.6900964940006395,9.387545462414545,2.819974980445507,0.9766303102917923,0.7812941984459814,1.6448431435755866,0.6003894576954322,0.34539127473018777,0.7607774746463146,27.314107444028863,0.7880801427366716,5.079799343859164,2.765951840701935,2.7997692254435464,7.122567372113792,2.139586100148938,0.7409940341223683,0.5927876022708317,1.2479839542277158,7.845751184561099,2.765951840701935,0.9553356321023506,4.005193605363566,2.1300013609254096,11.09572420375489,0.5104920499193247,0.7607774746463146,27.314107444028863,0.7880801427366716,model,Wendell Carter Jr.,C,F,6-14,2026,1610612753,PF/C,heuristic,,False,False,False,True,True,True,-0.9748699166539905,-0.8193269348653259,0.9012664406166888,-0.8437637026336507,-0.7269190623535712,0.03402893331189616,0.46490064499134387,-0.45372916715554895,0.833574860742766,-1.5848379039993925,97
1631099,4,26.0,4.0,F,6.643653854558402,6.100376725832288,2.0555858719554325,6.452424439345123,1.9119530138198297,1.0039407558752904,1.0486876180936309,1.1662660053946088,0.5504519624563574,0.357986746635845,0.8005589491144365,31.776584772164014,0.6576058819365216,5.864239719619147,5.384698282515168,1.814430519907069,5.695444782856476,1.6876482506677861,0.8861613482028218,0.9256586387741951,1.0294430718698577,11.248938002134315,5.384698282515168,1.9276506197732273,5.155632881752106,1.4525585902579636,13.691474973535401,0.45832174386363433,0.8005589491144365,31.776584772164014,0.6576058819365216,model,Keegan Murray,F,,1-5,2026,1610612758,SF/PF,heuristic,,False,False,True,True,False,False,-0.9016111869289744,-0.011376400010433434,-0.2335374548834383,-1.2763159759193574,-0.7324549882813052,0.500704861263539,-0.44488737930132327,0.01453248435777029,1.4519831727661847,-1.632962866937338,98
1630200,6,27.0,41.0,G,9.637569028810242,3.0522816410264557,4.162835307126763,4.367907315478782,7.452450729643461,1.4663389854471425,0.2215378798110748,2.023512691038893,0.5835630924263886,0.35306042231216944,0.8373060111549817,25.497431243761106,0.7134899398657881,6.825923713030296,2.1618150355185106,2.94837797284905,3.0936226793205948,5.278287502127818,1.0385521517079148,0.15690685717698588,1.433177103073394,8.987738748548807,2.1618150355185106,0.763251329400963,4.746608480043539,2.468694599823449,12.725162889311491,0.5281204330521895,0.8373060111549817,25.497431243761106,0.7134899398657881,model,Tre Jones,G,,31-60,2026,1610612741,PG,heuristic,,True,False,False,False,False,False,-0.8802272503948532,-1.1462860228785001,-1.1680237887177558,0.7171403666738149,-0.01305012803194201,-1.1370344340505312,0.7754024487441701,0.4488807489083226,0.7548049261493534,-1.648393133597922,99
1629645,7,27.0,30.0,G,10.577363694065959,4.436534001135806,4.3798286249726175,5.946413934382916,7.51834544618413,2.0444042057838567,0.4187860484872323,3.0253609683499434,0.5132783080003975,0.3459197114234215,0.8321477751861542,26.412626915678167,0.6546898634173681,7.7604433611889885,3.2550143714089153,3.213410539611374,4.362789242640164,5.516090369256926,1.4999468208947873,0.30725665711623257,2.219659181730052,11.015457732597904,3.2550143714089153,1.1259736320368616,5.109240869800864,2.674032431297344,14.018487802935933,0.46382465384812405,0.8321477751861542,26.412626915678167,0.6546898634173681,model,Kevin Porter Jr.,G,F,15-30,2026,1610612749,PG/SG/SF,heuristic,,True,True,True,False,False,False,-0.8523997189074478,-0.843996958206013,-0.7737121516268299,0.6010567546569952,1.0825411230469453,-0.8429393697640211,-0.3307771759776684,0.38949490318812696,-0.11393211985752526,-1.684664713447438,100
1630245,5,27.0,38.0,G,8.418580862495444,5.606297679646559,2.7790427696056765,4.3465292423814486,4.927972378586695,1.1400229137414413,0.41764263336939783,1.8660187113402862,0.5596022563131777,0.3809628136823749,0.840835924668893,27.858709085174624,0.7291536957681872,6.514744309952196,4.338450447282305,2.150570668158403,3.3635748248252564,3.813526357633965,0.8822101862321095,0.3231940173501194,1.4440242340755967,10.853194757234501,4.338450447282305,1.6527882894182249,5.29845390457091,1.8082770763267697,14.057973174886815,0.4881930181008755,0.840835924668893,27.858709085174624,0.7291536957681872,model,Ayo Dosunmu,G,,31-60,2026,1610612750,PG/SG,heuristic,,True,True,False,False,False,False,-0.549316381499421,-0.1094720174730991,-1.0189919879542146,-0.022363551024887584,-0.4573250574313725,-0.7291989753087716,0.13726358960003837,0.36491273208053865,0.693561623273985,-1.6909300257372044,101
1629656,5,27.0,25.0,G,6.618902133716967,6.791343581924513,3.7938049702208887,4.7399462355263084,4.262683363176521,1.1740046681045166,0.41056932681702213,2.1730636215568637,0.55127555672349,0.3638751815675249,0.8091803199541794,28.70804013173312,0.7851385712275417,5.2782141134100184,5.415726780507697,3.025352926029718,3.7798490764374053,3.399257918303963,0.9362048090774024,0.3274066864200479,1.732899934901771,10.693940893917716,5.415726780507697,1.9706485655773454,4.880398989453235,2.44805604865904,14.179502593142857,0.45637048473206077,0.8091803199541794,28.70804013173312,0.7851385712275417,model,Quentin Grimes,G,,15-30,2026,1610612747,PG/SG,heuristic,,True,True,False,False,False,False,-0.2999773722109138,0.4274768977324034,-0.7060105378627645,-0.10623733930607515,-0.04008041243315891,-0.6586425980803565,-0.5474582562828467,0.14105784896065365,0.07291925125494526,-1.7169525182281131,102
1642846,1,20.0,5.0,F,9.412493612173945,7.364683414358815,2.5064208415037186,5.554627727620995,2.8517868239609796,1.1114576586937768,0.8634411854386584,2.072531491896692,0.5348696189998079,0.35547649414821797,0.7572205366126181,28.766633430779272,0.7539493514465181,7.521270928082204,5.884920780961109,2.002813599188966,4.438553880136546,2.278786282989216,0.8881359733743349,0.6899526686264277,1.6561042694760615,13.406191709043313,5.884920780961109,2.091951007556048,6.114850323253708,1.516571588312918,15.838223242376381,0.45612135466695286,0.7572205366126181,28.766633430779272,0.7539493514465181,model,Ace Bailey,F,,1-5,2026,1610612762,SF/PF,heuristic,,False,False,True,True,False,False,-0.07157765941483932,0.47455339541918323,-0.4759023803972019,-0.8198048898610097,-0.3375721857122407,0.208842242500339,-0.6655761543488234,-0.33992642855391325,0.29875820099210354,-1.7282058593764027,103
1629674,5,27.0,39.0,C,9.239097113333573,0.6313742674871253,3.35965038044074,11.586572444321327,2.58806471966381,1.0542566652072307,1.6693782662591174,1.5572220303704563,0.6525450451226238,0.3353674384551463,0.7130991703794745,22.72641578536121,0.7158182807211895,5.8325434021930365,0.3985798366413965,2.120911428870645,7.31447952491265,1.6338176360695569,0.6655409810552187,1.053860682834726,0.9830576481200937,6.231123238834433,0.3985798366413965,0.13367069883429583,3.9396679963980126,1.512420180376003,9.525426872006324,0.6322564721308497,0.7130991703794745,22.72641578536121,0.7158182807211895,model,Neemias Queta,C,,31-60,2026,1610612738,C,heuristic,,False,False,False,False,True,True,-1.5190227044507196,-1.850855458824884,0.6720233087729616,-1.2315047339960694,-1.2158652360663238,0.9808968221027883,1.7442103277036602,-0.7085292847693666,1.3980736660895956,-1.7305732934383582,104
202331,16,37.0,10.0,F,7.27522729279948,7.781179613375684,3.1071697061062853,6.070773549459866,4.218667647675898,1.7755715661443605,0.5628297162131046,2.175498499393665,0.506995375618861,0.3761753093861048,0.8394136129538873,28.480794463625312,0.6137486694526869,5.7556737000660885,6.155949368141787,2.458185048978227,4.802790380482764,3.3375279495500814,1.4047135786337452,0.4452732629301666,1.7211090449210074,11.911623068207875,6.155949368141787,2.315716158125933,5.233816107630538,2.063433993272042,14.846782366659053,0.4393873175520131,0.8394136129538873,28.480794463625312,0.6137486694526869,model,Paul George,F,,6-14,2026,1610612738,SF/PF,heuristic,,False,False,True,True,False,False,-0.8709264011034312,0.22976458219537566,-0.7181612517886024,-0.5719067924826856,0.537667838576179,-0.6051479628101486,-0.7987532087004345,0.3393430194685436,0.6866768232858484,-1.7714433533593559,105
1631221,4,28.0,61.0,G,4.061358257794394,9.2974949196989,1.587543691064842,5.19684393954453,5.760157706450511,1.5519753122626947,0.22861008150008838,1.922118015176868,0.48624535555564097,0.38771187617549807,0.8483188331104312,27.037316420586468,0.6891487580738557,3.05022856425969,6.982758668408176,1.1923033640784972,3.9030198328297936,4.326089070605057,1.1655902109606935,0.17169453084594308,1.443580915945739,10.032987232667866,6.982758668408176,2.7072984642092566,4.190457936963682,1.0114533985287124,12.099667736665332,0.4176680224728443,0.8483188331104312,27.037316420586468,0.6891487580738557,model,Collin Gillespie,G,,undrafted,2026,1610612756,PG/SG,heuristic,,True,True,False,False,False,False,-1.0895436289087188,0.9273892958692286,-0.8748790782989169,0.1282393309881439,0.2700199121948249,-1.1160285466579252,-1.1449783743636568,0.22487769937870705,0.8107169303517516,-1.8641864594465616,106
1629627,7,26.0,1.0,F,16.485558091136237,0.6984803416708688,8.682955901941309,7.155085047178359,4.788633626573526,1.249035630876724,0.7737232042373549,2.745407778816327,0.597840550704099,0.32209915680468265,0.7059806482285791,29.75172301300086,0.659949929974246,13.624271056728348,0.577249823761608,7.175913859129413,5.913225234947631,3.9575028130154815,1.03224894786703,0.6394332905889243,2.268905883141147,14.201520880489957,0.577249823761608,0.18593168149926562,8.331073392995659,5.066056317900628,21.914134785391212,0.5866324785284711,0.7059806482285791,29.75172301300086,0.659949929974246,model,Zion Williamson,F,,1-5,2026,1610612740,SF/PF,heuristic,,False,False,True,True,False,False,0.6407415578659514,-1.8084425765139738,-0.13810472861731748,-0.14911657785340116,-0.2847341720968607,-0.11488789962187207,2.5558096542259583,-2.3947272520421135,-0.20305078166179763,-1.8965127763154266,107
1629651,7,28.0,31.0,C,10.06323816871832,0.5976770397289504,3.6639130437370264,9.57286527459883,4.028063344164327,0.943479219072401,1.6621927323896852,1.8368319385757863,0.5987811747460232,0.31354206402340684,0.595562454992976,26.70465494331909,0.761215902797955,7.464869525223916,0.44335441981961204,2.717875932647869,7.101112888251202,2.9880011582150083,0.6998690830977952,1.2330078713266464,1.3625545307926181,7.908223945043528,0.44335441981961204,0.1390102598841412,4.6088336035235065,1.6186648628140892,10.975342329745244,0.5827899709911589,0.595562454992976,26.70465494331909,0.761215902797955,model,Nic Claxton,C,,31-60,2026,1610612741,C,heuristic,,False,False,False,False,True,True,-1.0849848878230741,-1.8349509979613388,0.7750914689217452,-0.4022124412878174,-0.9597229817466578,1.5882075316745146,1.5816049474700666,-2.296986180298918,0.7252693173661656,-1.9086842236853139,108
1642259,2,22.0,2.0,C,11.698945046260684,5.163225613076736,3.923923227965408,9.44852085943603,3.5304383703120075,0.9903646167729734,2.139899463364547,2.30311850403508,0.5417747887823104,0.324531928418661,0.6919823139277819,26.722401812429332,0.6512876188356623,8.683997508547435,3.832605263357314,2.912684810522677,7.013532526082493,2.6206053529304345,0.735136700839444,1.5884237027285923,1.7095793912907375,12.516602771904749,3.832605263357314,1.2438027769848594,5.948573692964256,2.0155263749277847,15.156476537841156,0.4752546518706062,0.6919823139277819,26.722401812429332,0.6512876188356623,model,Alex Sarr,C,,1-5,2026,1610612764,C,heuristic,,False,False,False,False,True,True,-0.6564596856357493,-0.7295585904449959,0.2661643118133132,-0.8283016805041318,-1.2050502667073522,1.9044871789683342,-0.13220047492286338,-1.1046522192619477,0.5714866394439269,-1.9140847872514661,109
1631128,4,26.0,21.0,G,7.908769784319356,3.845525190995229,3.054400003265624,5.556620734485859,3.519323020956775,1.009764050119582,0.48230279250637137,1.4027817628997217,0.5981987580622986,0.3656249824286172,0.7919735871451099,30.198584517551105,0.702208203237663,6.634268132267292,3.225817152628924,2.562182129139592,4.661168913398559,2.9521826025812903,0.8470401391755806,0.4045794900709603,1.1767228785168495,9.860085284896215,3.225817152628924,1.1794393397478822,5.148050297122461,2.029180571733778,13.504720505726581,0.522110118561378,0.7919735871451099,30.198584517551105,0.702208203237663,model,Christian Braun,G,,15-30,2026,1610612743,PG/SG,heuristic,,True,True,False,False,False,False,-0.7661183902673566,-0.7010884182650944,-0.5204572746119391,-0.553412028974702,-0.6776597606983911,-0.5694991774127971,0.7292636591911724,-0.06266263495157105,1.1507176012203755,-1.9709164247703037,110
1627826,10,30.0,32.0,C,11.503620120985872,0.3957834227580383,3.3089429822591545,13.019633114592482,2.843777659296086,0.6318098887020993,1.1852754020780634,1.9548318784628,0.6122567148418598,0.34228318236899535,0.6958887090926775,26.784199794221358,0.6894543866172645,8.558757213258625,0.2944650630664465,2.461871942903218,9.686679294130709,2.11578636102582,0.4700700636378274,0.8818514772343028,1.4544057665794634,8.853222276325072,0.2944650630664465,0.10079043888287022,5.340947013401667,1.7131888882984023,12.495873353984607,0.6032771850407745,0.6958887090926775,26.784199794221358,0.6894543866172645,model,Ivica Zubac,C,,31-60,2026,1610612754,C,heuristic,,False,False,False,False,True,True,-1.0113150388918557,-1.8919684858661208,1.548545718082233,-1.0144460550675825,-1.9082804625996497,0.49832392844636547,1.928067400046717,-0.9520898904794418,0.7947708387844328,-2.008392047544902,111
1642349,2,25.0,38.0,G,9.720244024371254,4.742057413305639,3.7965701035315176,4.587486769577677,5.178458824411688,1.6205286758360697,0.4065561548869282,1.9813338614319895,0.5403129457333653,0.3650732547652372,0.8549451763614757,25.280077891804,0.6963226896097001,6.825792390651325,3.329988354882587,2.666044109415865,3.221445079515111,3.636440067795202,1.1379747541954954,0.2854936461926077,1.3913409540741526,10.155780745533912,3.329988354882587,1.215689687047324,4.903753680604531,2.2793215513120204,13.302518599568405,0.48285344115576706,0.8549451763614757,25.280077891804,0.6963226896097001,model,Ajay Mitchell,G,,31-60,2026,1610612760,PG/SG,heuristic,,True,True,False,False,False,False,-0.8283590988514203,-0.6723644400526897,-1.1462143128719697,-0.2088692700840727,0.22061716409145046,-0.8507267796644653,0.02471022492266526,0.5754253212337245,0.8632080396776131,-2.0225731515991647,112
1631170,3,26.0,18.0,G,11.374928040364894,3.612736317988073,3.9946749785321334,6.3680894754264825,5.7244818338687224,1.1486274534721201,0.3591190525711073,2.538380208290116,0.5522061615745661,0.3397724434893238,0.7776973107006852,27.37066399025572,0.7727728449440311,8.648314814060154,2.746749773473478,3.0371362941023614,4.841634369216169,4.352301910920658,0.8732971133046802,0.2730368589006322,1.9299208822395582,11.395064587533632,2.746749773473478,0.9332698821868303,5.708922609747446,2.3619727281548517,14.713087829836573,0.5009995832751216,0.7776973107006852,27.37066399025572,0.7727728449440311,model,Jaime Jaquez Jr.,G,,15-30,2026,1610612749,PG/SG,heuristic,,True,True,False,False,False,False,-0.23301228575357136,-0.8690442844966719,-0.2358914118330148,0.414943834565338,-0.31370248879367274,-0.8105066500125383,0.4452701633801759,-0.2652037391153752,-0.19099942760842734,-2.058146289667758,113
1626181,11,34.0,46.0,G,8.987547471199573,8.249068840257195,5.135487983867356,3.9897649931521193,2.990854151706425,1.245149369020234,0.29172579456170245,2.0826188642692367,0.531631559983578,0.3852168478144403,0.8202849726486175,27.78829112272134,0.7092822415743313,6.937460711360326,6.367431289567673,3.9640676431373154,3.0796875316931502,2.308631274256053,0.9611270321557513,0.2251822585357718,1.6075672027218009,13.304892000928,6.367431289567673,2.4528418100422957,6.141014870347568,3.2516651182281624,17.986536668965595,0.4615606703097808,0.8202849726486175,27.78829112272134,0.7092822415743313,model,Norman Powell,G,,31-60,2026,1610612741,SG,heuristic,,False,True,False,False,False,False,0.15907376399116208,0.7296616787323268,-1.1819375814965387,-0.8803082991673015,-0.2825625007931188,-0.9795586922479912,-0.4882616177828578,0.3379221637069288,0.5174396261331146,-2.0685314589242756,114
203468,13,35.0,10.0,G,8.978404151523534,8.39311855127559,3.235775598511563,4.145028413913019,4.557633253592149,1.030819383734969,0.5547744975887502,2.099364750229617,0.5138514801846724,0.37718593279826396,0.7703525680342612,28.2157774142826,0.746846331451917,7.037018140968302,6.578287912624391,2.536109001393592,3.248755530634628,3.57214348386913,0.8079269523831624,0.4348164927523509,1.6454224584408292,13.615306053592693,6.578287912624391,2.4812376625387755,6.0972198503617285,1.9536980820383594,16.629375445300592,0.44782099104947004,0.7703525680342612,28.2157774142826,0.746846331451917,model,CJ McCollum,G,,6-14,2026,1610612737,PG/SG,heuristic,,True,True,False,False,False,False,0.06358705326851628,0.9075683401077552,-1.0349355768180737,-0.1070225412128347,-0.6385702351526962,-0.43551061856759105,-0.8885312252361571,-0.2901949052857277,0.3385829060311001,-2.085026802865709,115
1641750,1,25.0,34.0,C,8.042882617820231,0.4124250512598713,3.1507449876702154,9.288623975102148,1.8535949326357586,0.8410604971352634,2.1506847718687174,1.56286141408241,0.7009751953100738,0.34280030769514264,0.7164745940282871,21.90736625394915,0.7493268588837003,4.89439931239192,0.250976295840382,1.9173479004912752,5.6524802060493275,1.1279828632143267,0.5118172320130768,1.3087733053921964,0.9510604834018954,5.145375608232302,0.250976295840382,0.0860347514382701,3.516887265367687,1.373731058615475,8.493540340789119,0.6835044772515483,0.7164745940282871,21.90736625394915,0.7493268588837003,model,Ryan Kalkbrenner,C,,31-60,2026,1610612766,C,heuristic,,False,False,False,False,True,True,-1.6473120276545812,-1.899851363812859,0.06428830883108945,-1.4748809470663409,-1.6381300424479561,1.7270480638774084,2.0202625727254513,-0.6439561681326192,1.3799889950888389,-2.112542608591569,116
1642264,2,22.0,4.0,G,11.210641641519594,4.860001282289839,6.637035189298806,5.930319763062298,8.21957341614337,1.3270583392905086,0.3682432594369477,3.6137636887867104,0.5305035503387496,0.321897391708848,0.7373551313120297,29.719616670929458,0.7833091085455789,9.254888117253381,4.012149309163323,5.479170601595285,4.895745280395797,6.785626975731752,1.0955462539909488,0.30400134755888086,2.983324210279585,13.267037426416705,4.012149309163323,1.2915003977661303,6.201251401956956,4.040094558420304,17.734097760100347,0.4674179474016794,0.7373551313120297,29.719616670929458,0.7833091085455789,model,Stephon Castle,G,,1-5,2026,1610612759,PG,heuristic,,True,False,False,False,False,False,0.4794176898555543,-0.41317572965458704,-0.1791460470092891,1.8798321278268273,0.5195306987843559,-0.7210594774155018,-0.3797892336706578,-1.4329920500000304,-1.8966249410553648,-2.1440069623386933,117
204001,11,31.0,4.0,F,9.10848617510374,7.026182056887172,5.915210045259469,8.107034558937906,2.8458659117487333,0.9461898634550496,1.750043269170036,1.7772063174113395,0.5616641166739716,0.36347118392375666,0.8285252546375798,24.09816202724653,0.6036421420123309,6.097160435294026,4.70327982332776,3.959602502662749,5.426795343382578,1.9050038291427402,0.6333732399466128,1.1714673959764372,1.189650160911794,10.800440258621787,4.70327982332776,1.709506685709658,5.134062915818566,3.2806306717822524,15.258263189129043,0.47535681813712555,0.8285252546375798,24.09816202724653,0.6036421420123309,model,Kristaps Porziņģis,F,C,1-5,2026,1610612744,PF/C,heuristic,,False,False,False,True,True,True,-0.8431408028855821,-0.3813346769304724,-0.5187978267548817,-1.2461963292739935,-1.6435289090499363,0.8252035225290963,-0.1040013194602284,0.3951098059456921,1.368958467458521,-2.1477280684217845,118
1628381,9,29.0,19.0,F,8.969793802425063,4.4951518071551435,3.4375002830196677,7.945641248446906,1.7875650383869104,1.0890496385905508,1.0221153440609985,1.8976048694806888,0.6002441607532324,0.3698649253222346,0.7935404716871036,26.183000316080168,0.6892021358917854,6.523780943446371,3.2693489218769853,2.5001130832452674,5.778909092209582,1.3001059990305093,0.7920718619845385,0.7433901771283198,1.3801385804835595,9.793129865323356,3.2693489218769853,1.2092174948423593,5.125078912179257,1.9839409153495484,13.443316234550421,0.523334111020699,0.7935404716871036,26.183000316080168,0.6892021358917854,model,John Collins,F,C,15-30,2026,1610612765,PF/C,heuristic,,False,False,False,True,True,True,-0.8277044998094282,-0.6929527732128812,-0.08925427930877755,-1.436749943297346,-0.8999611883808423,0.18298459195722078,0.7323259453000753,-0.04522934915776679,0.898769671713105,-2.1777718241966406,119
1629640,7,27.0,29.0,F,9.45083632037887,5.472389418259078,3.8180227274565115,7.839878312334505,2.6410576543246083,0.9372043878800328,0.3221883947058239,1.5648428349114505,0.5818315097790192,0.3577426999584157,0.7852905583519896,24.14679159188954,0.8210050930137409,6.339093749923577,3.6705735220100997,2.560916641471946,5.258552992047665,1.7714741322539154,0.628624417587321,0.21610600056352713,1.049609272463011,10.009667271933676,3.6705735220100997,1.3131208821597642,5.001405369308543,2.0110636592744062,13.326995280051255,0.4996575044339478,0.7852905583519896,24.14679159188954,0.8210050930137409,model,Keldon Johnson,F,G,15-30,2026,1610612759,SG/SF,heuristic,,False,True,True,False,False,False,-0.3540419704271664,-0.30890031503934273,0.1139526745302792,-1.0177098740993074,-1.035402370359337,-0.9211844861416932,0.38693742054308905,-0.1501630885835189,1.0792423796353052,-2.2072696299416923,120
202699,15,34.0,19.0,F,8.028335625619787,4.651848149602279,2.8579743466001966,6.715598123980424,2.980375790227609,1.1577309292664064,0.6926297552241438,1.3565922802610182,0.5340674634904683,0.36546104123862205,0.8547704916837332,26.576239525022224,0.7103631426667605,5.926749182603906,3.4341286293850444,2.1098391886559917,4.957648452685935,2.200199468768509,0.8546704022697383,0.5113192854720655,1.0014755938336917,9.360877811988951,3.4341286293850444,1.2550402246424204,4.420324127339895,1.8034282806610908,11.8991167599833,0.4722125655436461,0.8547704916837332,26.576239525022224,0.7103631426667605,model,Tobias Harris,F,,15-30,2026,1610612759,SF/PF,heuristic,,False,False,True,True,False,False,-1.057269615606112,-0.6016984524773709,-0.36940512459419955,-0.9362429211840869,-0.6216180344996977,-0.30864575328871846,-0.16031131007118793,0.46312548814081167,1.382498215113294,-2.209567508467268,121
1629632,7,27.0,7.0,G,8.481432668578583,8.459564246527458,5.276599755956739,4.517166252598173,5.440790393507866,0.88309833290289,0.2716932807253266,2.888395781003319,0.5369010243931307,0.36921964664102264,0.8482458264631221,28.762395889589243,0.7078046933323522,6.7762867812375704,6.758814886445486,4.215768086992714,3.609014557120026,4.346949090287425,0.7055562183441444,0.21707082502119862,2.3076995260843547,13.535101667683056,6.758814886445486,2.495487244085486,6.133682558513568,3.57600768512799,18.33886004624061,0.45316856194428085,0.8482458264631221,28.762395889589243,0.7078046933323522,model,Coby White,G,,6-14,2026,1610612766,PG/SG,heuristic,,True,True,False,False,False,False,0.22202655418756817,0.7713506293502461,-0.9570725417343358,0.19989039238450965,-1.1113555081899231,-0.9995835185696267,-0.7042289693898416,0.815458759435174,-0.47748475112229305,-2.240998953648522,122
1629012,8,28.0,8.0,G,10.846056215876873,6.43376984469731,5.422693459915633,3.5314090371820823,5.586727085301184,1.336587664078282,0.2751920914850052,2.9356780002152596,0.5292297278009905,0.37820843644792335,0.8550988894229344,24.671662655463063,0.7522502137858591,7.433062225008402,4.409216644757306,3.71630177019512,2.4201592351058316,3.8287179443524786,0.9159955543775766,0.18859573462692714,2.011890480177092,11.842278869765707,4.409216644757306,1.6676029331738194,5.6014004312428405,3.1778055164543324,16.048209312113833,0.47300021329033787,0.8550988894229344,24.671662655463063,0.7522502137858591,model,Collin Sexton,G,,6-14,2026,1610612747,PG/SG,heuristic,,True,True,False,False,False,False,-0.03454891649650859,-0.03206313137744091,-1.4029704824603133,0.052315745382954165,-0.24916101437800148,-1.0383952587150782,-0.19656434903744252,0.8688844217362915,-0.2354914534787799,-2.267994438824319,123
1631106,4,26.0,17.0,F,7.342575171156854,5.7785330699753095,2.0444709431169965,8.850841901437343,2.2764839590732264,1.8490253555814833,0.9128964153345085,1.7056014701020723,0.5269720276332226,0.3541089260185028,0.7604372336498395,25.320744737741528,0.6616636265089249,5.164429767403931,4.0643544673178535,1.4379868576220873,6.225275236122274,1.6011741452015666,1.3005194178414028,0.64208936401901,1.1996416513547572,9.228784234721784,4.0643544673178535,1.4392241953804292,4.160734221478651,1.0934987480349658,10.854191386372698,0.45084315719773493,0.7604372336498395,25.320744737741528,0.6616636265089249,model,Tari Eason,F,,15-30,2026,1610612745,SF/PF,heuristic,,False,False,True,True,False,False,-1.4163574743280198,-0.506349164652417,-0.0065031515736287,-1.3141173251465879,0.5302365841472053,-0.10548141228812298,-0.4857044097248801,-0.19742991178991562,1.2163729699431824,-2.285333295413184,124
203897,12,32.0,13.0,G,8.300605682915975,7.3395499313295485,3.6915905311069532,3.8469283149755107,3.4642609134159157,0.8911567716888831,0.33337083092917325,2.1651023255786908,0.5464486159689919,0.40836535052666995,0.8460363579589678,31.02057139146169,0.6560077320475003,7.152486977201878,6.324362017389055,3.180979100506867,3.314830956459257,2.9850931384241304,0.7678942293655423,0.2872598239074812,1.8656308683453753,13.476848994590934,6.324362017389055,2.582650312088639,6.491116921516843,2.6912239729364233,18.25610812805875,0.48164945115301927,0.8460363579589678,31.02057139146169,0.6560077320475003,model,Zach LaVine,G,,6-14,2026,1610612758,SG,heuristic,,False,True,False,False,False,False,-0.06170810810907312,0.6582163001031233,-1.1878995605829143,-0.6395705632337548,-1.0915871935986947,-0.8848520299482262,0.0032806410481125516,0.5450267349157949,0.34868876771186047,-2.310405011693772,125
1631101,4,24.0,7.0,G,11.58292463311527,7.18280904459871,4.452894712890295,5.260923949034409,3.6150127587556473,1.3247727515398187,0.34344860750124434,2.8261613081971086,0.531090234685437,0.35189471531437716,0.7932195340479583,29.948724309499585,0.6960616730138472,9.635939348191135,5.975443551235192,3.704403225988327,4.376610026746538,3.0073616802026786,1.1020903863500895,0.2857179905704527,2.3511090520380526,15.611382899426328,5.975443551235192,2.102727007339039,7.220280297184505,2.9384050008442144,19.48169260255226,0.4625010060735766,0.7932195340479583,29.948724309499585,0.6960616730138472,model,Shaedon Sharpe,G,,6-14,2026,1610612757,PG/SG,heuristic,,True,True,False,False,False,False,0.3859433872922604,0.2962522679049605,-0.6582043168269185,-0.5382052790007171,0.10571919183352005,-0.8504576328045044,-0.5357204066740467,-0.07221412544699317,-0.4837715365635037,-2.3506584502859424,126
1641710,3,23.0,6.0,G,8.924517759304692,5.380993013425629,4.332275476507274,4.5341507815772975,4.867040142030625,1.5825396731157464,0.8165720827814805,2.5318195384415527,0.5182757836200179,0.3359323206282251,0.7416874441407098,28.53811685423874,0.7438708614140322,7.074692518965727,4.26565020580508,3.434305105369928,3.59433680109419,3.8582266752094636,1.2545195032734986,0.6473174866201945,2.007037828941384,11.340342724770807,4.26565020580508,1.4329697726243664,5.099611581762007,2.5471809760012127,14.179373912149593,0.44968760693827026,0.7416874441407098,28.53811685423874,0.7438708614140322,model,Anthony Black,G,,6-14,2026,1610612753,PG/SG,heuristic,,True,True,False,False,False,False,-0.46534171871587066,-0.32794643476938196,-0.8846236967700951,0.04471213699243376,0.8607008344394089,0.0813592987371319,-0.6962731368647957,-0.7923674507139126,-0.19419998340269515,-2.3739801510677765,127
1631165,4,27.0,61.0,G,3.5125630029975037,6.359119183401756,1.6640761271727875,3.629318073031755,2.4509919916961866,1.9861090526255436,1.0350832540643737,1.1758282233296684,0.5629322834501741,0.3773330402313286,0.786982769230314,21.845161044792086,0.7870609945312054,2.131458457790527,3.8587772962343916,1.0097780830245404,2.202306605226477,1.4872865216138584,1.2051908918645677,0.6280988994389913,0.7135043583235656,5.990235754024919,3.8587772962343916,1.456044168763749,2.6559109454869567,0.7946779520867308,7.562544011824393,0.443373358669968,0.786982769230314,21.845161044792086,0.7870609945312054,model,Keon Ellis,G,,undrafted,2026,1610612751,SG,heuristic,,False,True,False,False,False,False,-1.763795651862126,-0.20229919077139497,-1.4559595090552269,-1.2307026994979766,0.9305187163943027,0.12366221631809253,-0.46636500910400774,-0.049398015364603184,1.6847790450790285,-2.429560097863911,128
1629614,4,27.0,31.0,G,8.51404271262698,5.373084877727385,3.921160198824327,3.4943728163303867,7.833677697475385,1.2518158668356774,0.1814741969693679,2.5624262109324474,0.5149652951366445,0.3529927502754494,0.8160572016077969,29.960041199535393,0.7084589201208101,7.085585290136344,4.471606786258696,3.2632811418543124,2.9080987095498583,6.519369626673447,1.0417904151285835,0.1510270671626351,2.1325109680640413,11.55719207639504,4.471606786258696,1.5784447776318207,5.22727529778275,2.6630240766811264,14.696019449878449,0.45229630720243774,0.8160572016077969,29.960041199535393,0.7084589201208101,model,Andrew Nembhard,G,F,31-60,2026,1610612754,PG/SG/SF,heuristic,,True,True,True,False,False,False,-0.5037962996161277,-0.24582745124726696,-1.2573356798645687,1.3570857064543271,-0.02637341599972624,-1.1533700241915767,-0.6204005187965284,0.22434258124951328,-0.23014822421477388,-2.455823326226728,129
1641842,2,21.0,5.0,F,8.624806077276887,4.624100775006941,3.9657065190536547,7.063195098791476,3.0012113920153527,1.7732970051349581,0.6040112630248201,2.240335227349159,0.5599655690087327,0.32210588943653906,0.7850713962253538,22.434329939663947,0.8241026075607654,5.374770700090234,2.881627846132263,2.471332458120164,4.401612479847368,1.870282405198626,1.1050758359504333,0.3764052211658877,1.3961227684945299,8.256398546222496,2.881627846132263,0.9281893004035309,3.937875833771023,1.9401724234334328,10.74411339137901,0.47694837061526024,0.7850713962253538,22.434329939663947,0.8241026075607654,model,Ronald Holland II,F,,1-5,2026,1610612765,SF/PF,heuristic,,False,False,True,True,False,False,-0.9438083469890614,-0.8004256745682122,-0.30521633313355073,-0.952480578129896,0.758395787872093,-0.48346111124470154,-0.0804491253530931,-0.14790085226995647,0.49660122849023697,-2.4587450053261413,130
1629661,7,31.0,11.0,F,5.36672329163422,6.839802195789221,2.994257111536922,4.817328995727664,3.292706490447254,1.0043903323331602,0.4733524342765775,1.3680608130646479,0.551291703552168,0.3925904620207389,0.8448026232825996,29.086899030140284,0.6726000132020132,4.336148291846296,5.526350995973691,2.419268174265387,3.892254502602712,2.660406145097968,0.8115166717617688,0.38245429059649794,1.105351298241751,9.862499287819986,5.526350995973691,2.169592690798082,4.56007526946485,2.0438041000435043,13.333547329771285,0.4623650797213707,0.8448026232825996,29.086899030140284,0.6726000132020132,model,Cameron Johnson,F,,6-14,2026,1610612743,SF,heuristic,,False,False,True,False,False,False,-0.9116277836104095,0.2894094835800427,-0.9185208471275661,-0.7662949498558204,-0.900286201164333,-0.6580520006036855,-0.329372975889104,0.4140080179819571,1.317846008346633,-2.4628912483422862,131
1630230,6,29.0,61.0,F,9.400784832478978,3.8777787302827456,4.206033684993397,5.948006257724249,4.292978343853934,1.3298633773040496,0.17925601674408054,2.017506182124629,0.574674984817574,0.33948678337366134,0.7736003733070725,26.573115351384516,0.7769157043109846,6.939114992972496,2.8623517085263552,3.104650507864956,4.390473788812873,3.1688280203396184,0.9816281368522861,0.1323164113991713,1.4892062361035874,9.801466701498851,2.8623517085263552,0.9717305744117162,4.959466377645585,2.4017587918723224,13.292422121575207,0.5059922691863227,0.7736003733070725,26.573115351384516,0.7769157043109846,model,Naji Marshall,F,,undrafted,2026,1610612742,SF/PF,heuristic,,False,False,True,True,False,False,-0.5276535175734023,-0.8160752163328723,-0.43666400058741134,-0.26157146041786816,0.08535074864366567,-1.1672092276736403,0.48367393312959,-0.3266601330132263,0.483610854908675,-2.48319801891649,132
1631108,4,24.0,35.0,G,5.215446467483155,7.211033846778242,2.647922500897493,4.181975293670031,2.8894444372410164,0.9211929891057167,0.4603552952568003,1.6078169896673011,0.5079371731158043,0.38233301241075834,0.8652184461929635,27.96351039424965,0.8005999118572568,4.051171986225496,5.601272775768594,2.0568113438059603,3.2484085998065875,2.2444169320665552,0.7155497146102114,0.35758750233226116,1.2488946417392432,9.65244476199409,5.601272775768594,2.1415514936939766,4.199292340183293,1.7795911149998542,12.319727289060417,0.43504961113248214,0.8652184461929635,27.96351039424965,0.8005999118572568,model,Max Christie,G,,31-60,2026,1610612742,SG,heuristic,,False,True,False,False,False,False,-0.6587350635476498,0.6900590964797492,-0.9290042216706077,-0.7606731685232858,-0.7773502920607314,-0.5622940779048992,-0.9312670956097054,0.603037947843776,0.8005838490584836,-2.5256430259348708,133
1628960,8,31.0,21.0,G,4.464880608404888,9.613828605895517,3.293059069821468,4.0791845824888915,4.270202720161943,1.375002638409817,0.4337883598936561,1.8820428592017944,0.5233626904294961,0.39392310901790356,0.845933708865448,26.620790179842736,0.6489432999709956,3.301629162622086,7.109103170625404,2.4351065152095943,3.0164199132023937,3.157671406634022,1.0167682426066085,0.32077191419964246,1.3917074462300631,10.41073233324749,7.109103170625404,2.8004400233017948,4.528389544652175,2.059938685893669,13.917157798499812,0.4349731987816465,0.845933708865448,26.620790179842736,0.6489432999709956,model,Grayson Allen,G,,15-30,2026,1610612766,PG/SG,heuristic,,True,True,False,False,False,False,-0.8937415760430211,0.8514140542340491,-1.319782825921437,-0.5713466515006053,-0.3820525617885637,-0.8198454340220922,-0.8154985098032416,0.4118482140891721,0.9957143187416075,-2.543290972014132,134
1641729,3,23.0,28.0,F,7.9491443986372285,9.074473219733258,3.8798551753765227,4.991765931759755,3.336117933886358,1.1117798431412682,0.2939098291422011,2.4682530156461535,0.5522274395042033,0.37908190265142416,0.8296176316466639,25.028943449410367,0.7625483455942017,5.526630156241343,6.309013251385903,2.6974632160111427,3.470517422741893,2.319430752994595,0.7729631895049203,0.20434034702294485,1.7160490318734496,11.835643407627247,6.309013251385903,2.391632747188416,5.4435895674562875,2.2378630447211574,15.516674926822148,0.4599318668175043,0.8296176316466639,25.028943449410367,0.7625483455942017,model,Brice Sensabaugh,F,,15-30,2026,1610612762,SF,heuristic,,False,False,True,False,False,False,-0.10237685051516009,0.8614732352274438,-0.9012011129046483,-0.7818384933936764,-0.7021021537049286,-0.99241086359264,-0.5050947774320934,0.3523269289769104,0.1778142969297645,-2.593409790409028,135
1641783,2,26.0,18.0,F,5.751874421055166,6.359312432446996,2.1011839652711193,5.450099602006543,2.7675863059243837,1.1133785663278701,0.4553396730968521,1.3673129679441485,0.5364283072484719,0.37735412749433284,0.8506369477710136,25.6242875088135,0.7885389441121062,4.094102329991882,4.526468059094276,1.4955928343059988,3.8793033098190466,1.9699285335683745,0.7924870136037757,0.3241042971556358,0.9732339056980542,8.620570389086158,4.526468059094276,1.7080814050704867,3.904273787650057,1.2722065236822542,10.788835504052855,0.45290202520623907,0.8506369477710136,25.6242875088135,0.7885389441121062,model,Tristan da Silva,F,,15-30,2026,1610612753,SF,heuristic,,False,False,True,False,False,False,-1.0418074893208351,0.11302021111744256,-0.6505543448482733,-0.943429069291243,-0.540788565848788,-0.6635573206913978,-0.504386926159839,0.33773127554468724,1.2694827811503644,-2.624289448347882,136
1630529,5,28.0,35.0,F,4.9268149605327975,5.5393309911158335,1.8052702768872415,4.411181306730356,3.4562471248224336,1.789056242137908,0.6896741285192062,1.5477674710004377,0.5207735010547371,0.3562165764129986,0.8171735485926033,27.961342878960746,0.6771173719885011,3.8266767336847507,4.30242036562898,1.402160588923349,3.4261820282985997,2.6844808592106197,1.3895670837823073,0.5356726328409435,1.202157137598477,8.12909709931373,4.30242036562898,1.532593452933917,3.52542529293963,1.1458085441471877,9.729252582960365,0.4336798109149479,0.8171735485926033,27.961342878960746,0.6771173719885011,model,Herbert Jones,F,,31-60,2026,1610612740,SF,heuristic,,False,False,True,False,False,False,-1.5841874816763684,-0.3722069378195729,-1.099576511795498,-0.745041440873356,0.8957024639062725,-0.3103242476864636,-0.6828854878229724,0.09793395921665154,1.175537118197273,-2.6250485663540344,137
1627739,10,33.0,5.0,G,4.412379350771432,4.0661436711887555,1.132014166901264,4.605610677130663,5.1239978769337275,2.126480360592324,0.41836882357077654,1.752945960801656,0.5397718238300204,0.3576772868104656,0.7688301187530427,23.87257705456954,0.7776445417749509,2.9259685012578482,2.6963702251501065,0.7506693173948547,3.054105438143054,3.397862059570865,1.4101268406463632,0.27743172160897145,1.162426042270388,5.622338726407955,2.6963702251501065,0.9644303863682144,2.5437857407613547,0.5771371804369516,6.629139048327875,0.45244263367008997,0.7688301187530427,23.87257705456954,0.7776445417749509,model,Kris Dunn,G,,1-5,2026,1610612746,PG/SG,heuristic,,True,True,False,False,False,False,-1.9890098310986812,-0.823874054740912,-1.0661112960260366,-0.12617013511171282,1.6034052665040386,-0.7948541471689522,-0.32962659156498725,-0.09430380543071819,0.9940700821381864,-2.6264745124997755,138
1629023,7,28.0,12.0,F,7.9771367092641405,5.101739618702063,3.550302846148149,8.087934592645581,2.3065933977842588,1.1800486139422275,1.1199679518030161,1.931092134041643,0.5366600743030091,0.334694658387985,0.7070382978971248,29.992044768756866,0.6914651426161573,6.6458511475206645,4.250322306740357,2.9578011640088944,6.738158233038988,1.9216514569351253,0.9831130794073547,0.9330591375013609,1.608816714910311,10.896173454261021,4.250322306740357,1.4225601724932964,4.989123143128475,2.0912787005189832,13.49208515926923,0.45787846201892507,0.7070382978971248,29.992044768756866,0.6914651426161573,model,P.J. Washington,F,,6-14,2026,1610612742,SF/PF,heuristic,,False,False,True,True,False,False,-0.8095803465294809,-0.45711359569403115,0.321680175152548,-1.111997461263146,-0.2912994204981073,0.6209037125244511,-0.46178767370905727,-1.022362281922503,0.5734781996708654,-2.638078692268461,139
1631222,4,25.0,19.0,F,5.531045992574619,4.601071000452851,3.0422311384897007,5.966854489370572,3.208574502888904,1.653343525716008,0.6527471770688679,1.680970046846451,0.5644889848997269,0.3537729064339036,0.753276283047129,25.55421143598772,0.7585117597903298,3.9261532987895658,3.2660205882656586,2.159494937503096,4.235507256365227,2.2775719793039513,1.173608056457452,0.46334553825172126,1.1932184442965663,7.192173887055224,3.2660205882656586,1.1554295959837095,3.3716998861781455,1.6266963197814244,9.525525688121425,0.46880121909269634,0.753276283047129,25.55421143598772,0.7585117597903298,model,Jake LaRavia,F,,15-30,2026,1610612747,SF/PF,heuristic,,False,False,True,True,False,False,-1.4040947949115277,-0.6254422056671533,-0.5571716965770854,-0.8126934558064602,0.6652020191784712,-0.3474468377985218,-0.179794157918176,-0.40411166471782545,0.9918188005655337,-2.6737339936527458,140
201572,18,39.0,10.0,C,4.355654259394258,6.145019493848281,1.4126003566525243,6.0721002894452925,2.061718437843729,0.8321885586873794,2.021178269859812,1.2915335695066308,0.5793333672519663,0.36291621689608805,0.7839350008182859,22.1687074341615,0.7934738028595189,2.6822006933575193,3.78408720378727,0.8698756674450555,3.7391837452111125,1.2696009127826144,0.5124595746554738,1.2446363815779693,0.7953230512164108,6.46628789714479,3.78408720378727,1.3733066124033724,2.9271949717317427,0.6819259820703466,7.909622537937205,0.45268553121865407,0.7839350008182859,22.1687074341615,0.7934738028595189,model,Brook Lopez,C,,6-14,2026,1610612746,C,heuristic,,False,False,False,False,True,True,-1.672278280553167,-0.29068699440971935,-0.7064728675220081,-1.3531756761194185,-1.5330964077293108,1.7497543205624417,-0.3835896754825768,-0.054418954177056236,1.5445795613977658,-2.6993849740330496,141
1643413,0,,5.0,G,9.981621763382726,4.73880107727534,3.8033871634775416,6.543903004871947,3.777242054085678,1.1209715651761667,0.8446322839649381,2.546243153552083,0.500982246798603,0.3331034482758621,0.7460378079052893,28.044978783592644,0.8296174606899789,7.775954738330976,3.6916548797736914,2.962942008486563,5.097878359264497,2.9425742574257425,0.8732673267326732,0.657991513437058,1.9835926449787833,11.467609618104667,3.6916548797736914,1.2297029702970297,5.125318246110326,2.2104667609618103,13.690806223479491,0.4469386748236223,0.7460378079052893,28.044978783592644,0.8296174606899789,rookie_tier,Keaton Wagler,G,,1-5,2026,1610612746,PG/SG,heuristic,,True,True,False,False,False,False,-0.23633025878350075,-0.39977297235444637,0.06048111280760507,-0.2771076078718416,-0.08814337313534504,0.2935431089048095,-0.8530879248159554,-0.703862975418633,-0.502141994392481,-2.706422885059789,142
1643410,0,,4.0,F,9.981621763382726,4.73880107727534,3.8033871634775416,6.543903004871947,3.777242054085678,1.1209715651761667,0.8446322839649381,2.546243153552083,0.500982246798603,0.3331034482758621,0.7460378079052893,28.044978783592644,0.8296174606899789,7.775954738330976,3.6916548797736914,2.962942008486563,5.097878359264497,2.9425742574257425,0.8732673267326732,0.657991513437058,1.9835926449787833,11.467609618104667,3.6916548797736914,1.2297029702970297,5.125318246110326,2.2104667609618103,13.690806223479491,0.4469386748236223,0.7460378079052893,28.044978783592644,0.8296174606899789,rookie_tier,Caleb Wilson,F,,1-5,2026,1610612741,SF/PF,heuristic,,False,False,True,True,False,False,-0.23633025878350075,-0.39977297235444637,0.06048111280760507,-0.2771076078718416,-0.08814337313534504,0.2935431089048095,-0.8530879248159554,-0.703862975418633,-0.502141994392481,-2.706422885059789,143
1643409,0,,3.0,F,9.981621763382726,4.73880107727534,3.8033871634775416,6.543903004871947,3.777242054085678,1.1209715651761667,0.8446322839649381,2.546243153552083,0.500982246798603,0.3331034482758621,0.7460378079052893,28.044978783592644,0.8296174606899789,7.775954738330976,3.6916548797736914,2.962942008486563,5.097878359264497,2.9425742574257425,0.8732673267326732,0.657991513437058,1.9835926449787833,11.467609618104667,3.6916548797736914,1.2297029702970297,5.125318246110326,2.2104667609618103,13.690806223479491,0.4469386748236223,0.7460378079052893,28.044978783592644,0.8296174606899789,rookie_tier,Cameron Boozer,F,,1-5,2026,1610612763,SF/PF,heuristic,,False,False,True,True,False,False,-0.23633025878350075,-0.39977297235444637,0.06048111280760507,-0.2771076078718416,-0.08814337313534504,0.2935431089048095,-0.8530879248159554,-0.703862975418633,-0.502141994392481,-2.706422885059789,144
1643408,0,,2.0,G,9.981621763382726,4.73880107727534,3.8033871634775416,6.543903004871947,3.777242054085678,1.1209715651761667,0.8446322839649381,2.546243153552083,0.500982246798603,0.3331034482758621,0.7460378079052893,28.044978783592644,0.8296174606899789,7.775954738330976,3.6916548797736914,2.962942008486563,5.097878359264497,2.9425742574257425,0.8732673267326732,0.657991513437058,1.9835926449787833,11.467609618104667,3.6916548797736914,1.2297029702970297,5.125318246110326,2.2104667609618103,13.690806223479491,0.4469386748236223,0.7460378079052893,28.044978783592644,0.8296174606899789,rookie_tier,Darryn Peterson,G,,1-5,2026,1610612762,PG/SG,heuristic,,True,True,False,False,False,False,-0.23633025878350075,-0.39977297235444637,0.06048111280760507,-0.2771076078718416,-0.08814337313534504,0.2935431089048095,-0.8530879248159554,-0.703862975418633,-0.502141994392481,-2.706422885059789,145
1643407,0,,1.0,F,9.981621763382726,4.73880107727534,3.8033871634775416,6.543903004871947,3.777242054085678,1.1209715651761667,0.8446322839649381,2.546243153552083,0.500982246798603,0.3331034482758621,0.7460378079052893,28.044978783592644,0.8296174606899789,7.775954738330976,3.6916548797736914,2.962942008486563,5.097878359264497,2.9425742574257425,0.8732673267326732,0.657991513437058,1.9835926449787833,11.467609618104667,3.6916548797736914,1.2297029702970297,5.125318246110326,2.2104667609618103,13.690806223479491,0.4469386748236223,0.7460378079052893,28.044978783592644,0.8296174606899789,rookie_tier,AJ Dybantsa,F,,1-5,2026,1610612764,SF/PF,heuristic,,False,False,True,True,False,False,-0.23633025878350075,-0.39977297235444637,0.06048111280760507,-0.2771076078718416,-0.08814337313534504,0.2935431089048095,-0.8530879248159554,-0.703862975418633,-0.502141994392481,-2.706422885059789,146
1629028,8,28.0,1.0,C,11.218486772819842,0.35562527786617326,2.429511149101206,11.00112484664701,1.5583412930547957,0.8835201792611151,1.1819451903376526,1.6054616937365465,0.6361328434924524,0.335183231219618,0.6824881874753197,26.23097448799398,0.6381535160423152,8.174217786992644,0.25912215530537114,1.770234582510296,8.015839588656512,1.1354669639363304,0.6437665356062828,0.8612103926098376,1.1698006869404154,8.433339942298016,0.25912215530537114,0.08685340129584598,5.286741805462058,1.2081641916235812,11.868501203843543,0.626885888821584,0.6824881874753197,26.23097448799398,0.6381535160423152,model,Deandre Ayton,C,,1-5,2026,1610612764,C,heuristic,,False,False,False,False,True,True,-1.305567952741967,-1.9140441201599954,0.5988107753587038,-1.565409568340884,-1.5140096156955236,0.30575177232722434,2.029551656737502,-0.7165574801852255,1.311686762718088,-2.769787769982077,147
203952,12,32.0,1.0,F,8.02907876908907,6.249779874980966,3.2339982034149055,5.695405179793185,3.0291418093283613,1.1872851917191851,1.020932692752912,1.7611507626958374,0.5223879512336025,0.36683674856994253,0.76965833191908,27.484358276307645,0.6790166566050133,6.129835486620533,4.771421923112058,2.469010146877514,4.348182124727063,2.312611632147874,0.9064380995934638,0.7794355528782375,1.3445582927923572,10.90125740973259,4.771421923112058,1.7503329043297697,4.952485105584503,1.90029423113703,13.555597346635807,0.45430402378747137,0.76965833191908,27.484358276307645,0.6790166566050133,model,Andrew Wiggins,F,,1-5,2026,1610612748,SF/PF,heuristic,,False,False,True,True,False,False,-0.8448514578793986,-0.1355766047129431,-0.7152559561147561,-0.9307183888993401,-0.5836128621282534,0.23871237922223612,-0.5223193049308963,-0.2632311837769091,0.9758670315491675,-2.780986347671093,148
1631097,4,25.0,6.0,G,9.968327938176513,5.5493788202072665,6.474691511482327,6.337978251861719,3.2023232977645355,0.933345457112371,0.38251985018587376,2.4363192912540326,0.516926773815334,0.35282149203315327,0.848014877586543,28.868363752399798,0.6912458840327773,7.993592136735807,4.450041288377961,5.19204860383464,5.082418378598419,2.567939828129197,0.7484487822936053,0.3067422827133133,1.9536819865808412,12.443633425113768,4.450041288377961,1.570070206974648,5.7021720014131105,4.402934461204214,17.377348671005084,0.4582401141699477,0.848014877586543,28.868363752399798,0.6912458840327773,model,Bennedict Mathurin,G,F,6-14,2026,1610612740,SG/SF,heuristic,,False,True,True,False,False,False,-0.05157219219202494,-0.29755904507299336,-0.3745876074964661,-0.7770355267118354,-1.0296822309928395,-0.8070817080744991,-0.5191334828249838,0.9762677329711122,0.09327832864645115,-2.7871057317480794,149
1641731,3,22.0,7.0,G,8.114191724223568,4.766835222100276,4.002603357994266,5.697109917571769,3.7728632321444264,1.545293836441771,1.0392651213754858,2.1222925515624773,0.5189751265994094,0.3233437213566923,0.7496163311149233,28.47434181918321,0.6847953075375903,6.417951909498041,3.7703470974945943,3.1658748939483132,4.506151532622145,2.984161036364133,1.2222562474977772,0.8220108418555697,1.6786356542637912,10.188299006992635,3.7703470974945943,1.2191180613103056,4.549875466050972,2.3731915227703815,12.692060516182632,0.4465785174667736,0.7496163311149233,28.47434181918321,0.6847953075375903,model,Bilal Coulibaly,G,,6-14,2026,1610612764,PG/SG,heuristic,,True,True,False,False,False,False,-0.9898046441256818,-0.6906752268317646,-0.6342657670081143,-0.5755570855938116,0.42335636952097255,0.34968066615408155,-0.6321307624066136,-0.5783068705112682,0.4986722386394489,-2.829031082162751,150
1642844,1,21.0,2.0,G,11.504270948670001,4.529627393430461,3.4298851589451864,5.371249876429983,6.418784956402114,1.2746381865800762,0.5406050939879516,2.4777305858023793,0.5576261852761778,0.3523782665759198,0.7739776691847562,24.753230070215277,0.6979316939174097,7.910218488403398,3.114525250053715,2.3583537903829748,3.693216220996854,4.413490577696063,0.876428119130517,0.37171450746150336,1.703662090065988,11.024743738457113,3.114525250053715,1.0974910088208614,5.508435969210342,1.82531316979365,13.939676117035196,0.49964299396778855,0.7739776691847562,24.753230070215277,0.6979316939174097,model,Dylan Harper,G,,1-5,2026,1610612759,PG,heuristic,,True,False,False,False,False,False,-0.6966623445518967,-0.7987767660357129,-0.9430164408575655,0.20253511828427312,-0.600885705412913,-0.6508235305018174,0.3620006399667584,-0.21951064893436426,0.4189503589251704,-2.926189319118068,151
1630573,5,29.0,61.0,F,1.976932560565491,9.521625545011428,0.6329623686207759,5.572965762960562,2.1420737143695323,0.8463721742588208,0.3656534688050347,0.8254102869072973,0.5564196568802107,0.4054459843413985,0.817550743678587,24.500876630255934,0.7886990376547455,1.345460577020863,6.480227022161623,0.430781469588117,3.7928485173038022,1.4578523280189444,0.5760238951332457,0.24885640357270256,0.5617576558016624,7.825687599182486,6.480227022161623,2.627382023756049,3.376022736367848,0.3521857108247197,9.731613207316466,0.4314026970256934,0.817550743678587,24.500876630255934,0.7886990376547455,model,Sam Hauser,F,,undrafted,2026,1610612738,SF/PF,heuristic,,False,False,True,True,False,False,-1.2769204426359473,1.251481379875907,-0.6916048081434438,-1.2462967930601672,-1.3163168209735798,-0.8590442557587403,-0.802187423905169,0.03574781147091539,1.923863746793419,-2.981277606336806,152
1626162,11,31.0,15.0,F,7.2311799888437385,4.964259653001108,3.0889356719637227,6.004709612340592,2.0038496086454343,1.4839944575546087,0.633120808594551,1.4794145826330665,0.5466044493324719,0.3404273233202444,0.7587195370007734,29.594054157936935,0.6647871287859213,5.9444425615453165,4.080904695138222,2.5392813768466036,4.936213929730332,1.647278717850381,1.2199281207485926,0.5204614305017768,1.2161632022356843,10.025347256683538,4.080904695138222,1.3892514620909229,4.638510215032909,1.9266023905557417,12.592874282712483,0.46267825904390303,0.7587195370007734,29.594054157936935,0.6647871287859213,model,Kelly Oubre Jr.,F,G,15-30,2026,1610612754,SG/SF,heuristic,,False,True,True,False,False,False,-1.0801883810935724,-0.5514368433645129,-0.5153413272790193,-1.2873615194869918,0.3051486375077972,-0.3654373807942513,-0.3255080140178612,-0.3661555070847331,1.186656473433385,-2.99962386217976,153
1627749,10,30.0,29.0,G,10.409507056352739,6.007736602410691,3.7241102845915055,6.316096143797646,7.146131442648212,1.7240187080458702,0.3749329207281034,3.1334192380028028,0.5178742341690655,0.34577838243013304,0.8186039211748211,28.699796461110907,0.5675356896008721,8.29863149382837,4.7894671578098,2.968922421291834,5.035296493216665,5.697014385787459,1.3744162782239961,0.2989027364296222,2.4980137321669353,13.08809865163817,4.7894671578098,1.6560942065297193,5.953741636047375,2.430371535733339,15.993949014357808,0.45489736855721025,0.8186039211748211,28.699796461110907,0.5675356896008721,model,Dejounte Murray,G,,15-30,2026,1610612740,PG,heuristic,,True,False,False,False,False,False,-0.8808315801695125,-0.5257959374638782,-0.772839342116771,0.31731846536372976,0.16439572446764622,-0.9468538477829817,-0.5127090892822939,0.18700190023433286,-0.04236345367666663,-3.012677160426395,154
1642867,1,22.0,9.0,F,9.132317285888513,1.9613985833872212,3.5786244895794628,8.151557014395653,3.4195953859594046,1.41711222016925,1.370089639338792,1.8503398007339906,0.60552782221076,0.33472017473355176,0.6930154053958311,23.468481329967105,0.683247133829795,5.953378270089179,1.2786401676346368,2.332913389462741,5.314018433402967,2.229241957539721,0.92381865781973,0.8931645311445502,1.2062406963227976,7.232018437723816,1.2786401676346368,0.42798666033200355,4.032922839015966,1.6167449183518838,10.11057725671582,0.5576483071419376,0.6930154053958311,23.468481329967105,0.683247133829795,model,Collin Murray-Boyles,F,,6-14,2026,1610612761,SF/PF,heuristic,,False,False,True,True,False,False,-1.493720605062421,-1.5420599022114856,-0.30314603655173933,-0.9661256038354795,-0.5121964221646843,0.5057606296488205,0.975962859159635,-0.919171153663254,1.1550427371464183,-3.099653497534189,155
1630198,6,27.0,49.0,G,3.2062620207428303,10.216823964231232,2.319922577350404,4.380869690332228,2.740405007473897,1.178825263127716,0.26645577104040186,1.215616753279982,0.5379042310841797,0.4066373902096487,0.8636704513235568,21.72979254561797,0.7689395260317807,1.9353169043787655,6.166929589384523,1.4003176757699898,2.644316376119582,1.6541231195383455,0.7115452337582996,0.16083412853585036,0.733752773993102,8.102246493763289,6.166929589384523,2.507704153833983,3.5487193051880577,1.209412999028621,10.814555763238719,0.43799201961081874,0.8636704513235568,21.72979254561797,0.7689395260317807,model,Isaiah Joe,G,,31-60,2026,1610612765,SG,heuristic,,False,True,False,False,False,False,-1.0959665071958924,1.0255536185852212,-1.2737089530125472,-1.154651214571951,-0.8943349502943615,-1.098395157720805,-0.7032385167187458,0.3851977404185265,1.6794530962117904,-3.130090844298765,156
1642273,2,23.0,24.0,F,6.964028438981871,6.958420083368351,3.2565550399022625,6.16700343214868,4.901665763473513,1.2785875780066467,1.0038909607950974,2.6366125025891853,0.5146635991304395,0.35093092561016503,0.7833464275867453,27.97870218207128,0.6478025247687923,5.412346602270793,5.407987865841853,2.530949544470796,4.792909788441649,3.8095068497855684,0.9937005849651055,0.7802101726488729,2.049138777207457,10.820334468112645,5.407987865841853,1.8978301874484225,4.683367969514514,1.9826102840634985,13.247176410540948,0.4328302404437058,0.7833464275867453,27.97870218207128,0.6478025247687923,model,Kyshawn George,F,,15-30,2026,1610612764,SF/PF,heuristic,,False,False,True,True,False,False,-1.02085977502379,-0.0713585073480277,-0.6226809739970396,-0.25714663017571526,-0.4552569651763887,0.16015765530675266,-0.8850582103403838,-0.1345503791447472,0.13975294469740665,-3.147000841201933,157
1630169,6,27.0,12.0,G,7.445238641119356,8.143761093419077,3.3318112287032275,4.009478171785315,10.188926366859963,1.4511099345758545,0.6518591305324036,2.4078501661704848,0.546570711480434,0.3725446285208569,0.8456976675684126,27.545562360614046,0.4837732379911941,5.6967579244057385,6.231235529131045,2.549350388167746,3.0678703059564776,7.796102961834605,1.1103233109712713,0.49877295362266594,1.8423774140906661,11.927993453536782,6.231235529131045,2.3214133254260902,5.435094357300335,2.15597967708809,15.347581717114853,0.455658730738888,0.8456976675684126,27.545562360614046,0.4837732379911941,model,Tyrese Haliburton,G,,6-14,2026,1610612754,PG,heuristic,,True,False,False,False,False,False,-1.3477181688004742,-0.23833367667489952,-1.6073618510972256,0.7212988012934408,-0.9397515614139752,-0.710621882990567,-0.3869036554023492,0.3198341593692908,1.0196126270745025,-3.169945208642256,158
1630572,5,28.0,54.0,F,6.886146491426081,6.367080761969337,3.3039268974813605,8.404969310773405,3.3103633417028493,1.229326050251244,0.7395432887986656,1.560399127658588,0.6141100908144462,0.3630941413945877,0.7500644371570785,20.687061777373856,0.7530424146893318,3.957059385449377,3.658783140677452,1.8985705510034456,4.829836649136133,1.902269193204461,0.7064206651689579,0.4249716028450064,0.8966686986453746,7.615842526126829,3.658783140677452,1.3284827230132723,3.7585528215697463,1.4240502517414038,10.269638617894168,0.4935176651402251,0.7500644371570785,20.687061777373856,0.7530424146893318,model,Sandro Mamukelashvili,F,C,31-60,2026,1610612747,PF/C,heuristic,,False,False,False,True,True,True,-1.2604873207471292,-0.4308181902991107,-0.2993281166156805,-1.0341455829745803,-0.9632995240534411,-0.4510697122927331,0.17868920753412332,-0.3778652150035598,1.4554898610444078,-3.1828345934077036,159
1631217,4,25.0,43.0,F,7.944832945229824,0.6490486697259166,3.7962412962569307,11.97401810883495,2.7399952752144223,1.160266707979335,1.1506545695376156,1.6983135425637688,0.6241204501668195,0.321271887239447,0.662375046742088,23.964586174902536,0.7137725355430693,5.2887398266990235,0.4320606327042384,2.5270931023575813,7.970899689694963,1.823968135880606,0.7723697641455902,0.7659711274785991,1.1305383678548178,5.720800459403262,0.4320606327042384,0.1388089348707602,3.439619616325342,1.673883411795711,8.691931579317155,0.601247961842761,0.662375046742088,23.964586174902536,0.7137725355430693,model,Moussa Diabaté,F,,31-60,2026,1610612766,PF,heuristic,,False,False,False,True,False,False,-1.6926266621207617,-1.8455281594373654,0.9475963907106857,-1.1321531659062811,-0.8754189069245086,0.2963384787908541,1.268334337119402,-1.342775205576862,1.1897680596265772,-3.186464833718259,160
1626220,9,34.0,61.0,F,1.6112161011396258,8.458220690674557,0.5718547412949555,6.333195776582084,3.4479144822814547,1.2910427134732183,0.5605253083625905,1.5625458116286777,0.5188664841501148,0.37863439030818224,0.7361138902972573,24.74555039690953,0.7617809961846482,1.1075119230850747,5.813981288035282,0.39307945334516614,4.353289312858515,2.370015044042499,0.8874322925226209,0.38529186852304825,1.0740571146982596,6.921493211120357,5.813981288035282,2.201373260258419,2.7760240779439043,0.2893512455978295,8.042772661744058,0.4010730045192892,0.7361138902972573,24.74555039690953,0.7617809961846482,model,Royce O'Neale,F,,undrafted,2026,1610612766,SF/PF,heuristic,,False,False,True,True,False,False,-1.714448397716829,0.6311028355123836,-0.49424577378025447,-0.7542546391759046,-0.3083893517366252,-0.538479677332944,-1.1001161472531797,-0.10201348790090813,1.167074667394912,-3.2137699719893504,161
1629655,7,28.0,38.0,F,10.256433225836949,0.36090156392292233,4.793783621742857,11.153613803252226,2.1597260095466213,1.119737399671526,2.2785852710766448,1.8344851085322962,0.6645275812821834,0.32876822358495505,0.6945261339441811,20.52309455647609,0.6395316049154536,5.847048580723189,0.20574491449917318,2.732868737564307,6.358518631404508,1.231229475277947,0.6383465703300385,1.2989894714805466,1.045814204023767,6.052793495222362,0.20574491449917318,0.06764239005153162,3.9531674410389352,1.8980487588774528,9.872026031006856,0.6531145402795057,0.6945261339441811,20.52309455647609,0.6395316049154536,model,Daniel Gafford,F,C,31-60,2026,1610612742,PF/C,heuristic,,False,False,False,True,True,True,-1.6617123979942834,-1.933140285086282,-0.03843944116138763,-1.5182726913271984,-1.5257339626808701,1.2326799113385885,1.723169317352188,-0.9934041621422466,1.4683975791342707,-3.2464561325672205,162
1630224,5,25.0,2.0,G,10.492753005352915,8.856695787501309,4.2918380699744345,5.1679661517190585,4.169860535051817,1.1054740270272352,0.4484709879884917,2.758778238265399,0.5098305759625581,0.34870928915457616,0.7983371144421553,28.71902681256726,0.6727263636850882,8.37060152495489,7.065435660888933,3.423817016855353,4.122748846601658,3.326509347522755,0.8818927284108853,0.3577680646861118,2.2008173942964184,15.436037185843823,7.065435660888933,2.4637830468759727,6.731371643496792,2.7333601976142505,18.659886531483806,0.4360815902717597,0.7983371144421553,28.71902681256726,0.6727263636850882,model,Jalen Green,G,,1-5,2026,1610612756,PG/SG,heuristic,,True,True,False,False,False,False,0.10128228806814327,0.6004762468160869,-0.8240135489272237,-0.4297431038117331,-0.6845970986117444,-0.7126428104040653,-1.2236003387735084,3.287816441239458e-05,-0.16912607869876878,-3.341931566178401,163
1642267,2,21.0,14.0,G,6.089689394781095,6.887891049511008,2.2609079376486356,4.57110170075046,6.072262841622766,0.8759374472791541,0.33611796109187614,2.7496585313369817,0.4825507184059583,0.36464979362694755,0.7698218211897351,28.899026079796187,0.8608149926428342,4.888502573267697,5.529259529850371,1.8149454848368372,3.669455201760784,4.874513395095379,0.7031594203663992,0.26981893676339025,2.2072903779900424,10.417762103118068,5.529259529850371,2.016243346469771,4.375193775129474,1.3971846384971807,12.1638155352259,0.4199744371029518,0.7698218211897351,28.899026079796187,0.8608149926428342,model,Bub Carrington,G,,6-14,2026,1610612764,PG,heuristic,,True,False,False,False,False,False,-0.487049764734302,0.7231563092308613,-0.5899558080391696,1.0398890431900218,-0.6299652361197853,-0.7403880540189346,-1.4313875444108926,-0.2439070461135372,-1.0154499591357158,-3.3750580601514537,164
1630541,5,25.0,14.0,G,5.0225469685421755,8.330344191146075,2.8276177216839216,4.638064426585626,2.590524076318365,1.3295615351660148,0.703731578963691,1.4628859848426823,0.5272688902848268,0.3720870859584022,0.7879043944267549,24.790964884500376,0.7117975260711318,3.4587162646634133,5.736590842180668,1.9472047679182514,3.193947009209295,1.7839330946794822,0.9155864813911968,0.48461624617230187,1.007398752229519,9.195307106844082,5.736590842180668,2.1345113698026608,3.95818485648182,1.5342111934915197,11.585092276257821,0.43045705929013905,0.7879043944267549,24.790964884500376,0.7117975260711318,model,Moses Moody,G,,6-14,2026,1610612744,SG,heuristic,,False,True,False,False,False,False,-1.1156037400586818,0.38369750658520513,-1.1278183485723643,-1.156243372415468,-0.4189327526948501,-0.36889049302330945,-0.8667324516857106,-0.07915346228451917,1.3710949144463696,-3.378582199703329,165
1631212,4,24.0,30.0,G,8.346049765316101,4.4302640214814835,3.9138181239599485,5.71118794666133,2.712941261474915,1.120058249362529,1.5311424395549262,1.8764067954195502,0.5424738072495326,0.34029406389565464,0.7272991598737305,26.428907958135035,0.699218336099919,6.127138362820937,3.2524177792769806,2.8732760823060617,4.192790571497848,1.99166874709298,0.8222754550042262,1.124067294605319,1.3775384024489559,9.379556142097918,3.2524177792769806,1.106778463596644,4.430590538820786,2.0897312807464825,12.057690821984698,0.47236675933257954,0.7272991598737305,26.428907958135035,0.699218336099919,model,Peyton Watson,G,,15-30,2026,1610612739,SG,heuristic,,False,True,False,False,False,False,-1.063411029527002,-0.7863675475027229,-0.7279005848089464,-1.064073781651084,-0.7678899885326409,1.0850614380251193,-0.15548784778975538,-0.781407329565804,0.8745499645587931,-3.3869267067940427,166
1628415,9,31.0,45.0,G,8.838784294031866,7.550138166835395,3.033557791611304,4.2305376374641375,2.2660770281832368,1.0949843630071263,0.2486547706052019,1.6624059258632422,0.49257196520761043,0.37432880741444163,0.8339749578624279,28.82225921247865,0.6951215026214488,7.076492556826987,6.044778870404392,2.4287219168293137,3.387045899864955,1.814262763937237,0.8766645317833948,0.1990775625778485,1.3309526253219703,13.12127142723138,6.044778870404392,2.262734865642492,5.748416711135789,2.025493258247282,15.785061546161353,0.4380990625043963,0.8339749578624279,28.82225921247865,0.6951215026214488,model,Dillon Brooks,G,F,31-60,2026,1610612756,SG/SF,heuristic,,False,True,True,False,False,False,-0.3452815080153136,0.4677265590169428,-1.0786270891353051,-1.1627472189574355,-0.6113350187395037,-1.0498947673305548,-1.0270036773578894,0.32945378691310717,0.9512626946370045,-3.5264462389689477,167
1629652,7,28.0,61.0,G,3.2107754695266593,7.309131558876285,1.1781043023361264,4.828398408042054,1.932176126572926,1.2604546050564336,0.592547254755464,1.0826715040276023,0.5070045466743789,0.37407085380794103,0.787263459207021,25.825323401098917,0.7571029462394067,2.3033143019122555,5.243352396921065,0.8451367946682355,3.463748622139923,1.3860853704619014,0.9042124391107446,0.42507568012481123,0.7766761591296388,7.54666669883332,5.243352396921065,1.9613853079321768,3.129176131421813,0.6653453164736489,8.885082887249453,0.41464347854471556,0.787263459207021,25.825323401098917,0.7571029462394067,model,Luguentz Dort,G,,undrafted,2026,1610612737,SG,heuristic,,False,True,False,False,False,False,-1.5448910422318558,0.32975184817229947,-0.9157966210211762,-1.3216442948389364,-0.2695084875670663,-0.44512094962870263,-0.9909863213592257,-0.03878675908782625,1.6314151489262065,-3.5655674786362836,168
201950,17,37.0,17.0,G,6.223165655177913,7.063717782391894,1.9250839989918274,5.491723081486385,6.127520998923085,1.205939219274633,0.43415419334065924,2.5094944155727226,0.5215888392404465,0.37946908148887726,0.8471390722623452,26.628104029300736,0.6487500088302846,4.6030861793791376,5.224816998420913,1.4239260275082404,4.062060375386985,4.532340738918019,0.8919965273294067,0.32113063958422833,1.8561966210783254,9.82790317780005,5.224816998420913,1.9826565073382565,4.3835748845643625,1.2062633739135373,11.95606965038052,0.44603358470871857,0.8471390722623452,26.628104029300736,0.6487500088302846,model,Jrue Holiday,G,,15-30,2026,1610612757,PG,heuristic,,True,False,False,False,False,False,-1.2539810279683765,0.017839970019516756,-0.9079910040858615,0.09749704557733029,-0.7509213902259275,-0.8192826027825088,-0.58668652480285,0.24685279832038293,0.3883514533088003,-3.568321282639494,169
1642377,2,23.0,39.0,F,6.533773889654187,7.315495060109009,3.3105893152550667,4.560849172218544,2.698947361335789,1.056757141623052,0.21718731816099823,1.558836369034207,0.5288420280922425,0.3645749854047024,0.7917100465315937,26.887440355962248,0.7723600391636309,4.879901548817234,5.4637482528615955,2.4725909099168475,3.406376669182386,2.0157718389388255,0.78926373933686,0.16221141842014547,1.1642533304753333,10.34364980167883,5.4637482528615955,1.9919459395419845,4.572642971508966,1.957575064343863,13.09480694690378,0.44207248497206486,0.7917100465315937,26.887440355962248,0.7723600391636309,model,Jaylen Wells,F,,31-60,2026,1610612763,SF,heuristic,,False,False,True,False,False,False,-0.5878897679933616,0.41377007215518863,-0.9106111119608765,-0.9407751397766667,-0.6103921601245389,-1.093074463841252,-0.8172138334428871,-0.06926844028727965,1.0036152534025509,-3.611839591869123,170
1628392,8,29.0,43.0,C,8.896534694983966,0.27187143162107785,2.919915821586047,13.505073485485159,4.897261246310014,1.3372763440810602,1.2810171040265437,2.3039399733421293,0.6221983579598708,0.31701548628613224,0.664826006704159,22.281516889950026,0.6129272047734249,5.506341335230879,0.16826966376555388,1.8072264915528282,8.358708971301496,3.031066921504286,0.8276818179770213,0.7928612288800639,1.4259799285959351,5.6746109989964335,0.16826966376555388,0.05334408928584103,3.4793806264330565,1.2014911715890344,8.213596513740988,0.613148747473332,0.664826006704159,22.281516889950026,0.6129272047734249,model,Isaiah Hartenstein,C,F,31-60,2026,1610612760,PF/C,heuristic,,False,False,False,True,True,True,-2.0231357125336,-1.9497204724281463,0.6036372006488341,-0.7149356217140438,-1.075384717329242,0.09601553193370622,1.1877165558348721,-0.8097355480824235,1.0544544205505957,-3.6310883631194475,171
1642281,2,24.0,20.0,G,7.831571809695246,6.449155633798135,2.6220844539613792,6.816210325821764,3.460860945379523,1.1395042462223006,0.5206138177730398,2.0359744639953,0.5324232000615946,0.38287936959482205,0.7654738978542814,25.454052407441466,0.6934406791751326,5.537367757684,4.559920707956781,1.8539631974408468,4.81944930148919,2.4470259966266057,0.8056944667179035,0.3681036500453649,1.4395500196319142,10.09728846564078,4.559920707956781,1.745899566064867,4.694122627528879,1.4191604352234317,12.553305256346057,0.4648894248690742,0.7654738978542814,25.454052407441466,0.6934406791751326,model,Jaylon Tyson,G,F,15-30,2026,1610612739,SG/SF,heuristic,,False,True,True,False,False,False,-0.9859876287216848,-0.10077478852579745,-0.4786015538793962,-0.8357318946701275,-0.8417561304137187,-0.66458201457935,-0.3018132265645983,-0.23131236222819568,0.8038568053463147,-3.6367027942365535,172
1630551,5,26.0,61.0,G,7.13770762755289,4.611802767919827,2.529620037040557,9.593721856160549,2.287863492556206,1.5687216225621172,0.980328261023023,1.3817631610030527,0.5929609517912803,0.34927981744166153,0.7709852191462415,20.31254923029009,0.6779792331146156,4.027362154891255,2.602151965659989,1.4273064315642934,5.413137430693645,1.2908983284647602,0.885131532969821,0.5531379462187452,0.7796425620132157,6.629514120551244,2.602151965659989,0.9088791635211817,3.296947660093682,1.1004321619284367,8.603206645636982,0.49731361908910765,0.7709852191462415,20.31254923029009,0.6779792331146156,model,Justin Champagnie,G,F,undrafted,2026,1610612764,SG/SF,heuristic,,False,True,True,False,False,False,-1.7975290455161712,-1.033857939753088,-0.27932537036927046,-1.4523853829561642,-0.6535559010214874,-0.2697644540438512,0.18430017408378818,-0.14490802843710324,1.751331676220319,-3.6956942717930277,173
1628989,8,28.0,19.0,G,5.633872441709177,7.3973945866976765,1.5527710516741304,5.197956277215141,3.9968461190623747,1.369111805724806,0.6064100731968816,1.62690404291641,0.5777467491818788,0.35721617703352343,0.7755332661500348,22.537058683172567,0.7287707838230271,3.5269698286752345,4.6309865528607945,0.9720803420308739,3.2540734903378565,2.5021432092477576,0.8571042530401197,0.37963053904736366,1.0184897746416066,8.157956381536028,4.6309865528607945,1.654263312306588,3.691958665286273,0.7538806426154466,9.79206128549458,0.45255925535987346,0.7755332661500348,22.537058683172567,0.7287707838230271,model,Kevin Huerter,G,F,15-30,2026,1610612765,SG/SF,heuristic,,False,True,True,False,False,False,-1.429257547494863,-0.10877813223281406,-1.0682588710984704,-0.7407034117314502,-0.5420356790839579,-0.5940121382109588,-0.44642681753081387,-0.08844319212010275,1.3202944895586592,-3.697621299944771,174
1629014,8,28.0,24.0,G,7.050419138824626,9.481560428741444,2.512951789054821,3.420252225141781,4.260952004929011,0.8510254650653171,0.20784178540227594,1.919040049079309,0.5097309426963873,0.395234852410219,0.8894309421498109,25.918040262928308,0.6663516608689289,5.075917975293805,6.826207359653015,1.809188490208905,2.462395413349856,3.067653489504311,0.6126920074538937,0.1496347711770859,1.3816043682835957,11.90212533494682,6.826207359653015,2.69795505831401,5.285307512910059,1.6091482233731003,14.877718307507228,0.4440641788060682,0.8894309421498109,25.918040262928308,0.6663516608689289,model,Anfernee Simons,G,,15-30,2026,1610612755,PG/SG,heuristic,,True,True,False,False,False,False,-0.644432323806341,0.8207443789497404,-1.5121763231351693,-0.5751093995195641,-1.5256179037206226,-1.1773940812652923,-0.77030340520505,0.6013142356881739,0.9604203399569732,-3.8225544820571513,175
1641716,3,23.0,8.0,F,6.948296792329826,6.872035757605684,3.542587195588202,7.129285299533804,3.844146670541737,1.284533590117513,0.57780142367855,2.4806080305843454,0.5112891834603722,0.357166045675841,0.7418831366249147,25.109871282463633,0.7506077965022265,4.846412169104357,4.793220370054616,2.470941902447877,4.972651005757056,2.6812785580059484,0.895957586273657,0.40301442709423957,1.7302152319505146,9.639632539158974,4.793220370054616,1.7119755656252984,4.189893686279076,1.833150129005965,11.924913067189415,0.4346528427570778,0.7418831366249147,25.109871282463633,0.7506077965022265,model,Jarace Walker,F,,6-14,2026,1610612754,SF/PF,heuristic,,False,False,True,True,False,False,-0.9164909082662412,0.015915310678523423,-0.2413430461179672,-0.5987854916618817,-0.32437432661345394,-0.508815947869779,-0.8794037778185564,-0.5732748669687353,0.19770002217529922,-3.828873032462792,176
1642266,2,22.0,19.0,G,4.902811157618974,6.783773896230695,2.5311038715264793,4.695867805325124,2.747003428276506,1.6090529453058315,0.3847651352580513,1.3108643102328912,0.5152104581041477,0.36921064670509557,0.7976934989052888,22.694716399496116,0.7588991899389333,3.0907752439568847,4.276550685923901,1.5956301261655583,2.9603163358716085,1.731735104254969,1.0143611184858272,0.24255932291931215,0.8263803821932377,7.367325929880786,4.276550685923901,1.5789480444170836,3.1713477737530686,1.2728237782996916,9.194467370222913,0.4304611746428308,0.7976934989052888,22.694716399496116,0.7588991899389333,model,Ja'Kobe Walter,G,,15-30,2026,1610612761,SG,heuristic,,False,True,False,False,False,False,-1.4740405524996172,-0.12026183079289957,-1.1441386542838654,-1.1229115964423686,0.1178794114684589,-0.8992477883308899,-0.7403231078206074,-0.004250039001619571,1.552504963582326,-3.8347891941210834,177
1630174,6,27.0,14.0,G,6.177849648570229,7.350200060954499,2.9095927502948147,5.1615307096006235,2.3719041678517816,0.9967754818708383,0.6505319972118102,1.5391621642939102,0.5142941750321246,0.38644833065829154,0.8327741796694944,26.71703758809666,0.6538652091176739,4.58482892429057,5.454876980793103,2.1593249687688916,3.830578055014308,1.7602848002183102,0.739746889334343,0.4827857728268757,1.1422737054893501,10.039705905083673,5.454876980793103,2.108028103173836,4.465978912455278,1.7982300795063704,12.838216007590763,0.44483164693040456,0.8327741796694944,26.71703758809666,0.6538652091176739,model,Aaron Nesmith,G,F,6-14,2026,1610612754,SG/SF,heuristic,,False,True,True,False,False,False,-1.0737229938999122,0.16242695431879173,-0.9873265846630849,-1.2454095151799665,-1.1827326980778015,-0.4653936986504843,-0.6245232758424316,0.2662429098532392,1.3109189280077758,-3.839519974133875,178
203924,12,33.0,39.0,F,7.203088597458371,7.110063788694029,5.31098952148012,4.177297373584194,2.4577147556779324,0.9496597722391347,0.8012819425811161,1.9966543234817653,0.5049622099563255,0.3712029503749684,0.8167153617833629,28.313335534298137,0.6612240948520215,5.665096231753217,5.591933936654364,4.176995231689115,3.285367282356434,1.932947292364024,0.7468898826342157,0.6301934582742598,1.5703317724096186,11.257030168407582,5.591933936654364,2.075742375588012,4.936401888389367,3.411416171816357,15.359962324183105,0.4385172478477661,0.8167153617833629,28.313335534298137,0.6612240948520215,model,Jerami Grant,F,,31-60,2026,1610612763,SF,heuristic,,False,False,True,False,False,False,-0.5758893084199916,0.1532678400401638,-1.189230567514255,-1.150005158582647,-1.1365147226763064,-0.13234395544870212,-0.8300487289909456,0.27796566180354787,0.722963420746318,-3.859835519042818,179
1630598,5,28.0,55.0,G,6.87757054326622,6.902734644510229,1.9009261860338387,5.377835452772759,3.146335959164433,1.4274675668394037,0.5365695676181129,1.8041837918890298,0.533585891616673,0.37639788319314726,0.7880285932136932,21.633647526018308,0.7592686851349737,4.132970471342991,4.14809245180471,1.142332418934288,3.2317276843947482,1.8907423094166687,0.8578147276618511,0.3224432471955084,1.0841965618300677,8.2810629231477,4.14809245180471,1.5613332181487651,3.7666279521256962,0.9001906090751822,9.99477973147534,0.4548483675443405,0.7880285932136932,21.633647526018308,0.7592686851349737,model,Aaron Wiggins,G,,31-60,2026,1610612737,SG,heuristic,,False,True,False,False,False,False,-1.3013868814068477,-0.1403383839414972,-1.0182710443774292,-1.031825029779155,-0.42075264449579103,-0.6989906137515307,-0.43479233383686533,-0.048942631649008306,1.1569874720510707,-3.9383120911870537,180
1642345,2,24.0,40.0,F,8.012373931418868,0.37061959489991114,2.6031280389265716,8.143649726818873,3.7809196225972865,1.3060986727294024,1.0375216204603184,1.9537664718815908,0.6283230274656427,0.32338981899698244,0.5527737769164534,23.527819674143064,0.7733355431042851,5.236491361672996,0.2422186387919184,1.701275752460279,5.322286729499414,2.4710220856360556,0.853601501350416,0.6780728220615297,1.2768851454393548,5.478710000464914,0.2422186387919184,0.07833104175661396,3.3685391474206767,0.9404206232638496,7.755829959861817,0.6148416592838147,0.5527737769164534,23.527819674143064,0.7733355431042851,model,Oso Ighodaro,F,,31-60,2026,1610612756,SF/PF,heuristic,,False,False,True,True,False,False,-1.7508898977341771,-1.9059601542693367,-0.008401598084385965,-0.6750800948253474,-0.3807094954378869,0.22265069386291483,1.465424650025767,-1.768945304158687,0.8256077167299127,-3.9763034838912272,181
1642954,1,24.0,56.0,G,4.628575884984993,5.554630129989774,1.7907402480878098,4.525002401759717,3.1256804411033303,1.897910461710222,0.27170556025575426,1.5057003156484274,0.5798043078964683,0.36579622592596484,0.834636789348306,20.622151792139043,0.7720981583871687,2.65142206893319,3.181900713606615,1.0258032560099872,2.5920912885800726,1.7905071252820277,1.087194378591025,0.15564314739895405,0.8625216795214873,5.833322782539804,3.181900713606615,1.163927272308434,2.7012332099276644,0.8561731360992141,7.422566828262976,0.4630693878303711,0.834636789348306,20.622151792139043,0.7720981583871687,model,Will Richard,G,,31-60,2026,1610612744,SG,heuristic,,False,True,False,False,False,False,-1.8263057012191795,-0.5905044897670206,-1.2931330315255443,-1.0717018273143626,0.4343822895495936,-1.1099337130451232,-0.2154027706809351,0.1574284863514259,1.4742072414420093,-4.040963516209136,182
1642856,1,21.0,8.0,G,4.500887998946592,8.850574157072664,2.4130762827394805,4.5743085729518445,4.97492316070138,1.2146703746085192,0.47491740067564814,2.342818059255494,0.4923149965814761,0.37270617457452665,0.8243671834106419,25.79929422146894,0.6786269884003212,3.225548159519492,6.342737964090198,1.729324027701234,3.2781647981492323,3.565264065337086,0.8704899549063078,0.34034815974795274,1.6789736782806484,9.56828612360969,6.342737964090198,2.3639776029246793,3.9519633340519045,1.425597977920413,11.693502248948901,0.41302729485696066,0.8243671834106419,25.79929422146894,0.6786269884003212,model,Egor Dëmin,G,,6-14,2026,1610612751,PG/SG,heuristic,,True,True,False,False,False,False,-1.2033967680676365,0.5169854668045637,-1.1574628564003553,-0.29341323369220107,-0.6961188787863191,-0.7446565444217692,-1.1534414733755924,0.16727811300182707,0.5190979315844693,-4.045128243353014,183
1629630,7,27.0,2.0,G,13.128112463549318,5.668086021128622,6.547412864110017,4.579209849191883,8.738503439634513,1.3429724530802958,0.4071567775974294,3.6949560490662687,0.5177404437937223,0.3476991761560432,0.8450142252837243,27.3088559831949,0.5207454528501735,9.958714794395954,4.299692912537826,4.966732082458281,3.4736939524557986,6.628848109489783,1.0187511475157713,0.3088607167219421,2.802917294671821,14.258407706933781,4.299692912537826,1.4949996834133799,6.651029100679049,4.196959262850302,18.99401714762178,0.4664636639226337,0.8450142252837243,27.3088559831949,0.5207454528501735,model,Ja Morant,G,,1-5,2026,1610612757,PG,heuristic,,True,False,False,False,False,False,-0.6508587713459884,-0.7790933066511235,-1.4100516132724186,0.48143880504869363,-0.9699125078603861,-0.9758661608576165,-0.2897314052364477,0.6610544716238146,-0.12687966814130783,-4.05990015669278,184
1629631,7,29.0,4.0,F,7.3304442007851565,7.588232048345238,4.377227735697531,5.5096767536792015,2.5915200627650448,0.9854377243864694,0.33309888732001436,1.9193458049820986,0.5386704534413714,0.37811368187999694,0.844447624897926,24.80780465892616,0.6746062599822448,5.051450772117674,5.229093843387549,3.016372517078278,3.7967495733083347,1.7858312079656469,0.6790707380587846,0.22954033690946032,1.3226321056368133,10.280544615505223,5.229093843387549,1.9771919260192903,4.698259203972683,2.5471686078541307,13.920878941818788,0.4570048941655018,0.844447624897926,24.80780465892616,0.6746062599822448,model,De'Andre Hunter,F,G,1-5,2026,1610612758,SG/SF,heuristic,,False,True,True,False,False,False,-0.7921170379139642,0.09251722472915061,-0.9529207058278739,-1.2050751048736326,-1.2990609200876833,-0.9956089042932817,-0.4407897420676234,0.5137746008134404,1.0176698886352444,-4.061610700886224,185
1629048,7,27.0,18.0,C,7.918166553805303,0.5857420451202662,3.3332089790261965,11.65015238619547,3.3274911158853815,1.2401227948666687,2.1623664036730803,1.722855233587619,0.6627018856176268,0.31692028917691695,0.6836153053180523,17.941012792004752,0.6643001081087617,3.9461090953068094,0.2919112645643811,1.6611429147537247,5.805987027487157,1.658293352093939,0.6180294146210996,1.0776400919250013,0.8586046606824391,4.23802035987119,0.2919112645643811,0.09251260237974317,2.7076065406924332,1.1355827208462868,6.643308404610897,0.6388847411706932,0.6836153053180523,17.941012792004752,0.6643001081087617,model,Goga Bitadze,C,F,15-30,2026,1610612753,PF/C,heuristic,,False,False,False,True,True,True,-2.1986535738735267,-1.9045789907671513,-0.1657578235519847,-1.2824722381391616,-1.5152137088940936,0.8539823714739506,1.1493294215871377,-0.6931388534618519,1.6670268550890965,-4.089476540537586,186
1642258,2,22.0,1.0,F,7.613422676876518,6.481560592952003,2.794883592840672,5.909926499128232,2.2741556610648503,1.2387525187340145,0.8241830122376136,1.6887076313941642,0.5511244333782169,0.3513869084416485,0.6978920403336587,24.40462234726319,0.7262761173377414,5.161186255535028,4.393889958108248,1.894668849662186,4.006375675314104,1.5416641685327315,0.8397579833729081,0.5587187544080209,1.1447853333087752,9.555076213643275,4.393889958108248,1.5439554084124616,4.388411259053645,1.322274309247369,11.64305223576712,0.45927538001084955,0.6978920403336587,24.40462234726319,0.7262761173377414,model,Zaccharie Risacher,F,,1-5,2026,1610612742,SF/PF,heuristic,,False,False,True,True,False,False,-1.0563154929794003,-0.24100150775774096,-0.7412311737179331,-1.2689112791555244,-0.6090265773600932,-0.1683285104181374,-0.4001911892101851,-0.7567723467960323,1.1403770464113512,-4.101401030983696,187
1627751,10,31.0,9.0,C,10.07993419303919,0.07136765429578476,2.840347582799451,10.805180655740351,3.2384386378763015,1.2215528094370567,1.3774481917392776,1.933064677510767,0.6513229644545407,0.3349110509970827,0.6389226975256327,22.63366299331175,0.5960818748143644,6.33738426444469,0.04486976210983249,1.785763054804178,6.79335604288551,2.0360480209503264,0.768005961592542,0.8660193934048186,1.2153426237514877,6.382254026554523,0.04486976210983249,0.015027379186193077,4.142711285191869,1.1409645481170998,9.441414497687031,0.649098463952605,0.6389226975256327,22.63366299331175,0.5960818748143644,model,Jakob Poeltl,C,,6-14,2026,1610612761,C,heuristic,,False,False,False,False,True,True,-1.8554352253034687,-1.9869801232457172,-0.04881492935484265,-1.1983819056832994,-1.3004744279960894,0.19575098805446403,1.6538863048393604,-0.9291012563183559,1.356207270849852,-4.1133433041580965,188
1642274,2,23.0,21.0,C,8.63220913835854,0.5770335928729752,3.2204289153333194,10.839112382130057,2.290808804947672,0.684113020642148,2.1377136444050002,1.6177248390855299,0.5852063659472688,0.3220549985993294,0.6163804030929142,21.263112217382425,0.7542483526003614,5.098545322023103,0.3408202788460398,1.9021205948565427,6.402035081056965,1.3530479080047244,0.4040658868690681,1.2626234752670298,0.9554962441756263,5.4393656008691424,0.3408202788460398,0.10976287442638441,3.093464053944972,1.1724298589890096,7.4691208413053385,0.568717802945747,0.6163804030929142,21.263112217382425,0.7542483526003614,model,Yves Missi,C,,15-30,2026,1610612740,C,heuristic,,False,False,False,False,True,True,-1.8538201440549409,-1.8710960187405496,0.4246760166948038,-1.343314886932139,-1.9961348788081372,1.6335268458057772,0.9281284622716524,-1.4293121291842439,1.3637970618069353,-4.143549671140842,189
1629628,7,27.0,3.0,F,11.295899170004512,5.701219434541205,5.61549596417957,6.487548925187821,4.520896695777843,0.8756366746359251,0.43669559730750873,2.424990765012833,0.5593126996882979,0.3435349131663337,0.6947198949844305,30.21495189790204,0.6620968842319698,9.480695835145498,4.785057527056855,4.713109456681909,5.445027186384336,3.794407672175328,0.7349255556712049,0.3665204574075549,2.0353049810477617,14.265753362202354,4.785057527056855,1.6438343220533884,6.946507904532219,3.2742909067961827,18.81114103791401,0.4869359316793778,0.6947198949844305,30.21495189790204,0.6620968842319698,model,RJ Barrett,F,G,1-5,2026,1610612761,SG/SF,heuristic,,False,True,True,False,False,False,0.07353568456344556,-0.29273567903743747,-0.3187314453355204,-0.22378172934110457,-1.1695623074968957,-0.7060754508363959,0.1330303613466773,-1.7703652711397495,0.09913985624698052,-4.17554598103,190
1630583,5,26.0,30.0,F,7.4595635694038664,6.205092832773338,2.958605691919196,8.58447808771205,3.7919221999010637,1.1031889087597522,0.8357946025126202,1.7718235797146065,0.5754883080368968,0.3481382374982545,0.6870190451793314,25.078241755402942,0.6227027451689731,5.196464960647408,4.322578282639107,2.0610174666905774,5.980100467433386,2.641520601299951,0.7685010598821174,0.5822294194353443,1.234283891111288,9.519043243286514,4.322578282639107,1.5048547847662104,4.495359612742206,1.415958252063685,11.911532262314308,0.47224910086553534,0.6870190451793314,25.078241755402942,0.6227027451689731,model,Santi Aldama,F,C,15-30,2026,1610612742,PF/C,heuristic,,False,False,False,True,True,True,-1.3498106026397094,-0.5302148951092189,-0.24662011857667449,-0.8747464258903186,-1.2061308939770972,-0.31084312232210465,-0.1423411964827226,-0.7822233059045361,1.2671443982375599,-4.1757861626648225,191
1629060,7,29.0,9.0,F,6.491741412344877,5.349738529685471,1.844431285324112,4.821975658759756,1.508354527105732,0.8345753221513326,0.49873121580572394,0.960118536488652,0.5692520141784289,0.389749813230553,0.7407848851140197,27.21118926274023,0.7152681451903269,4.906889006002362,4.0436874343734726,1.3941435774187123,3.644769229745506,1.1401144586773642,0.6308274179186752,0.37697415290350267,0.7257213114182742,8.950576440375833,4.0436874343734726,1.576026422309795,4.369282872326628,1.0327604898305693,11.34735265679362,0.48815658985011273,0.7407848851140197,27.21118926274023,0.7152681451903269,model,Rui Hachimura,F,,6-14,2026,1610612746,SF,heuristic,,False,False,True,False,False,False,-1.152290421738607,-0.23167257440095235,-0.9251694729375189,-1.4972008198430347,-1.3304035333662325,-0.617175559563118,0.11043992117167281,-0.314218440386804,1.7704887768235784,-4.187202124241016,192
1629673,7,28.0,28.0,G,6.835698537701956,10.23881139455515,4.084608841207695,3.3469066099736624,5.040103676442562,1.2764764747924668,0.4952887694522151,2.798574882522615,0.4978327868210651,0.36293989156909373,0.8671108586883012,24.74129889246356,0.6337910354211176,4.69789057389056,7.036708139340295,2.8071813388644116,2.300189355625565,3.46385309744083,0.8772690553344069,0.34039131897493696,1.923343823373142,11.734598713230856,7.036708139340295,2.553902089095526,4.892666045675876,2.434137421236495,14.773371601683772,0.4169436182048011,0.8671108586883012,24.74129889246356,0.6337910354211176,model,Jordan Poole,G,,15-30,2026,1610612740,PG/SG,heuristic,,True,True,False,False,False,False,-0.7999950579985756,0.5395580973886447,-1.6233493628899325,-0.46161764223607693,-0.8540122801664009,-0.7948749088111455,-1.2455718224871224,0.6699902717876062,0.35851371118271586,-4.211358994230287,193
1630696,4,29.0,61.0,G,5.407465866581883,4.382087775926987,2.5926881310635848,5.323103016737512,5.325408372775404,2.6169184431206176,0.6462836306458095,1.6677535739916025,0.5243815549496028,0.34669542314756824,0.8220121905979855,18.759044614080242,0.6519704246780506,2.817747040009045,2.283438335873056,1.3510097866949475,2.773786860453448,2.774988145919174,1.3636358284974743,0.33676842946206936,0.8690406583277845,5.1011853758821015,2.283438335873056,0.7916576200868881,2.269232194381472,1.110546514280431,6.440668523130263,0.4448440954743924,0.8220121905979855,18.759044614080242,0.6519704246780506,model,Dru Smith,G,,undrafted,2026,1610612748,PG/SG,heuristic,,True,True,False,False,False,False,-2.2591269456117478,-1.1909169209839185,-1.4103452685467797,-0.7514194446254225,0.6599956171701814,-0.7822610761733536,-0.3162940128469379,0.11419271541483882,1.6746572357460572,-4.261518100457084,194
1630533,5,25.0,10.0,F,5.367890478266898,6.981111234489409,3.4541889053317356,4.943731599546249,2.2327744161217113,1.6694435938357313,0.6173230503295541,1.638088657826918,0.5414198167813843,0.35373200916768993,0.8267415201256578,23.207662863246274,0.6594115764145723,3.460449791845777,4.500424331690311,2.226768099469573,3.187012673573516,1.4393743305287283,1.0762190026373861,0.3979618119377529,1.056005814193186,7.9608741235360885,4.500424331690311,1.591944140955972,3.4655002332382923,1.8409616435227967,10.363906250955353,0.43531654683405224,0.8267415201256578,23.207662863246274,0.6594115764145723,model,Ziaire Williams,F,,6-14,2026,1610612747,SF,heuristic,,False,False,True,False,False,False,-1.5146134490414924,-0.3533707166699311,-1.2322526922690276,-1.3968955916890047,-0.15545331741577723,-0.640968454457025,-0.6289789534586432,0.22838623677453226,1.4128975748353612,-4.281249363391007,195
1629660,7,29.0,24.0,G,9.585977042379097,8.001846680562597,4.29946245602808,4.498562682606907,6.936990504066035,1.7503451714879654,0.2195946155411285,2.5639944539074806,0.5419397364898435,0.3772750647299419,0.8583276493440647,20.32057594199826,0.592476788732428,5.410904846331009,4.516725920794415,2.426876481874693,2.5392606839375853,3.915656731855407,0.9880006106091991,0.12395247393215036,1.4472734448747033,9.927630767125425,4.516725920794415,1.7040480641351192,4.636432410727363,2.083055185935899,13.059968071525745,0.467023051066781,0.8583276493440647,20.32057594199826,0.592476788732428,model,Ty Jerome,G,F,15-30,2026,1610612763,SG/SF,heuristic,,False,True,True,False,False,False,-1.2592852055664618,-0.4163699982389061,-1.5950286455817286,-0.368123776596886,-0.7205331534747382,-1.264002252678146,-0.22098264803325485,0.47231683514190664,1.0878335747679548,-4.284175270260261,196
1642860,1,21.0,21.0,F,8.81874848062468,5.692569106289887,4.263535287968484,4.815623445616496,3.7181101953083826,1.1942096781770726,0.28863290853257273,2.1621635884228296,0.5347948243985553,0.34837939204717777,0.7934627567501796,23.73600775986543,0.7787443456569109,5.814496732455803,3.7533017911240827,2.811091852213334,3.175102096492863,2.4514747902187373,0.787382505225483,0.19030535990782432,1.425586992025077,9.567798523579885,3.7533017911240827,1.3075729961613913,4.417135755161066,2.2304966905351606,12.372341197018685,0.46166688651260934,0.7934627567501796,23.73600775986543,0.7787443456569109,model,Will Riley,F,,15-30,2026,1610612764,SF,heuristic,,False,False,True,False,False,False,-0.7232367137900262,-0.40278340760657416,-1.0068226264798827,-0.6764738158131623,-0.5941453611763372,-1.0175330038603125,-0.3834512540863683,-0.058393942834544715,0.5780633936662014,-4.284776731981006,197
1628370,9,29.0,11.0,G,7.908422528427405,7.950013713303929,2.9274750064082045,3.6557333677691655,5.47850811124877,1.037994298778893,0.6529933009479708,2.4030047711865823,0.5131056190370221,0.36615694468937593,0.8542719967186723,23.473628224614774,0.6846005010635559,5.156649174318691,5.18376850796349,1.9088461093688318,2.383703498981453,3.572235073027503,0.6768192296890401,0.4257811661004627,1.5668677950224814,10.34041768228218,5.18376850796349,1.8980728388529162,4.543978505598457,1.630673777279181,12.616703627329013,0.43943858412841014,0.8542719967186723,23.473628224614774,0.6846005010635559,model,Malik Monk,G,,6-14,2026,1610612758,PG/SG,heuristic,,True,True,False,False,False,False,-1.0050799690053636,0.03851644726860179,-1.517605910255091,-0.27384826587110717,-1.275215501752128,-0.5451326880027604,-0.7724981838787022,0.40024314648890874,0.6536928240314676,-4.296928100976174,198
1631260,4,27.0,61.0,G,1.662112767810752,9.121232662665617,1.146587726453438,3.518472151506183,2.6414904133363484,0.7520277584364446,0.11648727239865306,1.198749665198569,0.5002923916699048,0.4053972786741954,0.8376942098061597,26.580316153974596,0.77248983369855,1.2272078569990987,6.734590219100323,0.846574007427759,2.597836171277488,1.950323619560366,0.5552537659945982,0.08600745911862102,0.8850873636235879,7.961798076099422,6.734590219100323,2.7301845478091242,3.344147301663302,0.7091701441946305,10.127649295330357,0.4200241289341564,0.8376942098061597,26.580316153974596,0.77248983369855,model,AJ Green,G,,undrafted,2026,1610612749,SG,heuristic,,False,True,False,False,False,False,-1.2350483495089186,1.309283227430861,-1.2898199159919663,-0.9785222458408003,-1.4317004786210448,-1.287076771161811,-0.9809029463353452,0.14093612073292403,1.438359604026901,-4.3144917552692,199
1629130,8,33.0,61.0,F,2.9729322786863395,9.175002070922742,1.6655703124253105,3.553081939451979,3.0990081712670623,0.8339787363396075,0.27073795042063215,1.2696082219452012,0.5633582387768563,0.3967508444707339,0.7961482339542431,24.192888658363294,0.7581865164620744,1.997883877975358,6.165827876169071,1.1193043644772473,2.387758770977868,2.0826099899672803,0.5604542975474067,0.1819425858366621,0.8532080653684124,8.16371175414443,6.165827876169071,2.4462974167312703,3.571821759508144,0.8911321930358369,10.481073128783395,0.43752423739052954,0.7961482339542431,24.192888658363294,0.7581865164620744,model,Duncan Robinson,F,,undrafted,2026,1610612765,SF,heuristic,,False,False,True,False,False,False,-1.2002654880711199,0.9101526206251117,-1.4091668954371936,-0.92418535562637,-1.449879748497894,-1.0513344087562428,-0.7061752735099388,-0.010158779670937748,1.512659207108518,-4.3283541218360675,200
1642848,1,21.0,6.0,G,8.436139002970885,8.19076841374786,2.805533334245012,4.29577603705939,3.5102529391477137,0.9641279804790388,0.4683134866016668,2.287625294922216,0.49963338851635625,0.3710994471258544,0.8525709933738965,25.41074583632753,0.6972657547174103,5.954682890122852,5.781487065721291,1.9802970692179038,3.03219091798618,2.4777262571640066,0.6805336407123501,0.33056097165998144,1.6147295816117286,11.736169955844144,5.781487065721291,2.1455066536544494,5.120665043586899,1.6883438394785242,14.075180580306771,0.43631483378757757,0.8525709933738965,25.41074583632753,0.6972657547174103,model,Tre Johnson,G,,6-14,2026,1610612764,PG/SG,heuristic,,True,True,False,False,False,False,-0.6725889539544175,0.3470451275248042,-1.2245428150092348,-0.8126420180921876,-1.2244734509342776,-0.7462409882938676,-0.9592997403106238,0.4100464239232535,0.5463347163820812,-4.33636169876447,201
1642883,1,24.0,33.0,G,3.610667171834156,5.234266111226837,2.182090459464484,5.576754404637805,3.4974084367263947,1.090803429986486,0.36745467425521616,1.4310545746869496,0.4880338420911001,0.36694117227587164,0.8297447708934041,23.60198396368512,0.8302196333394706,2.3671919079953905,3.4316406894121196,1.430601778655307,3.656179667435329,2.292938273279817,0.7151423628353825,0.24090720358757645,0.9382146423033226,5.79883259740751,3.4316406894121196,1.2592102574024635,2.414480019228416,1.187034345070044,7.275204640929339,0.4163734646017993,0.8297447708934041,23.60198396368512,0.8302196333394706,model,Sion James,G,,31-60,2026,1610612766,SG,heuristic,,False,True,False,False,False,False,-1.7389778272010092,-0.36015968172712043,-0.6648622087007036,-0.6805488090417373,-0.6825389536121471,-0.8467370423763485,-0.8134042330616156,0.20426602811882527,1.246300545554725,-4.3366621820471325,202
1628436,9,31.0,61.0,C,6.911056411901842,0.5153360952108088,2.6163961751644393,10.351054832876871,3.1649265962630078,0.8836967180557307,1.572944411805802,0.9642829080191613,0.6365928179713942,0.3507946611983906,0.7770848477433192,18.895034715840435,0.6795887271222444,3.6273514118338035,0.27048037248149676,1.3732471266701172,5.432876122577122,1.6611499419298956,0.463818893498258,0.8255788685321623,0.5061155284142672,3.8978317843153003,0.27048037248149676,0.09488307062546114,2.4040289276572575,1.0671295343423985,5.970070460282375,0.616760563483258,0.7770848477433192,18.895034715840435,0.6795887271222444,model,Luke Kornet,C,F,undrafted,2026,1610612759,PF/C,heuristic,,False,False,False,True,True,True,-2.299230444930526,-1.899830464529747,-0.2658820616167215,-1.2619880550251688,-1.948674812539737,0.34356486469047937,0.9293773850786107,-0.10858245304685153,2.123798752867244,-4.387447289052419,203
1641730,3,22.0,21.0,F,5.274174546511442,7.927858430723957,4.295852527025421,5.766702350102642,2.2641710657407614,0.9936693262097632,0.8521229284684931,1.9375886518268697,0.5317586067614166,0.3458903780375148,0.8000493811674918,27.008167758271906,0.6544974545749332,3.956827526071908,5.947692512800635,3.2228640476305235,4.326335124544251,1.6986419993597714,0.7454774405145083,0.6392855278540831,1.453631093196222,9.904520038872542,5.947692512800635,2.057249611703508,4.161326704162729,2.578450386893758,12.958353406922724,0.42014420565869476,0.8000493811674918,27.008167758271906,0.6544974545749332,model,Noah Clowney,F,C,15-30,2026,1610612751,PF/C,heuristic,,False,False,False,True,True,True,-1.0492125279623095,0.11235459082638982,-0.7887180895945104,-1.2748529294483453,-1.163556341260474,-0.12670099069183222,-1.0318450491494635,0.019805914767249414,0.8983593552881503,-4.404366067225146,204
1630692,5,28.0,61.0,G,5.161404433402447,6.516714540149375,1.1190981274829421,7.677565921036031,3.6260884843744505,2.0724831536954533,0.4358432110760258,1.5706428670171289,0.4912689292925563,0.3520262917654117,0.7536224916783639,21.720634541230933,0.641810050359164,3.114138317150658,3.93186597044751,0.6752089289675792,4.632266764917575,2.1878039662017614,1.2504346992854634,0.2629664195849703,0.947648880813062,7.046004287598167,3.93186597044751,1.3841201972952488,2.9139995940307752,0.5088526354520265,7.7209720208088255,0.4135676725544678,0.7536224916783639,21.720634541230933,0.641810050359164,model,Jordan Goodwin,G,,undrafted,2026,1610612756,PG/SG,heuristic,,True,True,False,False,False,False,-2.0454402287151834,-0.6067086779475098,-0.7027721886218574,-1.0554106470566662,0.2667309628093672,-0.9497005631629328,-0.7969645983423881,-0.10609178206706955,1.5906911972744016,-4.405666525829839,205
1630558,5,28.0,9.0,G,5.712045108092511,4.582426619214217,1.5647763858745964,3.2849643933688597,7.505244558904194,1.1931176831932873,0.2435696334882346,2.118783573482403,0.5391220539840468,0.3644514078911604,0.7112908602494118,26.320715323314577,0.7337790497738135,4.176253144556517,3.3503540703976737,1.1440564943680638,2.4017392401412923,5.487316818521471,0.8723253024039761,0.17808130512355255,1.549108313037375,7.526607214954191,3.3503540703976737,1.221041257890312,3.472551431140956,0.8137569280529864,8.97990104822521,0.4613700877390732,0.7112908602494118,26.320715323314577,0.7337790497738135,model,Davion Mitchell,G,,6-14,2026,1610612748,PG,heuristic,,True,False,False,False,False,False,-1.5837870146790907,-0.5947292070132522,-1.4383424205476456,0.9126234613830678,-0.47174840533193896,-1.0753155741383371,-0.28848066747535067,-0.40009457555509476,0.5245319393910814,-4.41534246396656,206
203501,13,35.0,24.0,G,3.709654980278665,8.943470818917321,2.6310399343333404,3.499569461291842,2.1289247640795814,0.7595023240583882,0.15089763319264723,0.9868569573073612,0.5121005091603557,0.38249344448583716,0.8278545249142387,24.110370642048238,0.8110204771662087,2.484476570239966,5.989733229734425,1.7620929997446413,2.343775466648317,1.425810142527606,0.5086634037929103,0.10106105181340459,0.6609301947601237,8.47420979997439,5.989733229734425,2.2910336945923984,3.563335411209259,1.4587566631583058,10.876461180169223,0.42049176210152683,0.8278545249142387,24.110370642048238,0.8110204771662087,model,Tim Hardaway Jr.,G,,15-30,2026,1610612748,SG,heuristic,,False,True,False,False,False,False,-0.9531945009299302,0.9153723216252414,-1.3541925241930117,-1.2413776945951667,-1.506215308645922,-1.235901629003077,-1.0877704978850633,0.23098834162380796,1.7363095039937702,-4.495981988009351,207
1626171,11,32.0,22.0,F,9.323043811947779,6.3787003479420195,1.7505068773048678,10.065203611959273,2.4375800088092516,1.0354102522902333,0.49077557561965507,1.580376320324451,0.5247302861158898,0.38355970075729884,0.7671790062610991,21.18271438002952,0.672950519223395,5.48576039502754,3.7532829885069647,1.0300135333951774,5.922453702471521,1.434293364029895,0.6092444344560644,0.2887766345290481,0.9299072279554135,9.239043383534504,3.7532829885069647,1.4396080999291916,4.31815272157521,0.7902047589855957,10.866118302065207,0.46738093353591875,0.7671790062610991,21.18271438002952,0.672950519223395,model,Bobby Portis Jr.,F,,15-30,2026,1610612748,PF,heuristic,,False,False,False,True,False,False,-1.3794740840041253,-0.4804467011625711,-0.0876249137225073,-1.3848364025280875,-1.517785122061996,-0.865441422267893,-0.2278164921108347,-0.11824250170164684,1.555244235629511,-4.506423403930151,208
1641796,2,26.0,44.0,G,7.489410520467416,4.16727544028792,4.2602361825570645,4.678427916371133,4.715239873945986,1.1114703056034232,0.29027252183117325,1.920982934325422,0.5634985551368462,0.3530251310901718,0.7852714927337022,24.479570352915815,0.7314980670414047,5.092709770490277,2.83369756445851,2.896909759748421,3.1812751477736803,3.2063068395870737,0.7557865428109956,0.1973818505467916,1.306245469099162,7.926407334948787,2.83369756445851,1.000366454162866,3.870101051565437,2.274860651352473,11.015429208646212,0.4882541217004515,0.7852714927337022,24.479570352915815,0.7314980670414047,model,Pelle Larsson,G,,31-60,2026,1610612748,PG/SG,heuristic,,True,True,False,False,False,False,-1.1688578190388046,-0.852468644466625,-1.0952207397596674,-0.34900758539485127,-0.8683268956877389,-1.030109554228099,0.10148897986789453,-0.15156690044523932,0.8900514981675971,-4.524017660985534,209
1630173,6,27.0,20.0,F,9.36277681246949,2.030343187903646,2.7256490551224632,10.009846191969906,2.2219989701264997,1.2879609851052336,1.1162800899430065,1.518804271235034,0.5768312966760545,0.3124730095369646,0.6092510123099191,22.35672506576432,0.6828374890535045,5.814472973569266,1.2608840122530356,1.6926829597537003,6.2163160906794195,1.379906113098045,0.7998497122063523,0.6932324185345128,0.9432080422419499,7.075356985822302,1.2608840122530356,0.393992221985749,3.747962206817583,1.031268806749692,8.921185442370607,0.5297205800820795,0.6092510123099191,22.35672506576432,0.6828374890535045,model,Precious Achiuwa,F,,15-30,2026,1610612758,PF,heuristic,,False,False,False,True,False,False,-1.7243692481776711,-1.5787694191894976,0.06986478600315452,-1.4020653373497218,-0.8987349164462072,0.054472180385168406,0.604244483156081,-1.1966286728868831,1.518374464420216,-4.5536116800853605,210
203081,14,36.0,6.0,G,7.949521041788965,8.47372765567249,5.688357362767335,4.626513467974094,7.107060472063199,1.1641662170439868,0.22908924869250566,2.772323938581978,0.502777086269589,0.3673366832271944,0.909613087444193,29.88430351750312,0.4298430050094966,6.599052767544418,7.0342069218549135,4.722016609582296,3.8405592417987164,5.899709785121823,0.9663971270823866,0.1901714622367665,2.3013602785950975,13.633259689399331,7.0342069218549135,2.583922239807957,5.901774762413206,4.295208107204912,18.682679871839284,0.43289535275281127,0.909613087444193,29.88430351750312,0.4298430050094966,model,Damian Lillard,G,,6-14,2026,1610612757,PG,heuristic,,True,False,False,False,False,False,-1.17652797116979,-0.2577286655841885,-1.5060908179327275,-0.20600745154194267,-1.493202014439655,-1.2366226699483027,-0.7389528965045608,1.236692576766588,0.8220512135010347,-4.556388696853544,211
1642363,1,25.0,24.0,G,7.192546866182787,4.87832135488304,2.16178463969071,5.367761627142958,3.785767138866318,1.313383722152971,0.4644002476767307,2.1294498744506734,0.5001066399266312,0.35340162210064474,0.7537566400831552,25.622458833552162,0.7504371784657813,5.119187110754529,3.472071891453586,1.5386177204855727,3.8204236477719835,2.6944628519171325,0.9347811209311669,0.3305298952330128,1.5156039373951444,8.591259002208115,3.472071891453586,1.227035838489751,3.7871753036049176,1.1597433233656085,9.961129769065195,0.4408172658549279,0.7537566400831552,25.622458833552162,0.7504371784657813,model,Nique Clifford,G,,15-30,2026,1610612758,PG/SG,heuristic,,True,True,False,False,False,False,-1.3334625890319272,-0.5557425021089631,-0.7672026904763186,-0.5917034619673335,-0.1926245218906564,-0.6883720931786818,-0.6804900991973065,-0.28182347387959905,0.5231958093954636,-4.568225622335322,212
1630194,6,28.0,58.0,F,10.398644691742481,1.9989546752272527,3.6195036584776994,11.10188612947516,3.3148298695936904,1.9516167344380475,1.8950844131916051,2.026856965781854,0.6218462952062821,0.32941338136034404,0.7073977481582081,15.370825722928787,0.6429955594313509,4.439882091984228,0.8534884428042171,1.5454099982767742,4.740143246998975,1.4153242285189824,0.8332766861944062,0.8091392290390814,0.8654018107315865,5.293370534788445,0.8534884428042171,0.28115051389611173,3.0420747439492213,1.0932195527621704,7.458519554556725,0.5746952199844065,0.7073977481582081,15.370825722928787,0.6429955594313509,model,Paul Reed,F,,31-60,2026,1610612765,PF,heuristic,,False,False,False,True,False,False,-2.090536344192919,-1.7172920152048854,-0.6572926309923232,-1.426234520941749,-0.9458953958591465,0.20911773651763746,0.8227658916357261,-0.4947706953986518,1.6951118120996613,-4.6050261623366495,213
1630549,5,25.0,29.0,C,10.070081936042508,1.3939779977671343,4.1751953908281605,12.982308912026205,4.563834814542451,1.6263196914318376,1.1751868981991014,2.86082701335114,0.6204670901355139,0.3173568632801595,0.6864413878102918,19.25529464670592,0.6188990384879776,5.386177633193592,0.7455960299453149,2.2331838182767973,6.943838424878354,2.4410551131363714,0.8698684680072191,0.6285713886047803,1.5301685298703305,6.131773663138906,0.7455960299453149,0.236620017337585,3.5785659803582024,1.5329497994534114,8.9267017775074,0.5836102532405452,0.6864413878102918,19.25529464670592,0.6188990384879776,model,Day'Ron Sharpe,C,,15-30,2026,1610612751,C,heuristic,,False,False,False,False,True,True,-1.8845745776407028,-1.7711832304263615,0.10194488002419702,-0.975399075965734,-0.9342234279837651,-0.22358892533148195,1.0051254133028327,-0.8467602591699173,0.9071913891549199,-4.621467814036013,214
1642268,2,22.0,29.0,G,9.922075998924887,2.8473888924671966,4.6113762110187695,3.9397006395535197,9.612280534397158,1.436195855603812,0.4165823303280203,3.5729548514885163,0.5379760570303768,0.31349656633418044,0.7251059365174269,26.21452300879197,0.6970249329685533,7.225069154688861,2.0734150454600004,3.357917438498541,2.868815918425783,6.999481923219929,1.0458108139404945,0.3033474189844462,2.6017585323255723,9.298484200148861,2.0734150454600004,0.6500084973373388,4.53692271294865,2.434845868990684,12.158699792225324,0.48792067774616615,0.7251059365174269,26.21452300879197,0.6970249329685533,model,Isaiah Collier,G,,15-30,2026,1610612762,PG,heuristic,,True,False,False,False,False,False,-1.0509904662087792,-1.2899033252418748,-1.2941735969892991,1.5522946945543152,-0.06778480578150393,-0.8090387713040624,0.10784012557864839,-0.938451192618643,-0.840790906315352,-4.630998244326551,215
1631119,4,25.0,34.0,F,3.33081475372554,7.141405092699353,2.5177455635301347,10.190430753677084,4.543285713686398,0.9931047873017015,1.0555672571109656,1.874432170599796,0.555440036696613,0.3662113656019029,0.7849418290944228,20.00627761389162,0.6700478940352966,1.8510334623188667,3.9686925788278518,1.3991865751424408,5.6631274073111815,2.524839868534383,0.5518980576234064,0.5866103218304469,1.0416780659285827,5.819726041146718,3.9686925788278518,1.4533803289466853,2.4815184231837355,1.0982800695366686,7.514697244850825,0.4263978073261293,0.7849418290944228,20.00627761389162,0.6700478940352966,model,Jaylin Williams,F,,31-60,2026,1610612760,PF,heuristic,,False,False,False,True,False,False,-2.02288980382443,-0.4725212086723563,-0.2036401228145795,-0.8395622074473313,-1.700501780413908,-0.21028707379713157,-0.5574422920804887,-0.06874826119784816,1.4096057785901166,-4.665986971657956,216
1630191,6,26.0,16.0,F,7.4262310319280935,3.09510985284159,3.3742953528163064,8.418016913627817,2.1512686107298764,0.6282813497807401,2.000187803093562,1.6828906865222861,0.6246483230153913,0.35285801367103226,0.7586673011847662,20.89423779191848,0.6478997022921587,4.310151029967494,1.7963878127050554,1.9584258189419272,4.885779086936981,1.2485866085244488,0.36465166451517483,1.1608999885092195,0.9767421717222663,6.106538842672549,1.7963878127050554,0.6338698353739561,3.3261984481862124,1.4857936306272375,8.772060362373619,0.5446945534748272,0.7586673011847662,20.89423779191848,0.6478997022921587,model,Isaiah Stewart,F,C,15-30,2026,1610612763,PF/C,heuristic,,False,False,False,True,True,True,-1.8397368107529182,-1.3564350911196865,-0.5858409268668703,-1.5021005317543252,-2.307570734970647,0.973558205359984,0.6485011711651204,-0.2755873794787122,1.541023046077122,-4.704189052340934,217
203110,14,37.0,35.0,F,3.6919996627616425,4.957716195518857,1.7879205188898992,7.48318100721136,6.934142081067714,1.3790153682857573,0.9567285370346015,3.0472250806723093,0.5538337988638194,0.33851248188292926,0.7134561728521994,24.42046722089555,0.6587694551404609,2.504454354000781,3.3630484956436453,1.2128292895865929,5.076188235962031,4.703749705437404,0.9354499888425983,0.6489932743874677,2.0670738943680256,5.867502849644426,3.3630484956436453,1.138433892952982,2.5254853619102677,0.8653005432715024,7.054705160045019,0.4304191112686573,0.7134561728521994,24.42046722089555,0.6587694551404609,model,Draymond Green,F,C,31-60,2026,1610612744,PF/C,heuristic,,False,False,False,True,True,True,-2.132458881620285,-0.8239031713892534,-0.47736482179542766,0.2163229227013109,-0.5801610644550207,-0.09661379656033287,-0.5122380378678961,-0.3713152489398182,0.07058201174228682,-4.707150088184436,218
1631248,2,26.0,30.0,G,2.915478907497119,6.501583165408393,1.1138262034728257,6.579919161728283,3.264227818079053,1.1823002430338927,0.2126631316140022,1.243527651401882,0.5490305956429803,0.3839992190112706,0.8412950804107008,21.20180761783081,0.7686500184558661,1.717039525294374,3.8290365412310057,0.6559758023813812,3.875171672440045,1.922431394991214,0.6963028416477557,0.1252456334412641,0.7323620564576577,5.54607606652538,3.8290365412310057,1.470347041398323,2.4130542747132333,0.551869215411918,6.8483248062367075,0.43509217071106876,0.8412950804107008,21.20180761783081,0.7686500184558661,model,Baylor Scheierman,G,,15-30,2026,1610612738,SG,heuristic,,False,True,False,False,False,False,-1.9582536320820754,-0.22711953839859558,-0.6993604715318937,-1.0002326734582798,-0.948532127470684,-1.1887328137160984,-0.5132604670603841,0.11860399867107581,1.6820381438081597,-4.734849581238775,219
1629057,8,29.0,27.0,C,7.538431589832075,0.6784514182003745,1.9891925917836724,14.171957552753103,1.9583617190729516,1.2176513445407293,2.703779643181165,1.5727365161963387,0.6924795776333001,0.3358751399973691,0.6763100515501135,17.899434404161386,0.5344109619375944,3.748157270901591,0.33733046268021855,0.9890395087187673,7.046389572057325,0.9737101980601952,0.6054241769096027,1.344336843511893,0.7819748362968241,4.085487733581809,0.33733046268021855,0.11330091637809571,2.7088232802352126,0.6688973611266884,6.19984483797521,0.6630354701518945,0.6763100515501135,17.899434404161386,0.5344109619375944,model,Robert Williams III,C,F,15-30,2026,1610612757,PF/C,heuristic,,False,False,False,True,True,True,-2.5094291876247743,-1.9060024185719355,-0.22119794540562418,-1.7186907771891802,-1.910765057928867,0.8623955158443971,1.0281054258836162,-0.35314143933629655,1.9746241195905447,-4.7541017647381185,220
203084,14,35.0,7.0,F,4.3673226396058356,6.52310218937846,2.466865040964552,4.244976911377231,2.630964540010266,0.8419240609883637,0.25850082085605114,1.1518394968105568,0.5592123300312916,0.38966200359394704,0.808949840347535,23.151505319121043,0.7923236122096249,2.8086137033653404,4.194989862071265,1.5864344199290161,2.7299334873137773,1.6919663761796255,0.5414391493407803,0.1662411980290562,0.7407449510328697,7.003603565436605,4.194989862071265,1.6346281547109844,3.2052395679277312,1.283345870723412,9.32845316128986,0.45765576791722884,0.808949840347535,23.151505319121043,0.7923236122096249,model,Harrison Barnes,F,,6-14,2026,1610612759,SF,heuristic,,False,False,True,False,False,False,-1.3572106959246242,0.031818808642347145,-1.1949254058482672,-1.1031192011024682,-1.4313952938226888,-1.0718720860562203,-0.3433177525752246,0.07305856656214789,1.6336626742041667,-4.763300385920831,221
1641737,2,24.0,41.0,F,7.341195389505449,0.7870336150904977,3.67049446288963,8.995788219165483,1.3352836239765582,0.9831042631281638,2.1533119546547277,1.7007405179512776,0.6240171693352334,0.33500943547254547,0.7116432020293332,19.23655738405706,0.7144519626824509,3.9227590660499083,0.420550480551951,1.9613243712011128,4.8068887859111475,0.7135072237949093,0.5253205992271126,1.1506196939303261,0.90878868247113,4.343309546601859,0.420550480551951,0.1408883790774168,2.5887573874580045,1.3957631557397283,6.714166309733154,0.5960333611228354,0.7116432020293332,19.23655738405706,0.7144519626824509,model,Adem Bona,F,,31-60,2026,1610612755,SF/PF,heuristic,,False,False,True,True,False,False,-2.0902101810960385,-1.8430482523321943,-0.4225302043540058,-1.7266420702990437,-1.6754162751203365,1.2040560728438539,0.9218786383985594,-0.6651365381217857,1.5078276189325643,-4.789221191148426,222
1642347,2,24.0,45.0,G,5.611784525072763,5.573711537487203,2.410729237660753,2.87882158453658,8.293636240825379,1.4476592131730566,0.24593458138207186,2.3911201408838143,0.47442407885924437,0.34580742581632185,0.7888246195382055,23.033468962231055,0.753932690285131,3.590524018916445,3.566164213976128,1.5424293631111636,1.841923544867337,5.306422581585722,0.9262392654030397,0.15735351519453444,1.529883098611469,7.156688232892574,3.566164213976128,1.2332060668733715,2.936637117169798,1.2167062555207202,8.323186556733688,0.41033464384725266,0.7888246195382055,23.033468962231055,0.753932690285131,model,Jamal Shead,G,,31-60,2026,1610612761,PG,heuristic,,True,False,False,False,False,False,-1.672548356271381,-0.5417087316132941,-1.6653641865838569,0.8932662578159088,-0.20704632151934335,-1.115003618140751,-0.9961495899678229,-0.06055166089016771,0.4907902945374998,-4.874315912633208,223
203471,13,33.0,17.0,G,7.481273673204447,5.638437924239186,3.642317712186818,3.8123051501585743,6.86876475034505,1.1257727094837873,0.24739113008678904,2.4305008946898488,0.47499780176758266,0.3553608883845255,0.8335115896900447,23.41626919852071,0.7468000852042539,4.8662088410989215,3.6675327859203635,2.3691525570862946,2.4797212128616692,4.467801234871933,0.7322610228227893,0.1609160360955141,1.5809239788139702,8.533741627019285,3.6675327859203635,1.303297708984034,3.6147362114479975,1.9747161140752316,10.507486245955262,0.42358163270412647,0.8335115896900447,23.41626919852071,0.7468000852042539,model,Dennis Schröder,G,,15-30,2026,1610612766,PG,heuristic,,True,False,False,False,False,False,-1.2284124567527022,-0.4733555835034418,-1.3839594008048581,0.3948408525830512,-0.895619912875529,-1.1099326514951156,-0.9575916549704115,0.3407767880721524,0.43590748212760677,-4.877346537619248,224
1631169,4,24.0,45.0,F,5.1832074849430185,6.520137128425572,2.9471804629982996,6.761267939562062,2.4645942970146533,1.6792337562606625,1.0287155415612312,1.8057940911760533,0.5882041588152238,0.35581693921326923,0.7926587731680893,18.600693745106064,0.6794475648342928,2.6780904179101817,3.3688631639427595,1.522766700105313,3.4934520631221724,1.273421214575126,0.8676364674069074,0.5315228538725386,0.9330284126857751,6.046953581852941,3.3688631639427595,1.1986985796224428,2.7739625011204123,1.207034384326697,7.953657966189964,0.4587371911445034,0.7926587731680893,18.600693745106064,0.6794475648342928,model,Josh Minott,F,,31-60,2026,1610612751,SF/PF,heuristic,,False,False,True,True,False,False,-1.918659931133408,-0.7226846092688131,-1.0669563718499875,-1.459874784225451,-0.701685364153728,-0.31550462258696027,-0.24266812623324954,-0.03215319797241571,1.5387778859042274,-4.921409121519785,225
1628971,8,30.0,42.0,G,6.814477825654054,3.3025432639383103,2.2257380150209363,5.767238917886795,3.3559965160052956,1.4085640004108804,0.3765665844829285,1.5391308410731506,0.51621772395467,0.3545606429267086,0.7918316026312333,23.39086025348954,0.7229507355268562,4.427680514454923,2.1458146657745623,1.4461646352842756,3.7472410993548957,2.180545708807712,0.915208991436308,0.24467267649372343,1.0000442893160524,6.573495180229485,2.1458146657745623,0.760821427498589,3.0464685850689515,1.145118860825761,7.998877458462253,0.4634472988177649,0.7918316026312333,23.39086025348954,0.7229507355268562,model,Bruce Brown,G,F,31-60,2026,1610612752,SG/SF,heuristic,,False,True,True,False,False,False,-1.8116569923675292,-1.137709378786369,-0.8631473758635063,-0.9261213931353226,-0.3737513051238078,-0.922957620052266,-0.22262472820108414,-0.037226022936378285,1.359154541541404,-4.936040274924859,226
1630538,5,26.0,26.0,G,5.165645397422784,9.05965232140726,2.4312628365166136,3.926305101857385,5.608997344525819,1.4829303258060624,0.4983427745964728,2.1615978707036336,0.5398567673269685,0.37010063211249417,0.8024263926881179,19.99761975170597,0.6767418565955208,2.869461456383636,5.032541172393406,1.3505408255864808,2.181021012670199,3.11573878011544,0.8237521326039745,0.27682414756639945,1.200744785400793,7.902002628777042,5.032541172393406,1.8625466690349521,3.411644854847557,1.0837096028533924,9.769545981583459,0.4317443330660549,0.8024263926881179,19.99761975170597,0.6767418565955208,model,Bones Hyland,G,,15-30,2026,1610612750,PG/SG,heuristic,,True,True,False,False,False,False,-1.5775150714036803,-0.022632062880510152,-1.6123228118199784,-0.5267665395782033,-0.8473647978278888,-0.8884988720964612,-0.6902887994745538,0.020477031999216425,1.1783759985674436,-4.9665359245146155,227
1642450,2,25.0,61.0,G,8.546993813229282,5.585918140589082,3.6164545933631222,4.158149849473061,6.776518947946455,1.5182012545367671,0.42701530614557814,2.5200554651087708,0.47431129793805055,0.3627293585753677,0.8237616686721198,21.407639771974203,0.6849808850151552,5.082526796858462,3.3217034263740843,2.150548810733866,2.4726715026502233,4.029702126266536,0.902808487735623,0.25392749586343943,1.4985677667345407,8.404230223232547,3.3217034263740843,1.2048793532262727,3.6155792350491325,1.7715396768909721,10.20757750021551,0.43020944679195855,0.8237616686721198,21.407639771974203,0.6849808850151552,model,Daniss Jenkins,G,,undrafted,2026,1610612765,PG,heuristic,,True,False,False,False,False,False,-1.4699939369144213,-0.7056286923135558,-1.4800292836887212,-0.037657018370756926,-0.5703387189147089,-0.9326858376404776,-0.7660201099407554,0.20508714456744556,0.7468709971916442,-5.010395456024307,228
1629750,7,33.0,61.0,G,3.67293591996157,5.550924742091054,2.291574158514937,5.896133629289387,1.7583518069171522,2.1154990821347264,0.6854868858476628,0.9945519646650434,0.5479880619931358,0.369014620769989,0.8096689723553969,17.77324533291433,0.6997983979076953,1.8133330888208434,2.740498535159125,1.1313530477181302,2.9109285974724113,0.8681005012753265,1.0444245607870992,0.33842573874072085,0.4910115573423266,4.553831623979969,2.740498535159125,1.0112840276724548,2.004968912763416,0.9160214595170848,5.937243312716371,0.44028174037122353,0.8096689723553969,17.77324533291433,0.6997983979076953,model,Javonte Green,G,,undrafted,2026,1610612765,SG,heuristic,,False,True,False,False,False,False,-2.2716304777369274,-0.8902504813956121,-1.2714343655372315,-1.6532974129474862,-0.05900919205630517,-0.7253361945218458,-0.34078400278016274,0.04913431697129081,2.1244872906123677,-5.038120519391914,229
1630540,5,26.0,36.0,G,4.668570032166878,8.37710725396739,1.6098990798050257,3.436898677187459,3.7997120606843775,1.3379659800046337,0.3223623204335237,1.2334673824327544,0.4853559489435116,0.38215815263761727,0.8114877841735582,23.62743517958389,0.6323832169645368,3.064064883788078,5.49804329543157,1.0566051709379167,2.2556972420567862,2.4938180670806465,0.8781306795846644,0.21157207862175922,0.8095464062378034,8.562108179219647,5.49804329543157,2.101122068903766,3.588284188199219,0.8574221889107337,10.135112634212938,0.41908886375764715,0.8114877841735582,23.62743517958389,0.6323832169645368,model,Miles McBride,G,,31-60,2026,1610612752,PG/SG,heuristic,,True,True,False,False,False,False,-1.63464314750683,0.08449393594720674,-1.6424112391864343,-0.9256549112099695,-0.8571497122113829,-1.0650219883370982,-0.8766775279124647,0.04812157467044101,1.7848963003027951,-5.084046715443737,230
1642914,1,24.0,48.0,G,6.5617016970169555,6.315697610960955,3.4913677301805133,5.478390908599293,6.386871717602367,1.4319398692995318,0.3887396745774051,2.3401158891020692,0.5198449536161173,0.36801856884463885,0.8242592885774531,21.00115351456845,0.638274400396964,3.8278695737738166,3.684359307760673,2.036743046592538,3.1959035690086077,3.7258798172006333,0.8353441394108486,0.22677726619454075,1.3651425841364833,7.51222888153449,3.684359307760673,1.3559126395515073,3.3458113205785036,1.6788043745994397,9.726339655307953,0.44538197295914517,0.8242592885774531,21.00115351456845,0.638274400396964,model,Javon Small,G,,31-60,2026,1610612763,PG,heuristic,,True,False,False,False,False,False,-1.6914931823124506,-0.642648982524574,-1.2697330276477772,-0.32444663011407787,-0.9577804774113604,-1.0289171645999629,-0.4493134456596562,0.18453195056167052,1.0598737064670993,-5.119927253241088,231
203932,12,31.0,4.0,F,8.282905821941865,4.575779450435838,4.722238424066863,7.074901024986898,3.650962423556709,0.806633651116826,0.4904067579240387,1.6752198431996455,0.5743778153250547,0.35847481974608797,0.7530831992439395,25.37387808575133,0.6231978395280849,5.838040070047578,3.2251463867401435,3.328375057336752,4.986602113243741,2.573307650860754,0.5685395534250782,0.3456533691109201,1.1807451130049795,9.063186456787722,3.2251463867401435,1.1561337696414198,4.509374470855477,2.506543336462892,12.681426047815265,0.4975484607268844,0.7530831992439395,25.37387808575133,0.6231978395280849,model,Aaron Gordon,F,,1-5,2026,1610612743,SF/PF,heuristic,,False,False,True,True,False,False,-1.2125765947806457,-0.8701517142034121,-0.6209915830356261,-0.9056684883702413,-1.7708982328841032,-0.7959514233019068,0.2350386000018207,-0.5139278361644318,1.3332212964247032,-5.121905976313842,232
1631243,3,24.0,39.0,F,5.169968521873519,4.217192713048992,2.1796563697206346,8.474098945984077,2.1528891341839422,1.7131184020575154,1.2795913650873534,1.147271381668921,0.5825346780193087,0.3238185408434454,0.7139525979659966,18.06836741621846,0.6808324913205519,2.5948025217637394,2.1166052056768985,1.0939675591448148,4.253142591039719,1.0805331078561087,0.8598125754405624,0.6422257479727455,0.5758144680585185,4.711407727440638,2.1166052056768985,0.685396009243934,2.1969584607832644,0.7810409809419606,5.860353911752424,0.4663061632275054,0.7139525979659966,18.06836741621846,0.6808324913205519,model,Mouhamed Gueye,F,,31-60,2026,1610612737,SF/PF,heuristic,,False,False,True,True,False,False,-2.3182386786988154,-1.2686075619129866,-0.7497718729448695,-1.5571092622859046,-0.7204381031339528,-0.064597927265086,-0.12647757720516417,-0.3441175880122783,2.026798514796356,-5.122560056662701,233
1628379,9,31.0,12.0,G,4.286686721085123,6.307661564131942,1.5967710948470988,4.080376045288231,4.277800667625591,1.1679261888011383,0.19676771169765156,1.4175118039991539,0.5571805471774361,0.42101267698886014,0.8784074739800698,20.938463237173895,0.6875304461362023,2.4932397866311766,3.6686872159197628,0.9287203574343859,2.3732445505031285,2.488071444862122,0.6792938768873681,0.11444481937900303,0.8244588554526758,6.161927002550939,3.6686872159197628,1.5445638258091876,2.9337485343689007,0.8157949032078065,8.227855797754795,0.47610894013421057,0.8784074739800698,20.938463237173895,0.6875304461362023,model,Luke Kennard,G,,6-14,2026,1610612756,PG/SG,heuristic,,True,True,False,False,False,False,-1.847228393493601,-0.33424017220732244,-1.517731508855215,-0.8254069932598929,-1.2584662051925872,-1.246709461733591,-0.05931576887829503,0.27994687481368447,1.6741493502790785,-5.135002278527741,234
1629001,8,29.0,46.0,G,7.277351558993383,7.397971879115662,3.040610298647875,5.055919401354726,3.977409116063863,2.1190992233053985,0.6334338731620587,2.277697560137442,0.5127810070022988,0.35146422038838876,0.8204182632795916,21.935995583454723,0.5533404392741761,4.434331990481283,4.5078299574112055,1.852744835615187,3.080739601622786,2.4235674667658182,1.2912375334258208,0.38597229566926494,1.3878767672116814,8.942161947892489,4.5078299574112055,1.584340941624953,3.858182165086453,1.520025700335644,10.820730972133504,0.43145966127305035,0.8204182632795916,21.935995583454723,0.5533404392741761,model,De'Anthony Melton,G,,31-60,2026,1610612744,PG/SG,heuristic,,True,True,False,False,False,False,-1.7538032831414998,-0.6250137452029457,-1.4733672993979077,-1.1027642363510586,-0.13352964783207685,-0.8020055034200663,-0.6423665692416207,0.1239634812511443,1.268402478182258,-5.140484325153773,235
1642383,1,24.0,18.0,G,6.078048541455428,6.43691717599958,3.3032664848195674,3.6339533719373542,7.074702682716165,1.1849712329504851,0.4475507626601051,2.7469151689876883,0.5032775681680074,0.35785882426536586,0.8760364098960456,22.0422458539676,0.6846847311380544,3.7214955628641593,3.941225303750266,2.0225392216545623,2.2250137123916036,4.331731552115385,0.7255396457381585,0.27402844285235384,1.6818938748560994,7.662720866614425,3.941225303750266,1.4104022533649796,3.2833474901912836,1.7718179986122051,9.748915232359751,0.42848324339940963,0.8760364098960456,22.0422458539676,0.6846847311380544,model,Walter Clayton Jr.,G,,15-30,2026,1610612763,PG,heuristic,,True,False,False,False,False,False,-1.5595806826255032,-0.4853189066037139,-1.5834971587452404,0.1166453799941747,-1.1233117620922246,-0.8875605938748706,-0.7216247735849614,0.5891583704947619,0.4945462631390929,-5.160543863898484,236
1630249,5,27.0,37.0,G,2.991806851422937,7.643364113244453,1.3877650609743872,4.104962560634214,3.146879638033709,1.1956362053669807,0.5499179403825961,1.2299705832431125,0.5736903107346637,0.3891685254145669,0.7667657198234774,21.91045789387743,0.6831446118489057,1.8208849456865632,4.651933543633789,0.8446268870853767,2.498378037242201,1.9152659390621622,0.7276926870580172,0.334693163273352,0.7485894076348912,6.472818489320352,4.651933543633789,1.8103861175025227,2.8550101678055184,0.6476309430582818,8.168037396171842,0.4410768156894965,0.7667657198234774,21.91045789387743,0.6831446118489057,model,Vít Krejčí,G,,31-60,2026,1610612757,SG,heuristic,,False,True,False,False,False,False,-1.868971002750065,-0.059843486674601834,-1.472118337960471,-1.127271028114653,-1.1217051257601212,-0.7523236221167812,-0.46374320665627766,-0.09973515275867573,1.7860033064263974,-5.179707656365249,237
1629011,8,29.0,36.0,C,6.183999214272311,0.0,2.5073666000491306,15.16830358695687,1.5643069602508386,1.57798612464616,1.9293017604689287,1.2969178126145675,0.6734562657856328,0.3145573891763258,0.507306455190772,18.735721223198297,0.577845571665521,3.2183801478634257,0.0,1.3049256006355292,7.894141873168408,0.8141227531880126,0.8212418923734859,1.0040794427658764,0.674963627404074,3.2183801478634257,0.0,0.0,2.167438276258715,0.6619971807460994,4.99687373326353,0.6734562657856328,0.507306455190772,18.735721223198297,0.577845571665521,model,Mitchell Robinson,C,F,31-60,2026,1610612738,PF/C,heuristic,,False,False,False,True,True,True,-2.629752474730771,-2.0010397812621785,0.2623779936952698,-1.756158495868468,-1.2242998491681567,0.4066944246117572,0.9259960673933672,-1.2015592694668025,2.0308502904155903,-5.186891094380392,238
1641775,3,23.0,38.0,G,4.940011472663435,4.239377857726641,2.13763322316719,7.654672742120176,2.093053699999581,1.3950657230954087,0.8150377111141665,1.3156834239832125,0.5796257468305213,0.346589770872062,0.7776037773427064,20.310732449873537,0.6919712247078191,2.787090314460355,2.3918019283945515,1.2060249019919336,4.318666946015075,1.180873713997482,0.7870779625494503,0.45983369130547647,0.7422915003682377,5.178892242854907,2.3918019283945515,0.8289740823336237,2.444443387336819,0.9378095193582948,6.655670376365557,0.4720012065725661,0.7776037773427064,20.310732449873537,0.6919712247078191,model,Jordan Walsh,G,,31-60,2026,1610612738,SG,heuristic,,False,True,False,False,False,False,-2.1442955494723117,-1.1006831174863667,-0.6934413011972794,-1.4959677037041825,-0.9056996281123009,-0.4571027134421411,-0.08836048731430877,-0.0947265481053123,1.7814651807388653,-5.198811868095337,239
1642366,2,27.0,52.0,C,4.721519891447497,8.131493765073207,1.412217110928676,8.412049668356163,3.0100778334232765,0.8657629675515252,1.015822385725637,1.6834072583197692,0.596630785608669,0.37213904351924704,0.755813027552158,19.089012053568332,0.6722109642050741,2.5035875033056647,4.311727291527728,0.7488285959103596,4.460492153179619,1.5960947790109936,0.45907110342011537,0.538640160150034,0.892627262364736,6.815314794833393,4.311727291527728,1.604562070184962,3.098279449122267,0.5659744081926403,8.367095376622137,0.4546054793347235,0.755813027552158,19.089012053568332,0.6722109642050741,model,Quinten Post,C,,31-60,2026,1610612763,C,heuristic,,False,False,False,False,True,True,-1.856396696785073,-0.3080758351988566,-0.6873665964201618,-1.3040054004964878,-1.978739324104275,-0.31241251670010983,-0.31969133741309547,-0.11719502820900707,1.6071866215148058,-5.27669611381226,240
1630631,5,29.0,61.0,G,4.22924234704305,7.549180686052767,1.3195715726258295,4.279749016973723,6.038813754671686,1.770483243005115,0.30144550461850905,1.968691433151296,0.5094619589218015,0.36176529296365295,0.7818138894684754,20.108451013190063,0.6744741125149736,2.362319793289559,4.2167313893114615,0.7370705646262408,2.3905312071267897,3.3730886267664992,0.9889354322678399,0.1683778378546569,1.0996482012113826,6.57905118260102,4.2167313893114615,1.525467066403292,2.7289791358923363,0.5762520049431665,7.559677343131131,0.4147982832402039,0.7818138894684754,20.108451013190063,0.6744741125149736,model,Jose Alvarado,G,,undrafted,2026,1610612752,PG,heuristic,,True,False,False,False,False,False,-2.0049195634589787,-0.38610972658480064,-1.5294735591771222,-0.40180195284974873,-0.34938345827705136,-1.1317100156339985,-0.7678553885197084,-0.04496902232108068,1.3214269274035833,-5.294795759418907,241
1628398,9,31.0,27.0,F,8.988122013732653,5.187469044760362,3.5264744391763636,6.5500735223541104,3.571660568666503,0.8186517622298345,0.5653488945120638,2.350630699751499,0.5522763419752791,0.3386010936450153,0.7151858296946377,25.786343606713107,0.7100862800876657,6.438077850699231,3.715718312149403,2.5259689335803506,4.691734624907131,2.558335185282855,0.5863898787527697,0.4049522458767634,1.683726969896684,10.153796162848634,3.715718312149403,1.2581462841705982,4.813744368906836,1.8065371875455423,12.692172209529813,0.4740832188969556,0.7151858296946377,25.786343606713107,0.7100862800876657,model,Kyle Kuzma,F,,15-30,2026,1610612749,SF/PF,heuristic,,False,False,True,True,False,False,-0.8990843532188509,-0.598782006875651,-0.4849601938804244,-0.7458443999903782,-1.4887089614032019,-0.558118650645218,-0.13883592598666517,-0.8165960565668899,0.405733325893566,-5.325197222673713,242
1642874,1,23.0,27.0,F,6.948791854297398,6.338571160449373,3.463919380745971,8.374492402757085,3.8596515317120987,0.9934165627632042,0.8845945064052431,2.157984555908149,0.5273662357288792,0.3455560201292283,0.7704178242298195,22.1532415543685,0.6400544301641773,4.276062901646624,3.9005527229719115,2.1315845212923343,5.153393141486154,2.375105352714069,0.6113165855278816,0.5443509938350757,1.3279542538230518,8.176615624618535,3.9005527229719115,1.3478594752543982,3.6029106714356867,1.6422107090560016,10.195891527181773,0.4406359350668112,0.7704178242298195,22.1532415543685,0.6400544301641773,model,Danny Wolf,F,,15-30,2026,1610612751,SF/PF,heuristic,,False,False,True,True,False,False,-1.6016832581914697,-0.6469510633822322,-0.505060979661814,-0.9683219013158858,-1.6028648311496376,-0.35746505417949914,-0.5548457670772643,-0.2085432264751865,1.102989829111231,-5.342746252321759,243
1630171,6,26.0,5.0,F,5.371988994876628,4.9958028731510895,2.536074689102187,3.961365043205346,2.452239628557446,1.0499580858115778,0.6186811101065305,1.1027562426607516,0.5708488223803921,0.3617737467902589,0.7566400219845192,24.482711627925188,0.6824453411667638,3.653357150832005,3.3975222525921733,1.7247218133380242,2.6940266112705524,1.6677076574595093,0.7140505843425885,0.4207497557884116,0.7499573079154853,7.050879403424178,3.3975222525921733,1.229134355123551,3.3146489824109855,1.3049935507612624,9.163425870706785,0.4701043363188519,0.7566400219845192,24.482711627925188,0.6824453411667638,model,Isaac Okoro,F,G,1-5,2026,1610612741,SG/SF,heuristic,,False,True,True,False,False,False,-1.6786472954695486,-0.684442885851326,-1.3920582797402161,-1.255068104069165,-1.1663411605859717,-0.5594779958831282,-0.14232029998012383,-0.26870661159760073,1.7851760873763656,-5.361886545800715,244
1630314,5,27.0,61.0,G,10.857822337456122,4.092336482135543,6.45900217414096,4.655485270448241,6.2509971479753155,1.4991206953424012,0.42099292353227824,2.8491948050182123,0.554150790630269,0.3216223283122557,0.7974637898834779,21.182586771209643,0.627067129742664,6.388798994709517,2.4079520174950817,3.800510389143684,2.7393116862043962,3.6781191525991983,0.882090394711293,0.24771442035521415,1.6764810051493895,8.796751012204599,2.4079520174950817,0.7744511343309616,4.314809148427108,3.0307694184180534,12.434838849603231,0.49050031567799846,0.7974637898834779,21.182586771209643,0.627067129742664,model,Brandon Williams,G,,undrafted,2026,1610612744,PG,heuristic,,True,False,False,False,False,False,-1.2424024657726076,-1.238796417558783,-1.4654480107218877,-0.37826150889806104,-0.8670835910573083,-0.994012522404301,0.1286937078743723,-0.011361771559160348,0.6968892062319906,-5.371783373865745,245
1631255,2,26.0,52.0,F,6.484220069106834,3.5252240896967386,2.0720593517491532,9.01224312960669,2.1690695718276585,1.0481969150198078,1.7442677001620126,1.4701081398393714,0.6449379951849454,0.35616104576478025,0.7572098300897897,17.915316411253706,0.6280502439904946,3.226857061618064,1.754319582985858,1.0311555252634257,4.484921867834755,1.0794324360365306,0.5216327609411074,0.868030770953674,0.7315959023328319,4.981176644603922,1.754319582985858,0.6248202972818764,2.7059430213502145,0.7808011000808665,6.817507440063172,0.5432337004714631,0.7572098300897897,17.915316411253706,0.6280502439904946,model,Karlo Matković,F,C,31-60,2026,1610612740,PF/C,heuristic,,False,False,False,True,True,True,-2.235784752315753,-1.3851044546625368,-0.7977215996642244,-1.600430872670579,-1.8922799899303442,0.29118817182609186,0.5009285817034702,-0.14582563287480657,1.890736169764143,-5.374294378824538,246
1642346,2,24.0,28.0,F,5.473534759430896,4.943115139534068,1.4784205923690192,7.547862611114379,2.593974298754414,1.3741338952145075,0.8427642493303297,1.4999528499984875,0.5703919537175242,0.32808127199586234,0.6054521100709411,20.367506196959095,0.7370127050721531,3.0967292536661053,2.7966368954650678,0.8364372382441093,4.270309402935221,1.4675774334620317,0.7774355729509171,0.47680572418919637,0.8486194157636292,5.8933661491311735,2.7966368954650678,0.917524189974739,2.683873639107559,0.5064226908368065,6.7916941590266635,0.4554058870927658,0.6054521100709411,20.367506196959095,0.7370127050721531,model,Ryan Dunn,F,,15-30,2026,1610612756,SF/PF,heuristic,,False,False,True,True,False,False,-2.031265281842936,-0.9396422009372049,-0.5969122646443422,-1.297468007746621,-0.7768463446396829,-0.34758254387569026,-0.2940760481049858,-0.6510490865305785,1.5559266287903604,-5.378915149531681,247
1630188,6,27.0,10.0,F,6.498349561079213,7.006407322383283,3.329518713181298,11.765311318284986,2.3577348550977217,0.8047289931757143,1.270142754378657,1.7615872294788442,0.6099609310829256,0.36099658687842534,0.7552875216068307,18.54620721304241,0.6105476937017262,3.347770486182174,3.6095078338860556,1.7152762215100745,6.061163934301848,1.2146399771126353,0.41457418493832754,0.6543425198014168,0.9075211606045539,6.95727832006823,3.6095078338860556,1.3030200083438044,3.345029211147422,1.2955267262154733,9.288605156854121,0.48079565848310307,0.7552875216068307,18.54620721304241,0.6105476937017262,model,Jalen Smith,F,C,6-14,2026,1610612741,PF/C,heuristic,,False,False,False,True,True,True,-1.8432062305646002,-0.7523450614870703,-0.2607127369925586,-1.5526561484020838,-2.230927694049692,-0.18902173857781568,-0.007831470113074843,-0.24683640579405844,1.699881997677107,-5.383655488303847,248
203994,12,32.0,16.0,C,8.372283173722845,2.2500009115686277,3.545026882060239,13.885861844072672,5.5132230631056895,1.4478458698161918,1.0410698190466223,3.0219098460365625,0.5648973310917047,0.31222659654646623,0.6263626036933595,21.811720069453735,0.5861443961835096,5.072608247984455,1.363233056643073,2.147864833060731,8.413181429611715,3.3403577259143766,0.8772224671151536,0.6307645407167161,1.8309181010243205,6.4358413046275285,1.363233056643073,0.4256376175753027,3.29114047853549,1.3453422092173224,8.353260783863606,0.5113768849721448,0.6263626036933595,21.811720069453735,0.5861443961835096,model,Jusuf Nurkić,C,,15-30,2026,1610612762,C,heuristic,,False,False,False,False,True,True,-2.062161823304184,-1.6094510220623732,0.4870209445508736,-0.6398048800416845,-1.0441524959824815,-0.2872273784572626,0.2922970339398208,-1.1854462529206942,0.6526762624181822,-5.396249611859803,249
1642364,1,25.0,43.0,F,5.225857755459581,5.252350505087757,2.8791045883333646,6.809427975520067,2.6620476510359135,1.6643955684730813,0.8285949465493739,1.4909394441350408,0.5819582604217903,0.3387686986130225,0.7234578337313735,20.730624092130334,0.6354193395286712,3.009313685760459,3.0245695533634778,1.657934303962962,3.9212136567484053,1.532941921360113,0.9584433019617506,0.4771469544876083,0.858558476680369,6.033883239123937,3.0245695533634778,1.024629491457516,2.775924449086159,1.199445560013977,7.775923949643811,0.4600560433597647,0.7234578337313735,20.730624092130334,0.6354193395286712,model,Jamir Watkins,F,,31-60,2026,1610612764,SF/PF,heuristic,,False,False,True,True,False,False,-2.0495160462396016,-0.9791292463610736,-0.995265447184083,-1.378192683465469,-0.613039555636857,-0.5065654514291197,-0.21333595856011178,-0.4319038686268396,1.7171108290222747,-5.449837428480882,250
1627884,10,30.0,61.0,F,6.152911539574903,4.249916689114348,2.3571115643501597,4.900074225986199,1.7924080143890793,1.277376896128493,0.9418919992865032,1.198576046700186,0.5832149275561131,0.35145262583427833,0.739140029123692,22.203731108182645,0.6600768293281996,3.7949331488098683,2.621222427702023,1.453796426856075,3.022220292331493,1.1055040441012967,0.7878481423733892,0.5809310190307244,0.7392461181566525,6.416155576511891,2.621222427702023,0.9212355051115778,3.1344971665750174,1.0745591332863187,8.264788971547931,0.4885319766948466,0.739140029123692,22.203731108182645,0.6600768293281996,model,Derrick Jones Jr.,F,,undrafted,2026,1610612746,SF,heuristic,,False,False,True,False,False,False,-1.904164366026681,-1.0465951237958486,-1.2970526168868186,-1.5615705224715055,-1.0175074158783983,-0.2419294011765371,0.07718332966602182,-0.3110226998964357,1.8332812913898275,-5.469377525076377,251
1642864,1,21.0,28.0,G,5.430975753146358,4.13480514056034,1.4828091603062714,7.8976361327111935,2.0359027793813866,1.38501580932936,0.6713376939831733,1.5273757310262237,0.5555804809793813,0.34790343721812705,0.7079240275292608,19.38150555824246,0.7677252255543197,2.92390240961906,2.2260763559449925,0.7983076106191342,4.2518910723088466,1.0960794731839338,0.7456581001880742,0.36143153464979305,0.8223011450113721,5.149978765564052,2.2260763559449925,0.7744596157432657,2.398922722816195,0.5651411389167583,6.137446200292414,0.46581215807274357,0.7079240275292608,19.38150555824246,0.7677252255543197,model,Hugo González,G,,15-30,2026,1610612738,SG,heuristic,,False,True,False,False,False,False,-2.114248926275221,-1.0678065765160196,-0.5258202433679022,-1.4776877851914318,-0.7792073393085301,-0.5913204338124445,-0.1609621679650517,-0.30339446915531476,1.5441088590010654,-5.476339082590849,252
1631230,4,24.0,61.0,F,7.367596764882536,2.1908497422684863,3.0618393761332596,7.400333685085273,2.165790661719296,1.2566294054107616,1.071695385821362,1.246615007159085,0.5985552989327658,0.32941076304509426,0.7203428772348152,21.479787717859356,0.6229364470351426,4.395955958346228,1.3071940940459434,1.8268794395979262,4.4154887943598755,1.2922423237514618,0.7497814685623051,0.6394385940458954,0.7438062699909684,5.703150052392171,1.3071940940459434,0.4306038039677149,3.0618265367109148,1.3159795918810968,7.870236469270641,0.5368658563396276,0.7203428772348152,21.479787717859356,0.6229364470351426,model,Dominick Barlow,F,,undrafted,2026,1610612755,SF/PF,heuristic,,False,False,True,True,False,False,-2.060342142833851,-1.5800154455833708,-0.8379346050446769,-1.5050830264659338,-1.2583253630761815,-0.1929044086096936,0.5101789687521098,-0.48597556386057555,1.8829389771307596,-5.527462609591415,253
203935,12,33.0,6.0,G,3.605809558535418,6.0252354641745285,2.308045034196618,3.5848291582482714,3.968116798059706,1.7920168157647258,0.5004091186711835,1.765538422011629,0.509773051434594,0.36083797932297607,0.8052706241405684,24.412946551582912,0.5808672936167365,2.4452343341031098,4.0859375374331846,1.5651716682913444,2.4310067399130837,2.6909284250408314,1.2152336317445016,0.33934614077900876,1.1972776425371092,6.531171871536294,4.0859375374331846,1.4743614446472872,2.720876012615667,1.2603867662121055,8.176500236090726,0.4165984399329012,0.8052706241405684,24.412946551582912,0.5808672936167365,model,Marcus Smart,G,,6-14,2026,1610612745,PG/SG,heuristic,,True,True,False,False,False,False,-2.1036279691267152,-0.6568317534721959,-1.6511436056108073,-0.9361440794916993,-0.17264520762384689,-0.8562674695711454,-0.6387607210420343,0.034527735777685684,1.4146789726143145,-5.566214097546444,254
1631117,4,25.0,22.0,C,8.324214985647297,0.6968792283638743,3.3491998488868178,13.44169933180545,2.2796623002447682,0.8637232545463503,2.689356837069595,2.0251294770009025,0.6666814326341665,0.3119732359485621,0.6035277512260924,22.028038207185094,0.4676588171764676,5.093503493018371,0.42641339633869696,2.0493417287438156,8.224840734736246,1.3949024513686448,0.5285035792105907,1.6455904211034305,1.2391563748297958,5.519916889357068,0.42641339633869696,0.13302956710760003,3.5287737729602187,1.2368346050425476,8.427411718070584,0.6392802362231277,0.6035277512260924,22.028038207185094,0.4676588171764676,model,Walker Kessler,C,,15-30,2026,1610612747,C,heuristic,,False,False,False,False,True,True,-2.3320176322307513,-1.9033918829346754,-0.17213633733733166,-1.6196430106658284,-2.25801229199694,1.031015120943586,1.0564984158001243,-1.0222575566681797,1.6486058772223442,-5.571339297867651,255
1642920,1,25.0,50.0,G,5.5583527741183625,5.617410332017407,2.088779072193921,4.1258799346162025,3.370879484948396,1.3192013093191457,0.3049574026082783,1.996649742689725,0.5277379985459429,0.3776763109595436,0.8218674461531413,21.082895641865438,0.7589859780254122,3.2551714299280743,3.289757661318324,1.223264199943804,2.416263780343889,1.9741083445131153,0.7725717648607721,0.17859403040012986,1.1693099488468042,6.544929091246399,3.289757661318324,1.2424635374776003,2.9603411928317773,1.00536102397838,8.168506947119536,0.4523106593761458,0.8218674461531413,21.082895641865438,0.7589859780254122,model,Kobe Sanders,G,,31-60,2026,1610612746,SG,heuristic,,False,True,False,False,False,False,-1.6938359334318034,-0.5208990817688072,-1.3948625366902805,-0.9847397878260017,-0.7159703429134873,-1.059233696122462,-0.3762100617675662,0.1196307945899147,1.0272847070095033,-5.598835938920991,256
1641711,3,23.0,13.0,G,6.863798198778295,6.847780840503386,2.9826141371619914,4.643886945578262,2.4039980030132506,1.268269110436544,0.283902788096858,1.6140463807772347,0.5216462821011673,0.360077459947256,0.8559601623845999,19.98775323919614,0.7228391108083002,3.8108862411338755,3.8019931576688006,1.6559932050369943,2.5783573983039605,1.3347366353263654,0.7041625005639012,0.15762719089999416,0.8961433548775828,7.612879398802676,3.8019931576688006,1.369012038950229,3.3569466781482076,1.4174642126912598,9.500369607937904,0.440956240378138,0.8559601623845999,19.98775323919614,0.7228391108083002,model,Gradey Dick,G,F,6-14,2026,1610612746,SG/SF,heuristic,,False,True,True,False,False,False,-1.5052442947563203,-0.4478143026274976,-1.376740605659228,-1.385143069816925,-1.0677134493890519,-1.1304816108440792,-0.5788357813464852,0.377684248451017,1.5108907603978845,-5.603398105590685,257
1642272,2,23.0,16.0,G,7.02085213978494,8.037019920816935,2.2603797996307113,4.148542946153101,3.1977699653672245,1.1213627939825577,0.21686631688524968,1.7908335361999457,0.5044389343047291,0.37775061110869906,0.8499454845176987,20.594200178915912,0.7146436269580614,4.016356510925033,4.597666585867746,1.2930753909436863,2.3732201078862927,1.8293198553582672,0.6414880514573676,0.12406078727775122,1.0244662314338204,8.614023096792778,4.597666585867746,1.736771362485587,3.7627779606444705,1.099043589673544,10.361370873448072,0.43682004544954717,0.8499454845176987,20.594200178915912,0.7146436269580614,model,Jared McCain,G,,15-30,2026,1610612760,SG,heuristic,,False,True,False,False,False,False,-1.3533866399319092,-0.05291051697829666,-1.4786477391127915,-1.1280904384930837,-1.2975608595880286,-1.2138240857250362,-0.7135800373012202,0.26113690803730877,1.3407047695668077,-5.636158639526249,258
1630703,3,23.0,3.0,G,8.861143525585646,6.7701491432013015,4.539350208314628,4.001060076904845,6.354986906700434,1.2739450129895102,0.4024127353171143,3.358361778168099,0.4943320461994249,0.34571390935626883,0.806023012022314,25.205141077079862,0.6248663139486197,6.2040659074066395,4.740071229646115,3.178193399967835,2.801313436007184,4.4493983757327715,0.8919434382456373,0.28174638235781846,2.35133284462777,10.944137137052754,4.740071229646115,1.6387085554281347,4.705577150192551,2.561697017031513,13.611559872844749,0.42996328456642113,0.806023012022314,25.205141077079862,0.6248663139486197,model,Scoot Henderson,G,,1-5,2026,1610612757,PG,heuristic,,True,False,False,False,False,False,-1.042375903921455,-0.39382310624332983,-1.4455721399055885,-0.022639488532270366,-0.8479200367851524,-0.9257020964640031,-0.9143479835324638,0.08360304929385078,-0.14637189564269124,-5.655149601733103,259
1642857,1,21.0,20.0,G,4.3540242214669425,6.298560857930927,2.8859509736753157,5.20009870829108,5.35038175860139,1.2894962223384245,0.32248574050556955,2.0241427421703273,0.5059163189540867,0.3721148710472864,0.8517433283812398,20.037018513145956,0.6848284714010401,2.423379553672751,3.505677236570513,1.606273696876775,2.8942909468948534,2.977936065263735,0.7177127688785218,0.17949035424265775,1.1266051555032464,5.929056790243264,3.505677236570513,1.3045146328198438,2.5305418960425596,1.368132904869063,7.7337313297740256,0.42680345045889395,0.8517433283812398,20.037018513145956,0.6848284714010401,model,Kasparas Jakučionis,G,,15-30,2026,1610612749,PG/SG,heuristic,,True,True,False,False,False,False,-1.9491231062489194,-0.5988191320494314,-1.3048323064280027,-0.578682189675897,-1.1472043035698634,-1.1008730738060473,-0.576169637251037,0.3216822892734643,1.2612147370019455,-5.67280672275379,260
1627936,9,33.0,61.0,G,3.989342624180876,5.945474482544252,1.5167754607522275,5.328423068046227,4.2824803800919975,2.3292630499994362,0.8401774315177337,1.5809007061233,0.5612433790046706,0.3584980600850361,0.8021318373388531,17.862467389821564,0.5822214238223714,1.9794306258682244,2.9500234461517483,0.7525931168157844,2.6438550914485752,2.1248796149151103,1.15573292424809,0.41687894367082107,0.7844107586020369,4.929454072019973,2.9500234461517483,1.0575776826507748,2.168520015618387,0.6036788995600193,5.998296613447568,0.43991078604973777,0.8021318373388531,17.862467389821564,0.5822214238223714,model,Alex Caruso,G,,undrafted,2026,1610612760,PG/SG,heuristic,,True,True,False,False,False,False,-2.458831979105424,-1.0345749495325702,-1.5738513894637955,-1.180745997804674,-0.32264814004518194,-0.70593105356024,-0.30967543332362996,0.009110444366369189,1.8963408688543872,-5.680807629614759,261
1643411,0,,7.0,G,7.906156632660959,4.630617520937506,2.7165657847887674,6.144805486322894,2.999674907503444,1.0730838893447063,0.7320154186726938,2.015201944362741,0.4962816762414972,0.34119629317607414,0.7509488152631039,22.091997264021888,0.764744344187263,4.851744186046512,2.8416552667578663,1.6670656634746923,3.770861833105335,1.840800273597811,0.658515731874145,0.4492134062927497,1.2366621067031462,7.693399452804378,2.8416552667578663,0.9695622435020521,3.3773939808481535,1.2518809849521204,8.976231190150479,0.43899891089328974,0.7509488152631039,22.091997264021888,0.764744344187263,rookie_tier,Darius Acuff Jr.,G,,6-14,2026,1610612758,SG,heuristic,,False,True,False,False,False,False,-1.506011901455576,-0.8372418941528521,-0.7570215629978003,-1.0527186122942545,-1.0922616787365313,-0.37355622716678266,-0.6487423004989897,-0.3307722089147424,0.9097927330621429,-5.688533653155385,262
1643412,0,,8.0,G,7.906156632660959,4.630617520937506,2.7165657847887674,6.144805486322894,2.999674907503444,1.0730838893447063,0.7320154186726938,2.015201944362741,0.4962816762414972,0.34119629317607414,0.7509488152631039,22.091997264021888,0.764744344187263,4.851744186046512,2.8416552667578663,1.6670656634746923,3.770861833105335,1.840800273597811,0.658515731874145,0.4492134062927497,1.2366621067031462,7.693399452804378,2.8416552667578663,0.9695622435020521,3.3773939808481535,1.2518809849521204,8.976231190150479,0.43899891089328974,0.7509488152631039,22.091997264021888,0.764744344187263,rookie_tier,Kingston Flemings,G,,6-14,2026,1610612737,SG,heuristic,,False,True,False,False,False,False,-1.506011901455576,-0.8372418941528521,-0.7570215629978003,-1.0527186122942545,-1.0922616787365313,-0.37355622716678266,-0.6487423004989897,-0.3307722089147424,0.9097927330621429,-5.688533653155385,263
1643530,0,,12.0,C,7.906156632660959,4.630617520937506,2.7165657847887674,6.144805486322894,2.999674907503444,1.0730838893447063,0.7320154186726938,2.015201944362741,0.4962816762414972,0.34119629317607414,0.7509488152631039,22.091997264021888,0.764744344187263,4.851744186046512,2.8416552667578663,1.6670656634746923,3.770861833105335,1.840800273597811,0.658515731874145,0.4492134062927497,1.2366621067031462,7.693399452804378,2.8416552667578663,0.9695622435020521,3.3773939808481535,1.2518809849521204,8.976231190150479,0.43899891089328974,0.7509488152631039,22.091997264021888,0.764744344187263,rookie_tier,Aday Mara,C,,6-14,2026,1610612760,C,heuristic,,False,False,False,False,True,True,-1.506011901455576,-0.8372418941528521,-0.7570215629978003,-1.0527186122942545,-1.0922616787365313,-0.37355622716678266,-0.6487423004989897,-0.3307722089147424,0.9097927330621429,-5.688533653155385,264
1643414,0,,6.0,G,7.906156632660959,4.630617520937506,2.7165657847887674,6.144805486322894,2.999674907503444,1.0730838893447063,0.7320154186726938,2.015201944362741,0.4962816762414972,0.34119629317607414,0.7509488152631039,22.091997264021888,0.764744344187263,4.851744186046512,2.8416552667578663,1.6670656634746923,3.770861833105335,1.840800273597811,0.658515731874145,0.4492134062927497,1.2366621067031462,7.693399452804378,2.8416552667578663,0.9695622435020521,3.3773939808481535,1.2518809849521204,8.976231190150479,0.43899891089328974,0.7509488152631039,22.091997264021888,0.764744344187263,rookie_tier,Mikel Brown Jr.,G,,6-14,2026,1610612751,SG,heuristic,,False,True,False,False,False,False,-1.506011901455576,-0.8372418941528521,-0.7570215629978003,-1.0527186122942545,-1.0922616787365313,-0.37355622716678266,-0.6487423004989897,-0.3307722089147424,0.9097927330621429,-5.688533653155385,265
1642865,0,,11.0,F,7.906156632660959,4.630617520937506,2.7165657847887674,6.144805486322894,2.999674907503444,1.0730838893447063,0.7320154186726938,2.015201944362741,0.4962816762414972,0.34119629317607414,0.7509488152631039,22.091997264021888,0.764744344187263,4.851744186046512,2.8416552667578663,1.6670656634746923,3.770861833105335,1.840800273597811,0.658515731874145,0.4492134062927497,1.2366621067031462,7.693399452804378,2.8416552667578663,0.9695622435020521,3.3773939808481535,1.2518809849521204,8.976231190150479,0.43899891089328974,0.7509488152631039,22.091997264021888,0.764744344187263,rookie_tier,Yaxel Lendeborg,F,,6-14,2026,1610612744,SF/PF,heuristic,,False,False,True,True,False,False,-1.506011901455576,-0.8372418941528521,-0.7570215629978003,-1.0527186122942545,-1.0922616787365313,-0.37355622716678266,-0.6487423004989897,-0.3307722089147424,0.9097927330621429,-5.688533653155385,266
1643516,0,,9.0,F,7.906156632660959,4.630617520937506,2.7165657847887674,6.144805486322894,2.999674907503444,1.0730838893447063,0.7320154186726938,2.015201944362741,0.4962816762414972,0.34119629317607414,0.7509488152631039,22.091997264021888,0.764744344187263,4.851744186046512,2.8416552667578663,1.6670656634746923,3.770861833105335,1.840800273597811,0.658515731874145,0.4492134062927497,1.2366621067031462,7.693399452804378,2.8416552667578663,0.9695622435020521,3.3773939808481535,1.2518809849521204,8.976231190150479,0.43899891089328974,0.7509488152631039,22.091997264021888,0.764744344187263,rookie_tier,Morez Johnson Jr.,F,,6-14,2026,1610612742,SF/PF,heuristic,,False,False,True,True,False,False,-1.506011901455576,-0.8372418941528521,-0.7570215629978003,-1.0527186122942545,-1.0922616787365313,-0.37355622716678266,-0.6487423004989897,-0.3307722089147424,0.9097927330621429,-5.688533653155385,267
1643417,0,,13.0,F,7.906156632660959,4.630617520937506,2.7165657847887674,6.144805486322894,2.999674907503444,1.0730838893447063,0.7320154186726938,2.015201944362741,0.4962816762414972,0.34119629317607414,0.7509488152631039,22.091997264021888,0.764744344187263,4.851744186046512,2.8416552667578663,1.6670656634746923,3.770861833105335,1.840800273597811,0.658515731874145,0.4492134062927497,1.2366621067031462,7.693399452804378,2.8416552667578663,0.9695622435020521,3.3773939808481535,1.2518809849521204,8.976231190150479,0.43899891089328974,0.7509488152631039,22.091997264021888,0.764744344187263,rookie_tier,Nate Ament,F,,6-14,2026,1610612749,SF/PF,heuristic,,False,False,True,True,False,False,-1.506011901455576,-0.8372418941528521,-0.7570215629978003,-1.0527186122942545,-1.0922616787365313,-0.37355622716678266,-0.6487423004989897,-0.3307722089147424,0.9097927330621429,-5.688533653155385,268
1643419,0,,14.0,F,7.906156632660959,4.630617520937506,2.7165657847887674,6.144805486322894,2.999674907503444,1.0730838893447063,0.7320154186726938,2.015201944362741,0.4962816762414972,0.34119629317607414,0.7509488152631039,22.091997264021888,0.764744344187263,4.851744186046512,2.8416552667578663,1.6670656634746923,3.770861833105335,1.840800273597811,0.658515731874145,0.4492134062927497,1.2366621067031462,7.693399452804378,2.8416552667578663,0.9695622435020521,3.3773939808481535,1.2518809849521204,8.976231190150479,0.43899891089328974,0.7509488152631039,22.091997264021888,0.764744344187263,rookie_tier,Hannes Steinbach,F,,6-14,2026,1610612766,SF/PF,heuristic,,False,False,True,True,False,False,-1.506011901455576,-0.8372418941528521,-0.7570215629978003,-1.0527186122942545,-1.0922616787365313,-0.37355622716678266,-0.6487423004989897,-0.3307722089147424,0.9097927330621429,-5.688533653155385,269
1643415,0,,10.0,G,7.906156632660959,4.630617520937506,2.7165657847887674,6.144805486322894,2.999674907503444,1.0730838893447063,0.7320154186726938,2.015201944362741,0.4962816762414972,0.34119629317607414,0.7509488152631039,22.091997264021888,0.764744344187263,4.851744186046512,2.8416552667578663,1.6670656634746923,3.770861833105335,1.840800273597811,0.658515731874145,0.4492134062927497,1.2366621067031462,7.693399452804378,2.8416552667578663,0.9695622435020521,3.3773939808481535,1.2518809849521204,8.976231190150479,0.43899891089328974,0.7509488152631039,22.091997264021888,0.764744344187263,rookie_tier,Brayden Burries,G,,6-14,2026,1610612749,SG,heuristic,,False,True,False,False,False,False,-1.506011901455576,-0.8372418941528521,-0.7570215629978003,-1.0527186122942545,-1.0922616787365313,-0.37355622716678266,-0.6487423004989897,-0.3307722089147424,0.9097927330621429,-5.688533653155385,270
202691,15,37.0,11.0,G,4.0760548788267705,11.399694878629646,1.041659922039121,3.8719191380881712,2.4365886216861363,0.8993268517179893,0.5381690509251167,1.550647465837985,0.4683419863019194,0.39082662984077726,0.853199591507046,20.16141623628487,0.6948012126816777,2.282751083721284,6.384277594852701,0.5833705351357436,2.168427038228694,1.3645854832891624,0.5036584163876119,0.30139584003299075,0.8684235831805539,8.667028678573985,6.384277594852701,2.4951456963642644,3.5642538731471496,0.49773150227506324,10.121384944933627,0.41124288442225254,0.853199591507046,20.16141623628487,0.6948012126816777,model,Klay Thompson,G,F,6-14,2026,1610612748,SG/SF,heuristic,,False,True,True,False,False,False,-1.4585915042820081,0.7200450005308753,-1.5937085810660563,-1.3976644320220575,-1.7907647119151753,-0.8157329769510029,-1.0975716540901947,0.12176259961364155,1.6004326537820368,-5.711793606399941,271
1630611,3,25.0,55.0,F,6.260812017126605,5.480523261840303,3.187656938749921,7.1070532553319214,4.267730480746726,1.3966882188882146,0.5207395797629515,2.382965645358902,0.6062723433133245,0.34402122956472825,0.7384086730207696,20.0478861332552,0.6698870790876957,3.4865568450297215,3.052025175111966,1.775160648331646,3.957816511274307,2.376638186817579,0.7777957326647206,0.28999243889352266,1.327039553267063,6.538582020141687,3.052025175111966,1.0499614534045236,3.163764441935804,1.3107940187332598,8.68828435600939,0.4838609399086879,0.7384086730207696,20.0478861332552,0.6698870790876957,model,Gui Santos,F,,31-60,2026,1610612744,SF/PF,heuristic,,False,False,True,True,False,False,-1.8010965601008295,-0.8970614424437834,-0.8982527165371252,-0.914374618020521,-1.012984154394709,-0.8656728516656557,0.026752434057568674,-0.39018103594680015,1.024305481669562,-5.728565463382293,272
201143,19,41.0,3.0,C,3.0279233034415,6.550903331838324,0.6887079560123932,8.287544159476429,3.524829490347592,0.9257254113412418,1.3755921362535324,1.4400557393871505,0.56879869163952,0.37152119564650926,0.8001348778165661,20.027313465317935,0.5932740730408124,1.6844769207489976,3.6443609585478276,0.38313805891996094,4.610479020541647,1.9609129198607802,0.5149942498817065,0.7652615253659953,0.8011235472287959,5.328837879296826,3.6443609585478276,1.3539573406871475,2.312085609306145,0.30656212396079924,6.284690683260236,0.43388176966105024,0.8001348778165661,20.027313465317935,0.5932740730408124,model,Al Horford,C,,1-5,2026,1610612744,C,heuristic,,False,False,False,False,True,True,-2.3920909820398455,-0.740240518156391,-0.847224994879832,-1.2361260688868883,-1.9926494635542518,-0.009338150261348464,-0.3905635436132776,0.0022407083549109614,1.8588480932906302,-5.747144919746294,273
1630241,6,31.0,60.0,G,2.4626531008502224,9.75221096140519,1.4905279825217754,3.721570408485181,3.369164876650476,1.049494502597842,0.18966507562316948,1.1795754281288187,0.5410976111086911,0.40094201794460604,0.8599278133002717,21.723973306266025,0.614786456473824,1.4860725062628746,5.8849102945178124,0.8994497251262666,2.245758228092267,2.033101329021222,0.6333108488752349,0.11445219555468501,0.7118073642610493,7.370982800780687,5.8849102945178124,2.3595078089069577,3.1636180919801045,0.7734618353013609,9.460205828168528,0.42919895182024226,0.8599278133002717,21.723973306266025,0.614786456473824,model,Sam Merrill,G,,31-60,2026,1610612739,SG,heuristic,,False,True,False,False,False,False,-1.8022728301167292,0.27579389449464037,-1.6702396559316588,-1.1711601623065335,-1.6116155979679148,-1.2741408994248142,-0.6148730097860085,0.18648654553644503,1.934854711230734,-5.747167004271841,274
1628963,8,28.0,2.0,F,10.547763109969422,2.0063099874546895,4.167482247261606,10.705586666558144,2.5484894639043905,0.920264873634788,1.169781321017943,1.8026671118219164,0.6228395339128298,0.3473318252881408,0.6984806961612433,18.794529945930993,0.6125681532913617,5.50667360091407,1.0474348094454888,2.1757186082026125,5.589068588705183,1.330490598506686,0.480442936825484,0.6107080574461791,0.9411189171022761,6.554108410359559,1.0474348094454888,0.3638074442350376,3.7935814632384406,1.519697448108332,9.470667818820251,0.5788096909172615,0.6984806961612433,18.794529945930993,0.6125681532913617,model,Marvin Bagley III,F,,1-5,2026,1610612743,PF,heuristic,,False,False,False,True,False,False,-1.806391579042599,-1.6512463967200925,-0.42897383852880994,-1.4975545909400103,-2.0436946151940503,-0.27278344010824557,1.0133693438737177,-0.7286762106867936,1.654663859155724,-5.761287468191159,275
1642928,1,25.0,61.0,C,6.946692549986148,0.48242696300991383,2.206991913561464,12.913972186608698,2.467640185700439,1.1291989966887468,2.239070882813454,1.5853146322545222,0.6105007708197435,0.3218460325779037,0.6132156693930263,18.56529237011847,0.5597409086792287,3.582427172106018,0.24878882265298277,1.1381513926043283,6.659768591776905,1.27256837532728,0.5823308199325283,1.1546945993569733,0.8175508235120014,3.8312159947590008,0.24878882265298277,0.0800716955205902,2.267146245496908,0.6979322680864682,5.312296454600874,0.5917563114682917,0.6132156693930263,18.56529237011847,0.5597409086792287,model,Dylan Cardwell,C,,undrafted,2026,1610612758,C,heuristic,,False,False,False,False,True,True,-2.605427996311071,-1.9306917951820186,-0.24423850418519488,-1.5746358652175447,-1.8998135510496004,0.6247014051127,0.6133016502236216,-0.645729314674052,1.8944931859180136,-5.768040785365148,276
1630167,6,29.0,8.0,F,7.20612959759621,6.938644270225542,3.1117338376562973,7.70472059172099,3.707893067000025,1.0647090668963974,0.6197535896513371,1.9190928170248926,0.6283202986715741,0.3741210274885036,0.8064692317991085,17.9653589371188,0.6078331722949772,3.5961306880058714,3.4626454125440165,1.5528726475075982,3.8449464150132764,1.850378606919715,0.5313300152888504,0.30928043585150294,0.9576997580971848,7.058776100549888,3.4626454125440165,1.295448459569321,3.554970367519183,1.2523440111173005,9.657733205724988,0.5036241859608277,0.8064692317991085,17.9653589371188,0.6078331722949772,model,Obi Toppin,F,,6-14,2026,1610612754,SF/PF,heuristic,,False,False,True,True,False,False,-1.7869346842825344,-0.7651204292320145,-1.0891515759340338,-1.265123069263278,-1.913425842726277,-0.8863479742096364,0.24616575834298726,0.042041275714226195,1.6433218548662691,-5.774574686724291,277
1629637,7,27.0,8.0,C,8.145086722226065,0.3263009927584734,3.8295643247742515,8.45131620035471,2.2554495598524564,0.9946232547569023,1.447312729665731,1.306690592545969,0.6910005665846817,0.3339906312140512,0.65515670993582,17.997419039412236,0.6688593651487373,4.071959412562644,0.16312710276806844,1.9145076080929437,4.225052197009916,1.1275630791922928,0.49724031950566777,0.7235526021352702,0.6532516152474356,4.235086515330712,0.16312710276806844,0.05448292402162658,2.8682091852122413,1.2543025056652692,7.045203800111379,0.6772492544909124,0.65515670993582,17.997419039412236,0.6688593651487373,model,Jaxson Hayes,C,F,6-14,2026,1610612762,PF/C,heuristic,,False,False,False,True,True,True,-2.11414204431602,-1.9438417849394416,-0.792126273442624,-1.5432108338138555,-1.8696763053149563,0.08938474527139027,1.4383189939973304,-1.003876738068399,1.9362185799008844,-5.802951660725691,278
202681,15,35.0,1.0,G,10.443225767961291,7.212388167760344,3.4248351427803705,4.90227725232074,4.934857375412809,1.3262946665433644,0.4988244770870554,2.103324018368092,0.508807945865543,0.3891896214121617,0.892922149969385,29.805189192496044,0.3486516622527454,8.646175549834336,5.971294274161582,2.8354960939910594,4.058702804985815,4.085676603115647,1.0980684294812064,0.41298771981743315,1.7413880639050558,14.617469823995918,5.971294274161582,2.3239657579015547,6.723208579005645,2.5318772684762902,18.302260184389134,0.4599433869169944,0.892922149969385,29.805189192496044,0.3486516622527454,model,Kyrie Irving,G,,1-5,2026,1610612742,PG/SG,heuristic,,True,True,False,False,False,False,-1.6426003109270466,-0.7292742194659396,-1.6493323544089054,-1.0401581141233631,-1.6411986338421378,-1.0314137239316965,-0.2850661221352568,0.5119976877711083,1.5928552841664572,-5.91419050689678,279
1641707,3,23.0,9.0,F,5.5459781936209405,5.673514027530205,2.3490981077229147,7.152323940517824,1.8751631898531214,1.4531924662959184,1.0348774389076087,1.5239227091150578,0.5774456302830263,0.34413224212865723,0.7236460549728664,20.7405020977409,0.5964161638251435,3.1951770099672334,3.268653599709795,1.3533742841951748,4.1206330470009,1.0803285020209772,0.8372205943231046,0.5962188247935553,0.8779700595887737,6.463830609677029,3.268653599709795,1.1248490920100382,2.969890094396403,0.9793639616595652,8.04399324246241,0.4594628593685868,0.7236460549728664,20.7405020977409,0.5964161638251435,model,Taylor Hendricks,F,,6-14,2026,1610612763,SF/PF,heuristic,,False,False,True,True,False,False,-2.0900354805244454,-0.9480376194655138,-1.0159243168178853,-1.6256567441792977,-1.1116469385993613,-0.33379314590587567,-0.2204412876044429,-0.3300909295242437,1.7613093940845035,-5.914317068536562,280
1629018,8,28.0,37.0,G,3.8180343599292437,8.729196353225692,1.3752697977970274,2.508379657422621,2.0843962516576537,1.1953746879004723,0.1625311436119914,1.0268464349273982,0.4869566601501393,0.38579255843468335,0.8043503655205664,21.17314577698023,0.7323667851593152,2.245549946786147,5.13401519174255,0.808855219762072,1.4752857819616914,1.2259229359260744,0.703051181250804,0.09559154436100008,0.6039324793691735,7.3795651385286964,5.13401519174255,1.9806648558648896,3.0741503581521945,0.6506029916688406,8.779568563838119,0.4165760855069984,0.8043503655205664,21.17314577698023,0.7323667851593152,model,Gary Trent Jr.,G,,31-60,2026,1610612749,SG,heuristic,,False,True,False,False,False,False,-1.62882559283541,0.2757620445892347,-1.8526370501714755,-1.435407006030711,-1.0409144107487687,-1.2753131992040927,-0.9102886388333993,0.019512360940198124,1.9253921666694733,-5.922719325624951,281
1630543,5,25.0,22.0,F,9.358359107924167,0.7000313353418316,4.016865192284193,11.09177444048131,2.317032864018414,1.384419921276216,1.9273361747409463,2.0362003533244257,0.6300266128976059,0.32122617135650977,0.6844714873702844,18.637716978025118,0.532277858614272,4.844956900894841,0.3624162751069458,2.079588794240923,5.742370911271765,1.1995611874543932,0.7167340742079426,0.99780961517587,1.0541701637726497,5.207373176001787,0.3624162751069458,0.11641759248989175,3.16886937839555,1.4234192351126609,7.877575584393653,0.608535104224776,0.6844714873702844,18.637716978025118,0.532277858614272,model,Isaiah Jackson,F,,15-30,2026,1610612746,PF,heuristic,,False,False,False,True,False,False,-2.2608410033384994,-1.9037779123132346,-0.6520397417429217,-1.6300287536788847,-1.6472979662181826,0.2448518097161383,0.9133372474256735,-0.6900989600060821,1.6857070552615327,-5.940188224894461,282
203484,13,34.0,8.0,G,4.525085485061664,5.540129593750816,1.8400104744767218,3.4173912611286785,3.4857424914730157,1.4770978833009392,0.5189844283266841,1.435893970314705,0.5245496683092644,0.37057015180066344,0.8756246753874903,21.64877710087667,0.6165005468935953,2.7211824174586767,3.331584185696718,1.106499350700691,2.055065046629405,2.0961683952487173,0.888260078659966,0.3120938391019525,0.8634819028843297,6.052766603155394,3.331584185696718,1.2345856574303224,2.6619809919172734,0.9688781347737614,7.527425776038631,0.4397957440700827,0.8756246753874903,21.64877710087667,0.6165005468935953,model,Kentavious Caldwell-Pope,G,,6-14,2026,1610612755,SG,heuristic,,False,True,False,False,False,False,-2.1343695501827016,-0.8063908767036615,-1.73932749057391,-1.1393649476496996,-0.8921639402588135,-0.8717922483386009,-0.403744502438731,0.2886833161274713,1.7437552856868133,-5.954714954331833,283
1641757,3,27.0,48.0,G,8.201165367368551,3.5397542701701123,4.390053074474411,4.958902380024435,3.945791757240967,1.280765107048115,0.31478193005583244,1.8570250521392,0.5769174529153511,0.3372842150627581,0.7876225117226971,20.756922105501474,0.6667831203964932,4.728637519577927,2.04095565718159,2.5312219362745165,2.859209734193141,2.275069226377237,0.738465043401166,0.18149733339967575,1.0707256765338384,6.769593176759518,2.04095565718159,0.6883821268103881,3.41641564036525,1.9936473791761236,9.514860786717012,0.5046707462560737,0.7876225117226971,20.756922105501474,0.6667831203964932,model,Jordan Miller,G,,31-60,2026,1610612746,PG/SG,heuristic,,True,True,False,False,False,False,-1.6529883247884385,-1.280596528154137,-1.3507762629988846,-0.9707376955116688,-1.143177097506795,-1.107139445753742,0.27123104865929804,-0.09899152543373418,1.3773933745038645,-5.955782456984238,284
1641713,3,22.0,45.0,F,9.36235885695562,6.23593587771352,4.4482801536604715,7.003957379402284,2.592790999912936,0.9607916927537596,1.0137684586796782,2.3198060117258423,0.572715122949147,0.34391966031261,0.7472737576854518,20.98995158171563,0.6129659797013797,5.4587627527262494,3.635888670552504,2.5935884735344406,4.08368684094594,1.5117377097133495,0.5601936419726671,0.5910819684099147,1.3525726629193964,9.094651423278753,3.635888670552504,1.2504535965108845,4.376769577588722,1.9381206045077564,11.942113356196085,0.48124654523711624,0.7472737576854518,20.98995158171563,0.6129659797013797,model,GG Jackson,F,,31-60,2026,1610612763,SF/PF,heuristic,,False,False,True,True,False,False,-1.3772845096573931,-0.7979735216485497,-0.9882504546818462,-1.4137789032685781,-1.8205990686638003,-0.31164332024031466,-0.0037577380845829674,-0.4444648599826072,1.1451162650993865,-6.012636111128286,285
1642461,2,26.0,61.0,F,3.6061229923959486,3.950708217904589,1.3973578079523423,5.408300896439523,1.6370643646718968,1.2960032259693388,0.7845404572746688,0.8721964377951498,0.5887150444851227,0.35532524321813663,0.6935450783321139,22.198852132348602,0.659688146656674,2.223660863312781,2.4361440985366234,0.8616594265199118,3.3349464413141487,1.0094708267357957,0.7991606660094479,0.48377493341348693,0.537826659804881,4.659804961849405,2.4361440985366234,0.865623494326954,2.174726098391964,0.5975996544613565,5.812675345572239,0.46669895332461486,0.6935450783321139,22.198852132348602,0.659688146656674,model,Spencer Jones,F,,undrafted,2026,1610612743,SF,heuristic,,False,False,True,False,False,False,-2.3621378556711186,-1.1047399560735751,-1.1724249894614298,-1.609438182900743,-0.9849742115505428,-0.45397436261952623,-0.11807523524583974,-0.3261404027229409,2.1019155253308965,-6.029989670914819,286
1630568,5,28.0,52.0,C,7.581117452855976,4.407726533156742,3.6475191353202843,9.219075290485321,2.4397773224307797,0.9315767088062676,0.8615876736422611,1.6038514251481206,0.6299031101980498,0.35460560893975274,0.74525270359744,16.62957729824519,0.6981031356172064,3.501966074704004,2.036073030351565,1.6849083724343648,4.258592365596331,1.1270129326074538,0.43032574689829667,0.39799552272358973,0.7408714235944829,5.538039105055569,2.036073030351565,0.7220029167736243,2.9279022390377323,1.2556825198706727,7.833489914719761,0.5286893399443328,0.74525270359744,16.62957729824519,0.6981031356172064,model,Luka Garza,C,,31-60,2026,1610612738,C,heuristic,,False,False,False,False,True,True,-1.9004380120399895,-1.2099165523344495,-0.702832144122284,-1.5187521811312557,-2.015929228827332,-0.5901276009185465,0.473186994146874,-0.3418647749385886,1.7742827677822175,-6.032390732383353,287
1641854,3,27.0,61.0,G,5.718273216952726,3.4793356727403615,1.7135133092569512,6.424294930355757,6.078604597699715,1.5399905121526076,0.9522042555253667,1.9851918885059736,0.5347283959456272,0.3466161286740347,0.7217240730691388,18.882726617068105,0.6272280395019303,2.999349718817247,1.824981786593583,0.8987723159279635,3.3696723577034535,3.1883508008782493,0.8077561064960108,0.4994503511303989,1.0412732142522068,4.8243315054108304,1.824981786593583,0.632568121769691,2.2364055857928054,0.6486656166133126,5.754044909968615,0.46356797481361256,0.7217240730691388,18.882726617068105,0.6272280395019303,model,Craig Porter Jr.,G,,undrafted,2026,1610612739,PG,heuristic,,True,False,False,False,False,False,-2.425840697118571,-1.378283147689496,-1.2249619741284974,-0.6083659545945292,-1.0783915222671894,-0.4733309163735772,-0.14080534453478927,-0.23646990711317656,1.5001013389636078,-6.066348124856217,288
1641767,3,25.0,26.0,G,4.116893160900537,6.22429632644207,1.5040634169786369,5.002055824023732,3.149782841289703,1.140643403890615,0.24208482616214178,1.1595076690943347,0.5399586550259275,0.36241039598801694,0.8097521024986079,21.20534689198139,0.6896215064927589,2.4250040998367117,3.666343410019153,0.8859496251269678,2.94639802559664,1.855339938443303,0.6718816405430812,0.14259701989036744,0.6829933985293927,6.091347509855865,3.666343410019153,1.3287209670530977,2.6381229192332887,0.7173995716544157,7.322366377174091,0.4330934846460127,0.8097521024986079,21.20534689198139,0.6896215064927589,model,Ben Sheppard,G,,15-30,2026,1610612754,SG,heuristic,,False,True,False,False,False,False,-2.018805710979763,-0.5628036966998203,-1.27457165361573,-1.1489762336779992,-1.2752462080438218,-1.1819153277488177,-0.5275426990110658,0.03819506622414974,1.8674801563292511,-6.084186307223615,289
1641744,2,25.0,9.0,C,10.16893503092047,1.4117872245011176,3.7310858293152016,14.068123035583643,2.0840163802163354,0.9434387821498236,2.04466405148499,2.3597005142878977,0.6290533286421168,0.3363367340303928,0.726515692848898,19.085008524658768,0.4768637714561873,5.390950326439397,0.748443644850227,1.9779945794087266,7.458062446112839,1.1048186217210354,0.5001538111061964,1.0839564125737327,1.2509695675229502,6.139393971289625,0.748443644850227,0.2517290911147286,3.642924338505738,1.4370441023104956,8.9746218704367,0.5933687193787491,0.726515692848898,19.085008524658768,0.4768637714561873,model,Zach Edey,C,,6-14,2026,1610612763,C,heuristic,,False,False,False,False,True,True,-2.2363682741280506,-1.8126257105384604,-0.3482928833349502,-1.7138226543160584,-2.2973535716394284,0.1979963670413541,0.8495243874260614,-0.37091164068787846,1.6142307676570369,-6.117623212520375,290
1643016,1,24.0,61.0,G,5.95785935487003,2.9511994615856687,2.416571007403408,4.281456231024186,4.8164682382203186,1.9179053637143777,0.3884651625625682,1.6923229304860217,0.5443148407232599,0.3435158174549866,0.7573630145629843,26.101599237737602,0.4846999404361584,4.319712699878428,2.139750711581559,1.7521213323549882,3.104245963780772,3.492153435981079,1.3905665883216685,0.281654499750854,1.2270093031216613,6.459463411459987,2.139750711581559,0.7350382148388285,3.0863219450433976,1.3269918941524863,8.23467399907811,0.47779850251459477,0.7573630145629843,26.101599237737602,0.4846999404361584,model,Bez Mbeng,G,,undrafted,2026,1610612748,PG/SG,heuristic,,True,True,False,False,False,False,-2.317835576823295,-1.441838084114518,-1.5949224326326044,-0.8388995783273951,-0.3175790630968875,-1.0560438675497956,-0.03011406698455764,-0.19051612369302334,1.6178836592317734,-6.169865133990304,291
1642868,1,21.0,14.0,F,5.457023251853276,6.594028177770279,2.368568097380959,7.755555271932558,2.378193758629651,0.893592121636554,0.9332189440506693,1.6579494989951826,0.5522185205290268,0.34834259239707416,0.7445264570928403,16.915557134527656,0.7777685376100366,2.564127461143611,3.0983794552155124,1.1129346938407523,3.6441538420100654,1.1174575666965816,0.41987801634741434,0.4384977324197962,0.7790316521226254,5.662506916359123,3.0983794552155124,1.0792975316596058,2.4952562047001803,0.8286093245809601,6.898419265640927,0.4406628091687311,0.7445264570928403,16.915557134527656,0.7777685376100366,model,Carter Bryant,F,,6-14,2026,1610612759,SF/PF,heuristic,,False,False,True,True,False,False,-1.9296003925701803,-0.6834593060172037,-0.7870576938195112,-1.4569475676705357,-1.8970244774799119,-0.3817443836245597,-0.4666112892364416,-0.2550234477570817,1.5953397305982038,-6.262128827577222,292
1642262,2,22.0,10.0,F,7.902446688700336,3.4399123670198937,2.7819384311157114,4.3966924720471106,3.138138028182936,1.0619202288407086,0.6032595099864315,1.668277037820833,0.5475656229478552,0.32064581614493354,0.7248519899095405,24.013203117993907,0.6790767032735909,5.271196040691098,2.2945365104818864,1.8556459057815242,2.9327408160728337,2.093242941196048,0.7083362819516251,0.40239425406015705,1.1127965379521352,7.565732551172985,2.2945365104818864,0.7357335320778123,3.622059275779101,1.3450686273732295,9.324920711009245,0.4787453496776779,0.7248519899095405,24.013203117993907,0.6790767032735909,model,Cody Williams,F,,6-14,2026,1610612750,SF,heuristic,,False,False,True,False,False,False,-1.6563823905439454,-1.2168431409150156,-1.299082863839226,-1.042413661825326,-1.1949162582113955,-0.6052445892434719,-0.0367973422386067,-0.5070032821565393,1.2932041599256336,-6.265479369047892,293
1641772,2,26.0,61.0,F,6.743409657562826,4.1420551915123776,2.174167838989733,6.802900710441755,2.051360958451992,1.3444205231715054,1.0921042016484956,1.0796053497441636,0.5923201014786152,0.33851606270297024,0.767826820174671,18.339959216051753,0.5947384002722039,3.435384947134215,2.110142313415901,1.1076152637756411,3.465692266120869,1.0450521198725102,0.684906043449677,0.5563651810531158,0.5499977245483124,5.5455272605501165,2.110142313415901,0.7143170676804879,2.749164628185133,0.8504567059617799,7.063103030012535,0.4957444980465962,0.767826820174671,18.339959216051753,0.5947384002722039,model,Nae'Qwan Tomlin,F,,undrafted,2026,1610612739,SF/PF,heuristic,,False,False,True,True,False,False,-2.2586824323347385,-1.3342290151559224,-1.2567817021116954,-1.6427625353629147,-1.52983842486682,-0.415233234940836,0.12181281607764657,-0.1100365593873645,2.1577824534526653,-6.26796863462998,294
204456,11,35.0,61.0,G,13.060558403918357,2.110014861178486,1.6180166388832111,4.809511734748007,9.792184029709274,1.9516268450073344,0.36355443354658123,2.5993373352678963,0.544754268099022,0.35088536781926666,0.7974662831631225,15.895434585822159,0.5806468004425162,5.766756993438725,0.9316556444715346,0.7144188233927754,2.12359108803975,4.323639463793783,0.8617210236319046,0.1605237699118142,1.1477110160898925,6.69841263791026,0.9316556444715346,0.32690433349129033,3.46836981875692,0.5697249237128078,7.833368894717938,0.5177898117424677,0.7974662831631225,15.895434585822159,0.5806468004425162,model,T.J. McConnell,G,,undrafted,2026,1610612754,PG,heuristic,,True,False,False,False,False,False,-2.160432642247293,-1.7031069864206967,-1.759919234771486,-0.2251011524133966,-1.106993424406515,-1.1988290672786355,0.36607008873461067,-0.001972012406000057,1.473272540646642,-6.317011890562772,295
1627832,10,33.0,61.0,G,4.869485816634456,7.624514073305806,2.066425804648948,3.8332631821997314,6.240265925422019,1.4699059610965413,0.5260987084801572,1.7530409908222169,0.47201886106722485,0.36357339004623895,0.8307968043804687,28.412664687158664,0.40163944213662434,3.8431963251919385,6.017576715760004,1.6309073191217387,3.0253672625964376,4.925071758269936,1.1601095887303254,0.41521850545538724,1.3835712737521122,9.860773040951942,6.017576715760004,2.1878307664121777,4.00189191868702,1.3549525889670577,11.546567192753276,0.405839572827313,0.8307968043804687,28.412664687158664,0.40163944213662434,model,Fred VanVleet,G,,undrafted,2026,1610612745,PG,heuristic,,True,False,False,False,False,False,-2.135246961603732,-0.621813016923252,-1.7708247198328868,-0.6246666127394703,-1.2634188164704294,-0.9563151277012585,-0.777365114482021,0.11642806722684293,1.6966303322339036,-6.336591970292304,296
1642348,2,23.0,61.0,F,5.547054819686,6.341570638571875,1.6621142066569214,4.054135713404273,2.9202367484439136,1.625166739461803,0.5061058747455832,1.4314582338600907,0.5497526697191724,0.36049633821343796,0.7778424875861176,18.252547061169206,0.6628072292686138,2.8124410874223384,3.215272681173945,0.8427171605012049,2.0555084139243966,1.4806044077980076,0.8239842331742631,0.2566033693535546,0.7257710772119295,6.027713768596284,3.215272681173945,1.1590940279209099,2.705241024159233,0.6555012124557668,7.225077288695142,0.4488005117716831,0.7778424875861176,18.252547061169206,0.6628072292686138,model,Justin Edwards,F,,undrafted,2026,1610612755,SF,heuristic,,False,False,True,False,False,False,-2.0925033333398186,-0.7951947435367612,-1.6813312712705428,-1.3727183196441854,-0.8988470313316071,-0.9454012877562494,-0.3389518562577641,-0.0626710031613469,1.8472271247970977,-6.340391721501179,297
1627752,10,33.0,12.0,F,2.9100837522435157,6.74354998809904,0.8284360414864099,4.7330616015403235,2.620553301515414,1.1250632859991372,0.46306832743862913,1.4458377595573502,0.5298229488448559,0.39102906199572374,0.7860215414764029,21.48174890774595,0.6583963278694372,1.7364913462835105,4.02397909975491,0.4943404174816129,2.8242900246995317,1.563724111736633,0.6713424170876954,0.27631993158795876,0.8627534364485822,5.76047044603842,4.02397909975491,1.5734927728675592,2.493525738599063,0.38856221696298593,6.94910646702867,0.432868419681574,0.7860215414764029,21.48174890774595,0.6583963278694372,model,Taurean Prince,F,,6-14,2026,1610612765,SF,heuristic,,False,False,True,False,False,False,-2.152847346784865,-0.37497535718700675,-1.3793138711780124,-1.3365484036582682,-1.372232582831453,-0.9063360472548563,-0.4785122859226485,-0.021942646303185324,1.6717423796619817,-6.350966161458315,298
1630172,6,25.0,4.0,F,4.843063032095779,6.5652460937467305,1.8997235136370352,5.353300765576807,2.542454196581966,1.1726036255011432,0.7635102907771986,1.6844999981916582,0.49017080103673333,0.35765711357088675,0.7414203971219848,21.25482827481842,0.6786051361762128,2.859402029758811,3.8761993973474773,1.1216193625552735,3.160652457660806,1.501095204026142,0.6923191304015635,0.4507855587923898,0.9945488386248786,6.735601427106289,3.8761993973474773,1.3863502880805094,2.787945671493447,0.8315914732054384,7.793833104272842,0.4139119129397757,0.7414203971219848,21.25482827481842,0.6786051361762128,model,Patrick Williams,F,,1-5,2026,1610612741,SF,heuristic,,False,False,True,False,False,False,-1.9511982382624529,-0.5243960873284267,-1.2059561820956588,-1.3447282445899542,-1.245846195979487,-0.4976080830503699,-0.8014510551998202,-0.23718946533451435,1.4561427024051985,-6.352230849435486,299
1631159,3,23.0,33.0,F,8.297505159066736,5.04445178349929,3.1021261097679007,8.893240190318249,2.429861927643658,1.0174450985677315,0.8001853733455464,1.8550696278317254,0.6285033521206206,0.3402235070140002,0.7616700520875535,18.444090354163354,0.5865566332199048,4.251109301887873,2.5844534578355938,1.5893303960713452,4.556325711430741,1.2449053594889212,0.5212735924551077,0.4099636479462554,0.9504186619164592,6.835562759723468,2.5844534578355938,0.8792918191392852,3.5511282656069647,1.2105453655599934,9.192093715913208,0.5195078138307702,0.7616700520875535,18.444090354163354,0.5865566332199048,model,Leonard Miller,F,,31-60,2026,1610612741,SF/PF,heuristic,,False,False,True,True,False,False,-1.922166408681595,-1.1915179250976635,-0.8853402222460584,-1.5612028621337815,-1.9916323187360765,-0.7133453973655761,0.39523570674546216,-0.18714670374686898,1.693044323910454,-6.364071807351703,300
1631323,4,31.0,61.0,F,3.904570519632414,8.680950616211916,2.5533952104629822,6.29906600741473,2.830951566609194,1.0539553876035923,0.3315250390805987,1.5103867087597065,0.5354041108872838,0.3793568079959081,0.8221455343674448,18.288293576997205,0.6639202294194213,1.98355366542017,4.409993705463842,1.2971455896401551,3.199976900124562,1.4381464820113639,0.5354179318208994,0.168417423411985,0.7672887651275581,6.393547370884012,4.409993705463842,1.67296113538681,2.734963922018309,1.0664424539470796,8.209331433370508,0.4277693998910898,0.8221455343674448,18.288293576997205,0.6639202294194213,model,Simone Fontecchio,F,,undrafted,2026,1610612748,SF/PF,heuristic,,False,False,True,True,False,False,-1.9055925260941806,-0.25767868905400576,-1.2182931117571996,-1.392636962676228,-1.765615037156972,-1.1374819070526254,-0.5917025131097712,0.11227822966749726,1.7899901869291024,-6.366732330304382,301
1642962,1,21.0,22.0,G,5.90624177962343,5.274977107607216,2.63002376509316,3.1591991155724752,3.058817023963942,1.0865750556175795,0.4049135092837826,1.7176380955931236,0.5277544099186517,0.3541457890399648,0.8645844574190852,21.482462371299793,0.6938857604809172,3.5244615774044186,3.1477638117677733,1.569427404701056,1.8852048923258136,1.8253033782776833,0.6483974373860453,0.24162608963388357,1.02497488211362,6.672225389172192,3.1477638117677733,1.1147672988299453,2.9748174388939748,1.3569025411521054,8.421304717770001,0.44585086165128085,0.8645844574190852,21.482462371299793,0.6938857604809172,model,Drake Powell,G,F,15-30,2026,1610612751,SG/SF,heuristic,,False,True,True,False,False,False,-1.7945260797249654,-0.7869304657645771,-1.7143152686100893,-1.158680327118461,-1.336299676151437,-0.953371834639935,-0.42821107109804835,0.39502771496990946,1.3828933644272012,-6.3944136437104016,302
1629611,7,30.0,48.0,G,5.483845287769749,4.123616207266936,1.8930927456302586,4.811683490444081,4.003496914619316,1.0488276928829645,0.33291254292000955,1.507027536255791,0.5434077570829043,0.36108349063324907,0.782645005327921,21.424880222096096,0.6874643729358888,3.263631345749249,2.454110647849675,1.126646814567981,2.8636039569278253,2.3826233851458367,0.6241946581565252,0.19812809323596192,0.8968856793244696,5.717741993598924,2.454110647849675,0.8861388391257848,2.659621428664845,0.8817645021902428,7.087146198645717,0.4651524031063872,0.782645005327921,21.424880222096096,0.6874643729358888,model,Terance Mann,G,F,31-60,2026,1610612751,SG/SF,heuristic,,False,True,True,False,False,False,-2.068959047189876,-1.0448643863416425,-1.3130144477308223,-0.8799349094653647,-1.4308653868601462,-1.0570721836540158,-0.16675193478108996,-0.06653650049888502,1.573813217250326,-6.454185579271515,303
1641765,3,24.0,24.0,F,7.720406288621303,5.1042826680604945,4.23241881768351,7.0880811138749635,2.5200607657152783,1.3793923624773832,0.4969049585526122,1.7134164036191681,0.5929785317560042,0.3426123588121149,0.7308630506888096,19.106338623870656,0.6198023903811765,4.097463801784975,2.7090042524421607,2.246278531352873,3.7618688320877043,1.337475953957969,0.7320871547964949,0.2637231778329617,0.9093642780900684,6.806468054227135,2.7090042524421607,0.9281383369612586,3.357846406067088,1.6417219801213396,9.285553129216774,0.4933316926363458,0.7308630506888096,19.106338623870656,0.6198023903811765,model,Olivier-Maxence Prosper,F,,15-30,2026,1610612763,SF/PF,heuristic,,False,False,True,True,False,False,-1.819451580844787,-1.0981150383237122,-1.0924753606835793,-1.4870817502025095,-1.318863116829998,-0.9672336936342036,0.12940740518305666,-0.5143393417090648,1.6806339712042362,-6.487518505840561,304
1630590,4,26.0,61.0,G,8.292809705586736,4.88994097546158,3.4940735836034444,5.048311320840517,7.189507116274951,2.123520925133708,0.6519113742525505,2.969492154622361,0.5364453850515769,0.3546582680279436,0.7510861110144516,17.51828952075173,0.567097361352479,4.035440037860232,2.379538937431197,1.7002831290104352,2.45660498081591,3.498551865955818,1.0333459547185238,0.3172325610007587,1.445011758174316,6.414978975291429,2.379538937431197,0.8439231582544015,3.0087163432168835,1.2770590429919308,8.1384148876801,0.4690142173194261,0.7510861110144516,17.51828952075173,0.567097361352479,model,Scotty Pippen Jr.,G,,undrafted,2026,1610612763,PG,heuristic,,True,False,False,False,False,False,-2.1415431394399915,-1.2498561309265572,-1.6626618497574417,-0.6202263552902503,-0.717622217372471,-0.91301627701089,-0.1178863215124114,-0.24944726697977931,1.164520577492136,-6.507738980797656,305
1627780,10,34.0,61.0,G,8.017383617032243,3.5551396901277927,1.3109053788041236,7.753244737911054,3.9628980893716292,1.9329839609271118,0.6325592449462635,1.8048929018192839,0.6372336592652367,0.3439999672098718,0.7271409488951421,14.128263226921536,0.6367984498447727,3.146436281462217,1.3952208152944923,0.5144671182592208,3.042774514443101,1.555246315225189,0.7586029503721013,0.2482489866450985,0.7083333892584747,4.541657096756709,1.3952208152944923,0.47995591471183596,2.484971019992909,0.3740901085463591,5.8239880632440135,0.5471507353048467,0.7271409488951421,14.128263226921536,0.6367984498447727,model,Gary Payton II,G,,undrafted,2026,1610612744,PG/SG,heuristic,,True,True,False,False,False,False,-2.39769611262581,-1.5213185482471652,-1.3318438033223456,-1.3659465227932308,-1.185540151839938,-0.9849430416614696,0.4924768157310576,-0.12770653623347178,1.9077089767335176,-6.514808924258856,306
1629006,8,28.0,20.0,G,3.9577073747456883,4.62422782652431,2.0204879904634576,5.469664749816273,2.159661196299831,1.78355864192579,0.6294638170424481,1.2023319701748645,0.5149493287575644,0.3463016982051674,0.7109240813284822,18.633500796214356,0.6668543624085461,2.048498431069645,2.3934875802060365,1.0457990160845105,2.831083401964642,1.1178346839112818,0.9231650381783112,0.3258087371124607,0.6223237145435365,4.441986011275681,2.3934875802060365,0.8288688136583272,1.8837417056985646,0.7434837047641112,5.339835929819568,0.4240764606004642,0.7109240813284822,18.633500796214356,0.6668543624085461,model,Josh Okogie,G,,15-30,2026,1610612762,SG,heuristic,,False,True,False,False,False,False,-2.43946127022528,-1.1334740446271105,-1.3620480602402154,-1.5497762845648713,-0.5830215917334397,-0.7898307756953391,-0.4412845755060644,-0.3337761242250774,1.9804676827796375,-6.65220504403776,307
1630557,5,28.0,15.0,F,5.395617286028264,7.651299770486054,2.76815098862663,4.346041473641215,2.963786054879462,0.6905280139805973,0.35463234688645456,1.5626843388074354,0.5859221644444116,0.37477301297563165,0.7862688594434352,20.169086080633193,0.6738560557010547,3.0229074861126803,4.286658991657284,1.5508632103833435,2.4348801275519887,1.6604682240401145,0.38686997097398185,0.19868362031471867,0.875497637396237,7.309566477769964,4.286658991657284,1.6065241059024835,3.37771260308084,1.2193954475808957,9.58134475964506,0.4620947922634296,0.7862688594434352,20.169086080633193,0.6738560557010547,model,Corey Kispert,F,,15-30,2026,1610612737,SF,heuristic,,False,False,True,False,False,False,-1.6213145552199204,-0.3018574722389017,-1.5122143289687378,-1.2694796259807106,-2.1964813449018226,-1.0647268295151224,-0.24802329877787754,-0.06904052482640559,1.6275103970702027,-6.655627583359297,308
1642849,1,21.0,19.0,G,8.508775859143736,5.8689116877981755,3.152543496922288,3.0095865861793034,6.2364403858666835,1.3175716071983832,0.6492425456140966,3.261372344060622,0.47279075456727865,0.34308723184748047,0.7972376811959987,23.533714929754076,0.6147625822719913,5.5623084852850555,3.836591516904003,2.0608627766727547,1.9674097993209856,4.076850283816445,0.8613154056484629,0.4244191385763891,2.1320057506918473,9.398900002189059,3.836591516904003,1.3162855632641204,3.9460935891580187,1.6429974613377343,10.851470202917891,0.41984632119066595,0.7972376811959987,23.533714929754076,0.6147625822719913,model,Nolan Traore,G,,15-30,2026,1610612751,PG,heuristic,,True,False,False,False,False,False,-1.5606700819364534,-0.7309245038336355,-1.774237335580374,-0.22826253663005902,-0.9744836703408266,-0.6459255818989549,-0.9241888757740238,-0.007608641625341922,0.17356370091598652,-6.672737526703683,309
1629111,5,31.0,61.0,C,7.6173175545389284,4.248024757510752,2.629013326873053,9.323677496561235,2.930435834151509,0.8956835368633925,0.8939725141936962,1.5133507145081255,0.5859396327823877,0.3512238840212073,0.6752676034408936,18.415302712569883,0.6165205379492908,3.896533572905748,2.1730183844458826,1.3448354513818808,4.7693984303764125,1.4990239712683964,0.45817454072235053,0.45729929071094694,0.7741336532764183,6.0695519573516306,2.1730183844458826,0.7632159570345719,3.046349407867211,0.9081238122769951,7.764038585045989,0.5019068012388258,0.6752676034408936,18.415302712569883,0.6165205379492908,model,Jock Landale,C,,undrafted,2026,1610612737,C,heuristic,,False,False,False,False,True,True,-2.0931091867764455,-1.2624886184897022,-0.7225807385567211,-1.4156286579407378,-2.097473407726035,-0.5766355256160577,0.19802274538358905,-0.5586898450093949,1.8548467298654536,-6.673736504866051,310
1641774,3,24.0,42.0,F,8.828609836325612,7.123842932813303,5.107741188309061,8.082316622990387,2.936778603825744,1.130124826489204,1.4856117976759462,2.718161822941273,0.5949508857185096,0.34140627303753635,0.7785789692642565,17.416517124873565,0.5348902638163401,4.271212066755339,3.4464592342847893,2.471085052100189,3.910161274248954,1.4207904123748152,0.5467455109387219,0.71872731430937,1.3150253315953955,7.717671301040129,3.4464592342847893,1.1766428023529711,3.717804204560646,1.9239348528284768,10.53618606430274,0.4817261657748482,0.7785789692642565,17.416517124873565,0.5348902638163401,model,Tristan Vukcevic,F,,31-60,2026,1610612764,SF/PF,heuristic,,False,False,True,True,False,False,-1.8532179525677341,-1.0131808491098753,-1.238356183512617,-1.5388686095012611,-2.0521282370611993,-0.23869479143735658,0.0023533245106623617,-0.14297300843337538,1.3986715889938874,-6.6763947181188685,311
1642878,1,23.0,49.0,G,6.115903193869012,8.059444985867325,2.8523794261431954,4.300313628655381,4.974475929722881,1.5066539810947353,0.17225717801808882,2.3682204951069386,0.516378660578573,0.36227049486554297,0.850549748339198,16.99554957786275,0.658835357860408,2.887309331800276,3.8048526896490404,1.3466043319970105,2.030172041004761,2.3484431190969475,0.7112892342327738,0.0813223724763655,1.1180335787750177,6.692162021449317,3.8048526896490404,1.37838586676965,2.869330792200691,1.145353975692531,8.262401426863564,0.4287599109232687,0.850549748339198,16.99554957786275,0.658835357860408,model,Tyrese Proctor,G,,31-60,2026,1610612739,PG/SG,heuristic,,True,True,False,False,False,False,-1.9075079531094685,-0.5756511006547663,-1.6964332933311952,-0.9480280895130189,-1.2512505225173893,-1.3294795992459199,-0.6032663618236431,0.2536454035541614,1.3316835657177748,-6.726287950923465,312
1642869,1,22.0,32.0,G,5.687269192107377,4.657537690696566,2.4704168038405903,8.38432467479366,3.6320041974972876,1.3960983554071191,0.7561793101128622,2.01609675691924,0.5213038922988577,0.3409745828928992,0.7530839397165696,17.80138625674937,0.6465941121701322,2.812257656522621,2.303072984373835,1.2215789927869607,4.14590561216657,1.7959641557162291,0.6903468354726302,0.3739177771855924,0.9969254750249759,5.115330640896456,2.303072984373835,0.785289350218773,2.251330212711279,0.9199515205630033,6.2079012962043345,0.4401143094665599,0.7530839397165696,17.80138625674937,0.6465941121701322,model,Noah Penda,G,F,31-60,2026,1610612753,SG/SF,heuristic,,False,True,True,False,False,False,-2.3114367666035296,-1.2040604674717352,-0.8803733395883266,-1.237701312147866,-1.3523903150139187,-0.7090393344632167,-0.3551362675604161,-0.19569969015133318,1.5172682836824036,-6.728569209317939,313
1642877,1,25.0,40.0,G,6.203681822831333,4.6140380165566794,1.3544089378246447,4.638601722603497,2.786057117803665,1.5771266993406772,0.38855226572905993,1.0710181784668,0.5054265997590343,0.3482199679079301,0.7949648872433395,18.421648110386933,0.6593631888565853,3.1745012091389606,2.361060686359856,0.6930679125046816,2.3736302405010075,1.4256601066560541,0.8070353633541658,0.19882703088206385,0.5480533334317494,5.535561895498817,2.361060686359856,0.8221684764329045,2.4266458284989523,0.5509646549162609,6.22642478834707,0.4383738948835806,0.7949648872433395,18.421648110386933,0.6593631888565853,model,Micah Peavy,G,F,31-60,2026,1610612763,SG/SF,heuristic,,False,True,True,False,False,False,-2.285588031927028,-1.1501542980863413,-1.5581912505744029,-1.4037343059826755,-0.9625508631516305,-1.0739081912862587,-0.40837890418161016,-0.00843129420189515,2.0886648653275555,-6.762272274064287,314
203078,14,34.0,3.0,G,8.222507831999947,5.284013826477598,2.4553558314386477,3.847083892530122,4.0729269823233825,1.1926347714914862,0.6251555967868585,2.033075090365669,0.540382253617468,0.3795544126681999,0.8068468801327946,25.246935868637976,0.4591199887367855,5.766475775385448,3.7056988390576744,1.7219503114171617,2.697974453221615,2.8563590644545456,0.8363992664042573,0.4384239794443866,1.4258032339607611,9.472174614443123,3.7056988390576744,1.4065143463837657,4.52261552131709,1.389350236510631,11.841095625528578,0.47746327590087173,0.8068468801327946,25.246935868637976,0.4591199887367855,model,Bradley Beal,G,,1-5,2026,1610612746,PG/SG,heuristic,,True,True,False,False,False,False,-1.909508005469655,-0.9874646108462157,-1.7564940188535854,-1.125013595530376,-1.6359060560971934,-0.8425061919251051,-0.045610543359065024,0.03684768875656643,1.4970773021875068,-6.768578031137122,315
1641740,3,25.0,53.0,G,5.190711982771316,4.327010872631656,2.3456080844023286,4.648726043229295,2.2511117694427947,1.8499412885649382,0.3711678261650384,1.055718456780599,0.5284891214042026,0.35128280638245407,0.7342113943406884,17.319429045311434,0.6928256631046283,2.4972268855626565,2.081704382967641,1.128460910719861,2.236480023800032,1.0829991823313876,0.8899979690359014,0.17856707858799642,0.5079011362232575,4.578931268530297,2.081704382967641,0.7312669577075278,2.051024200405489,0.8285288587185923,5.661844217237099,0.4479264003156369,0.7342113943406884,17.319429045311434,0.6928256631046283,model,Jaylen Clark,G,,31-60,2026,1610612750,SG,heuristic,,False,True,False,False,False,False,-2.3372398905748915,-1.2058230443678415,-1.567665376447453,-1.5461013546138613,-0.5784901818270032,-1.098249650161501,-0.2763382409590895,-0.2744971812961306,2.1077879172439524,-6.776617003003819,316
1629731,7,30.0,61.0,F,2.0452656511889877,5.559467369373749,0.9412058605986492,6.871287235308582,2.2577606794804637,1.2137308296002736,0.602203964297853,0.7116024365286887,0.579525574912241,0.36279453387306465,0.7133879512182845,19.98145420862284,0.5956536235266792,1.135205054269498,3.085728962929846,0.5224072723455377,3.8138419790725853,1.2531483786407798,0.6736696387014354,0.3342475260241303,0.39496809722895654,4.220934017199344,3.085728962929846,1.1194856007647487,1.7773659624835614,0.3726790537201155,5.046896579451986,0.4210835694756659,0.7133879512182845,19.98145420862284,0.5956536235266792,model,Dean Wade,F,C,undrafted,2026,1610612755,PF/C,heuristic,,False,False,False,True,True,True,-2.596190616289577,-0.9543984141795117,-1.1288601887767151,-1.5490187095827912,-1.5574149385293383,-0.8497375880361551,-0.3940720412397809,-0.14473100695419952,2.3430578659646986,-6.831365637623369,317
1642866,1,20.0,17.0,F,10.495858442129235,1.444337639705293,4.152367218196194,9.676732974366638,1.9429213366128057,1.046454999012689,1.9591016821449625,1.6444348068936117,0.6131407657393011,0.32558623973351497,0.7413383224430035,14.18989370997349,0.5919438516140382,4.137086546909494,0.5693054885758915,1.6367124853050639,3.8142170101682837,0.7658290903715371,0.4124745891183464,0.7722067954629802,0.6481765311889203,4.706392035485385,0.5693054885758915,0.18535803328507608,2.721974446586924,1.213357688177575,6.842664614636498,0.5783569294830744,0.7413383224430035,14.18989370997349,0.5919438516140382,model,Joan Beringer,F,,15-30,2026,1610612750,PF,heuristic,,False,False,False,True,False,False,-2.3011290119897274,-1.8288221853050908,-1.1373214082003447,-1.7689989766659615,-2.2716390769969044,0.0008596366474730884,0.6999109879970901,-0.30235106398787753,2.04364161713791,-6.865849481363435,318
203114,14,35.0,39.0,F,7.581731832239709,5.171949227598159,2.967825548440827,5.897717215332385,4.7776181425135,1.171683912228306,0.33260881852312835,2.3404993320356637,0.5025511539320054,0.3678794723964374,0.8465537698588743,19.874587991401118,0.5897065021146753,4.185661011862637,2.855287778082185,1.6384530557115415,3.2559638817923515,2.637588671186081,0.6468537503247381,0.1836239786237189,1.292123886621065,7.040948789944822,2.855287778082185,1.0504017613408703,3.153910532820644,1.3870386110493977,8.745261438031555,0.4479382860055371,0.8465537698588743,19.874587991401118,0.5897065021146753,model,Khris Middleton,F,,31-60,2026,1610612764,SF/PF,heuristic,,False,False,True,True,False,False,-1.98843801926201,-1.0287920165260254,-1.3425193082314046,-0.9418996980995672,-1.647515334448473,-1.1491244734817994,-0.36154824153161774,0.25509578743163863,1.280495499846453,-6.924245804302804,319
203083,14,33.0,9.0,C,7.179578110173599,2.0626924815918795,2.5118206322007204,15.562842286516391,2.1200120695683338,1.3744287667330157,1.258627677363951,1.890985059388576,0.5564413764400322,0.3240277207439187,0.6340993042956156,16.725516525490658,0.5499506236845617,3.3356153424377646,0.9583221441075087,1.1669860414705984,7.230460440187075,0.984952691772356,0.6385564180861889,0.5847555004775191,0.8785472738960989,4.293937486545273,0.9583221441075087,0.3105229400935813,2.1665973325141406,0.7399850370192008,5.383702642141063,0.5045712331171585,0.6340993042956156,16.725516525490658,0.5499506236845617,model,Andre Drummond,C,,6-14,2026,1610612752,C,heuristic,,False,False,False,False,True,True,-2.6090274406203107,-1.7329976983622322,-0.09316714421844631,-1.702694822788583,-1.785163994081965,-0.4459101944608247,0.14128690790432963,-0.5771230457014754,1.8429678663559756,-6.961829565973531,320
1630534,4,27.0,14.0,G,5.593370039221376,5.0048491684834655,1.4208376986250795,5.05633354213209,2.2130767874196855,1.0946578314336137,0.7011683986668702,1.2353482070279331,0.5625761946042077,0.35194165993707993,0.7785448442675672,19.456745237056502,0.6284940622582738,3.023021551936529,2.7049465339188017,0.7679132534820511,2.7327720434124325,1.196090867857452,0.5916244041097934,0.3789570805871156,0.6676626484221397,5.727968085855331,2.7049465339188017,0.951983373188434,2.6526633340833925,0.5978549043431843,6.855164945698403,0.4631072125967131,0.7785448442675672,19.456745237056502,0.6284940622582738,model,Ochai Agbaji,G,,6-14,2026,1610612752,SG,heuristic,,False,True,False,False,False,False,-2.2282425013365468,-1.061930488573926,-1.4655703215286868,-1.5450458756987562,-1.6912539693440003,-0.72091029596905,-0.17181957061676684,-0.05229552757966671,1.9711419856496986,-6.965926564997702,321
1631342,2,28.0,61.0,G,4.131622697185678,7.6694838872238735,1.9864530534189853,4.260868738411269,2.1765048426890647,1.0891552535511748,0.34559895936089946,1.1844260870559316,0.5545670513656129,0.37762337110627675,0.8383455697826728,22.935601099955186,0.5102430636269881,2.632256946615879,4.886228418886123,1.2655693010279392,2.714599603429727,1.3866513017788085,0.6939008453158415,0.22018110756836703,0.7545978962526567,7.518485365502002,4.886228418886123,1.8451540475350703,3.3049170208564895,1.0609844167697267,9.515972506017775,0.4395721824532438,0.8383455697826728,22.935601099955186,0.5102430636269881,model,Daeqwon Plowden,G,F,undrafted,2026,1610612758,SG/SF,heuristic,,False,True,True,False,False,False,-2.0736781161062607,-0.5233089468423832,-1.667539721407276,-1.5782227467432064,-1.7720553070426162,-1.1357341161672097,-0.4172998422824814,0.1414672556468178,2.0409298230357154,-6.985441717908901,322
1627741,10,34.0,6.0,G,4.212890955054954,9.409224673683708,1.2816658989384,4.976515497653035,3.307000767666521,1.3930578429336298,0.5227313804984639,1.8477054078087656,0.5445432212459282,0.37869981868976044,0.8273474228875056,17.415712439118693,0.5713548848420611,2.0380693725167,4.55189864422044,0.6200312427482148,2.4074878571095253,1.5998270668229138,0.673919300099752,0.25288165015735514,0.8938640570722777,6.58996801673714,4.55189864422044,1.723803191260447,2.8336200524933584,0.5129812507974729,7.904024547044637,0.42998995523142997,0.8273474228875056,17.415712439118693,0.5713548848420611,model,Buddy Hield,G,,6-14,2026,1610612741,SG,heuristic,,False,True,False,False,False,False,-2.169592308998356,-0.4551475280915901,-1.6733575457307852,-1.423216178689759,-1.631180705673919,-1.0297774879795987,-0.5031614299420507,0.05627606154065987,1.7873775814614041,-7.0417795421039955,323
1630228,5,24.0,7.0,F,11.180698208994261,4.363074348833558,5.65138883136891,7.730977078008277,3.5908630574863087,1.0762370821118807,0.6477612170262658,2.516824067534699,0.5484476613076001,0.32418652867140074,0.7161949389349713,22.552298955848656,0.5366383654061482,7.004179126232229,2.7332599189302527,3.540328067799328,4.843091841223777,2.2495060328317775,0.6742116784210381,0.40579179495501966,1.5766713552865987,9.737439045162482,2.7332599189302527,0.8860860450746728,4.727511706236249,2.535565044327305,12.876674501874476,0.48549846466919416,0.7161949389349713,22.552298955848656,0.5366383654061482,model,Jonathan Kuminga,F,,6-14,2026,1610612750,SF/PF,heuristic,,False,False,True,True,False,False,-1.4931287632233474,-1.2546886237707957,-0.9300290284365261,-1.2032451578413792,-1.736825236599809,-0.7881940228531994,0.0541123209032377,-0.8544574640772872,1.1107781739785445,-7.095677801920561,324
1629622,7,31.0,61.0,G,2.998630370977542,7.928038235993351,1.2649632322540176,6.289883054880981,3.945452287394022,0.9240892859068148,0.34325158976479847,1.5705273364916847,0.5458028752221901,0.37231619335894817,0.8075772051454148,21.714516925338692,0.5279309339919358,1.8087169428729577,4.782042235005831,0.763001819908639,3.793938112600392,2.3798219575759374,0.5573931233152132,0.20704284598880918,0.947312289720994,6.590759177878789,4.782042235005831,1.7804317614190877,2.767634669302238,0.6161828772426838,7.9318839772662475,0.4199265357155699,0.8075772051454148,21.714516925338692,0.5279309339919358,model,Max Strus,G,F,undrafted,2026,1610612746,SG/SF,heuristic,,False,True,True,False,False,False,-2.2624154284880196,-0.5257136358673871,-1.2921679898231409,-1.1663131313182062,-2.043871772844695,-1.1457615153662988,-0.5558063276043537,0.02038516537246836,1.808757818528718,-7.162906817410914,325
203992,9,34.0,27.0,G,4.821341120336731,7.921482855223665,1.8498464664225156,4.385390816559986,3.89340131445276,1.20802342175054,0.3717603706275723,1.8511610586164797,0.5129892501041936,0.37348327606442916,0.8636387128093979,20.047779470770582,0.5389502266557604,2.6849217648296877,4.411337260083726,1.0301476114895225,2.4421485550982536,2.1681680817599234,0.6727274209661253,0.20702694239759742,1.0308796852228166,7.096259024913413,4.411337260083726,1.6475606917211527,3.0248966944495623,0.8896753571904868,8.587029437810765,0.4262663868144908,0.8636387128093979,20.047779470770582,0.5389502266557604,model,Bogdan Bogdanović,G,,15-30,2026,1610612745,PG/SG,heuristic,,True,True,False,False,False,False,-2.1379525010219624,-0.6073193186729721,-1.7094063489106712,-1.2322416066691604,-1.733376024184682,-1.138268248246578,-0.5480297042188029,0.19851899729020012,1.696840045832841,-7.2112347088017845,326
1627747,10,32.0,20.0,G,6.320740761556521,5.766564580147068,2.6214204852884437,4.190217224308206,4.945778311506948,1.4281955102327224,0.8859886839998485,2.089799529825747,0.5222801927401611,0.34242569828225355,0.732369809233778,18.792694499524828,0.5792113996472524,3.299548615072933,3.0102579574023474,1.368432064856162,2.1873742273075285,2.5817916908479392,0.7455456085943483,0.4625031852345888,1.090915670257386,6.3098065724752805,3.0102579574023474,1.030789683073209,2.7540785697090326,1.0021983302880924,7.541145152779366,0.4364759106440615,0.732369809233778,18.792694499524828,0.5792113996472524,model,Caris LeVert,G,,15-30,2026,1610612749,PG/SG,heuristic,,True,True,False,False,False,False,-2.211434351941929,-1.063925061557909,-1.7393254475808777,-0.9869292548821161,-1.4185143588604205,-0.6229465526270234,-0.42690576671454167,-0.28627585937350153,1.5429600534192194,-7.2132966001191,327
1631200,3,26.0,23.0,F,4.8971467078395055,3.50800975860207,1.889187029816446,5.815055286991354,2.5587341166598256,1.3167196639409682,0.5921303400459963,1.4193241073698488,0.5802119141928838,0.31471655882123545,0.6594969884267557,21.047437714344404,0.6215380447421469,2.8631219530905208,2.0509615804302617,1.104515176133582,3.3997781655116572,1.4959665818879369,0.7698215309458339,0.34618962363587996,0.8298093262870657,4.914083533520783,2.0509615804302617,0.6454715708675745,2.3066890398378934,0.728424432331745,5.987274082875106,0.469403709583509,0.6594969884267557,21.047437714344404,0.6215380447421469,model,Kris Murray,F,,15-30,2026,1610612763,SF/PF,heuristic,,False,False,True,True,False,False,-2.394132541964938,-1.3713445100879431,-1.2252423724844441,-1.4114100803027785,-1.2064688881503434,-0.7967440093178663,-0.09588803147183664,-0.5218660607256372,1.7772010743348763,-7.245895420170912,328
1631245,4,28.0,61.0,G,7.938022745072855,4.978628333305746,4.151599623376564,4.554526754094345,5.429584896151246,1.387891292665328,0.30019266262127586,2.2442342369111445,0.5410475226505803,0.34444943790629123,0.8162411010335732,18.783254143666355,0.5502838199392509,4.141719406080763,2.5976344797594413,2.166126411906431,2.3763564868411633,2.83292424997281,0.7241420798309576,0.1566276409466477,1.1709450563838655,6.739353885840204,2.5976344797594413,0.8947537364391408,3.1356207606129707,1.7680814074324085,8.934076665097491,0.4652702341690503,0.8162411010335732,18.783254143666355,0.5502838199392509,model,Quenton Jackson,G,,undrafted,2026,1610612754,PG/SG,heuristic,,True,True,False,False,False,False,-2.0564935795671317,-1.2282242175736997,-1.7145864272194655,-0.9392660784577902,-1.5700985727421373,-1.2219658322410352,-0.15619268976200815,0.11686819150087956,1.5177807409276731,-7.252178465134715,329
1630695,5,29.0,61.0,C,4.357106607886331,5.878988016320824,2.9565395390396114,9.179060257184226,2.5729874783086424,0.8751185346283519,0.7159136750969163,1.707897394092758,0.6172704413561898,0.36882490095253273,0.8035615059603065,17.559621839052742,0.5601174361337302,2.1252540096367176,2.8675779545254585,1.4421032293817468,4.477245193167589,1.2550190865477133,0.4268541814561067,0.3491992612252311,0.8330564550047905,4.992831964162177,2.8675779545254585,1.0576341550515187,2.3694906355739875,1.1588186427522178,6.955434068951711,0.47457848623423493,0.8035615059603065,17.559621839052742,0.5601174361337302,model,Micah Potter,C,,undrafted,2026,1610612757,C,heuristic,,False,False,False,False,True,True,-2.34481543283836,-1.0712170581779294,-0.985442302076107,-1.581653349456148,-2.2947022014545424,-0.8612867723596035,-0.05025748609915475,0.023117487188360968,1.876351472527696,-7.289905642745787,330
1628418,9,29.0,42.0,C,6.295756137659376,5.411285885904962,2.7320865145882927,10.007585483583494,1.886707568840969,0.9616593199990978,1.2654827405304705,1.3834994635534554,0.6270529931877777,0.3545805419990647,0.7978915632074228,13.57626801068614,0.6020079489381991,2.3742464626329425,2.040696318596915,1.030320520845334,3.774046185138377,0.7115124336770852,0.3626595739800539,0.4772370235649794,0.5217433197178393,4.414942781229858,2.040696318596915,0.7235912067035901,2.21236955766307,0.8220840509819697,5.9704143730117005,0.5011094519885888,0.7978915632074228,13.57626801068614,0.6020079489381991,model,Thomas Bryant,C,F,31-60,2026,1610612739,PF/C,heuristic,,False,False,False,True,True,True,-2.4300398251349304,-1.3173153447834347,-1.1286918884975605,-1.7877550450704562,-2.389096819414946,-0.5589446697994447,0.13515221944962097,-0.001504306754924824,2.184030592405843,-7.294165087600232,331
1631321,3,23.0,44.0,G,4.1710403749896665,4.977411504618511,2.2855783668439535,4.293148280272997,3.0555194205376495,1.3086516105652655,0.6299635708386827,1.7047587047758062,0.5490562210054849,0.32890846253273764,0.7051224871789235,20.469094323933675,0.6641043742615141,2.371594968461088,2.8300862660296926,1.2995477548797545,2.4410238082094895,1.7373254229887862,0.7440809237174483,0.3581884375594186,0.9693018535445272,5.201681234490781,2.8300862660296926,0.9308393225948425,2.23297829373371,0.9163403451285984,6.3131362551908605,0.429280110231958,0.7051224871789235,20.469094323933675,0.6641043742615141,model,Sidy Cissoko,G,,31-60,2026,1610612757,SG,heuristic,,False,True,False,False,False,False,-2.2609759676783394,-1.030760723148069,-1.5241615289993526,-1.2433258298993117,-1.135215444487981,-0.7218919720877883,-0.46799526209874814,-0.44046693218785216,1.5190607906385005,-7.305732869948944,332
1642859,1,21.0,25.0,G,7.125414975253533,5.064934280108422,2.931423664232545,3.9984086284431677,3.9756477536684858,1.252966047904846,0.2740972892746394,1.7917278642156338,0.5402795566908837,0.3498461257615775,0.7687731884606648,16.606017490377937,0.7237170992771469,3.2867990473683624,2.3363440900859787,1.352202017776484,1.844378989377925,1.8338798925833508,0.5779660029543775,0.12643512165999563,0.8264851180878422,5.623143137454341,2.3363440900859787,0.8173609283625376,2.593151260606735,1.039536656648972,7.04320010622498,0.4611569005480951,0.7687731884606648,16.606017490377937,0.7237170992771469,model,Jase Richardson,G,,15-30,2026,1610612753,PG/SG,heuristic,,True,True,False,False,False,False,-2.0053496980836822,-1.0725688674299017,-1.6980983267079615,-1.113156793865194,-1.4800876848761382,-1.204447972690614,-0.2148196080524951,-0.15839702683184545,1.6110043124217304,-7.335921666116102,333
1629680,7,30.0,20.0,G,2.844752789011888,6.159705951911324,1.2140286372366846,4.391257414038816,2.609889376179053,2.9459396142550704,1.11722322315381,1.5117377023762693,0.5309373932177714,0.35123570718960123,0.7827427582827595,16.8305383777068,0.44276521258202367,1.3299644719598067,2.8797546505286817,0.5675765436290863,2.0529785120380506,1.2201623140930782,1.3772708260035205,0.5223185648265414,0.7067599838019474,4.2097191224884885,2.8797546505286817,1.0114726612109846,1.7176005310255742,0.44426642929682597,4.89094015255896,0.40800834474919795,0.7827427582827595,16.8305383777068,0.44276521258202367,model,Matisse Thybulle,G,F,15-30,2026,1610612747,SG/SF,heuristic,,False,True,True,False,False,False,-2.8337225298047968,-1.2981079078628515,-1.9568115449561065,-1.7037679675663129,-0.6094291563885516,-0.7436838457165057,-0.35536501074946053,-0.02145386649506983,2.186380596038025,-7.335961233501632,334
1642854,1,21.0,23.0,F,7.080228543486781,5.135346203908817,2.6385402427859272,6.910040173359062,2.2845364581371683,1.1745118005941535,1.0029828511434846,1.770236610526931,0.5946257217293935,0.3402834985156408,0.6898282791460925,16.914426567668666,0.6095133729635116,3.3266112716977454,2.412817674043659,1.2397054217344785,3.2466490858867307,1.0733784489534166,0.551838711222503,0.47124666067492843,0.8317371432265681,5.7394289457414045,2.412817674043659,0.8210420394039474,2.799130667750355,0.8551838577231761,7.274487232627833,0.48770194634559944,0.6898282791460925,16.914426567668666,0.6095133729635116,model,Asa Newell,F,,15-30,2026,1610612737,SF/PF,heuristic,,False,False,True,True,False,False,-2.192791521079564,-1.2155614134840773,-1.306786721378532,-1.618217008602588,-1.85254155111808,-0.5591732697886669,0.05622166244453357,-0.4489202657348781,1.7949601950265988,-7.342809893715254,335
1642882,1,24.0,61.0,F,9.960503682609174,1.2747143923800226,3.959371526291177,11.226781243749313,2.642511528611518,1.3845463682875185,0.7413191746351606,2.305910377377318,0.5516801289086454,0.33403310677074205,0.7074088728993756,24.0786580331557,0.4148229636064724,6.662098944764842,0.8525947762239005,2.648232027993861,7.509050732813504,1.7674480957252299,0.9260560703623002,0.4958325249850351,1.5423118731103738,7.514693720988742,0.8525947762239005,0.28479488191857505,3.9601424865685937,1.873382834099165,10.078462689154927,0.5269865457733572,0.7074088728993756,24.0786580331557,0.4148229636064724,model,Julian Reese,F,,undrafted,2026,1610612740,PF,heuristic,,False,False,False,True,False,False,-2.2643111184483042,-1.8156095389404536,-0.616564261372998,-1.5589734786224614,-1.6352618858827004,-0.8280217067403401,0.36776307047155027,-0.5469126499782845,1.5269914694002564,-7.370900100113737,336
1631113,4,24.0,38.0,G,9.244463894667662,4.481790427491411,3.9261267475970003,4.006395473562428,6.776133071326775,1.2605152531245634,0.2911653669604014,2.2245922125000623,0.49842896506620427,0.3486144459268978,0.7398088827120841,24.529194041870376,0.48061087169322536,6.298868019037996,3.053741862525945,2.675131245132896,2.7298236660967765,4.6170300822252655,0.8588728676841602,0.19839032734566886,1.5157626123457713,9.352609881563941,3.053741862525945,1.064578527408255,4.204116795225976,1.9790858575699544,11.45189797543016,0.4495126866686932,0.7398088827120841,24.529194041870376,0.48061087169322536,model,Kennedy Chandler,G,,31-60,2026,1610612756,PG,heuristic,,True,False,False,False,False,False,-1.8904574602483368,-1.1979633351110297,-1.7119663680530737,-0.4438791435574143,-1.505091542997317,-1.1917708442476518,-0.3730467577394321,-0.4120003141428272,1.3480404364803977,-7.378135329616683,337
1629020,8,28.0,41.0,F,4.554218171425265,2.753697719639195,1.705337924105264,9.419759595412389,2.6482178165104737,1.739995253259713,0.6332007981937376,1.6218681834080093,0.5815087537963411,0.32880580150705574,0.655495404471694,17.53662861038641,0.5658140522354728,2.2184897967488326,1.3414048392939035,0.8307188286178149,4.588634045107522,1.290022564654239,0.8476014038958563,0.3084502009367725,0.7900583329841202,3.559894636042736,1.3414048392939035,0.44106169332947526,1.731132930346787,0.5445323745670864,4.447859928590136,0.48628768751177304,0.655495404471694,17.53662861038641,0.5658140522354728,model,Jarred Vanderbilt,F,,31-60,2026,1610612747,PF,heuristic,,False,False,False,True,False,False,-2.734511635199572,-1.6093351870497496,-0.9316544213005786,-1.5614239583876166,-1.201416440054126,-0.9307408035650224,0.024982038262224716,-0.367610325948087,1.9158580919817008,-7.395852641260827,338
1641712,3,23.0,43.0,G,5.996088830361773,4.994285005407975,2.1139862947404993,6.036539575035935,2.7685797984689935,1.5232222134170248,0.33884874948664834,1.8309227625763655,0.4975758004160412,0.3455019917454103,0.7896353136810979,19.612478565348287,0.586525478827245,3.26661565726096,2.7208418782723407,1.151680858139947,3.2886528617852475,1.5082975542758172,0.8298378614139937,0.18460177322783228,0.997470373217701,5.9874575355333,2.7208418782723407,0.9400562881674169,2.5654451884806115,0.909407875677853,6.980354540806493,0.42846987611280124,0.7896353136810979,19.612478565348287,0.586525478827245,model,Rayan Rupert,G,F,31-60,2026,1610612755,SG/SF,heuristic,,False,True,True,False,False,False,-2.288786391335438,-1.1356209576648424,-1.3371632610971098,-1.4452912128193598,-1.1689752951377659,-1.1491594547968849,-0.48314399691873444,-0.032174428298771006,1.6374309531555518,-7.402884044913354,339
1631124,3,25.0,29.0,G,6.3882776652253375,6.778707126348825,2.6443388784254376,4.359612364912111,2.8193913668254864,1.1062747045839658,0.36967752998752923,1.5804445992588398,0.5365291911235167,0.3582108630567771,0.810770285656858,18.965667052161816,0.590765610032686,3.3654985343173722,3.5711861778457896,1.3931014094806626,2.296748794150302,1.4853232764708777,0.5828121587602269,0.19475502640025125,0.8326162795536239,6.936684712163162,3.5711861778457896,1.2792376829025733,3.084925889247254,1.1294852277136085,8.57857468911069,0.4447262658252258,0.810770285656858,18.965667052161816,0.590765610032686,model,Julian Strawther,G,,15-30,2026,1610612743,SG,heuristic,,False,True,False,False,False,False,-2.013644722615486,-0.8148558248174881,-1.6847127452248574,-1.4506775226684105,-1.8163907134961161,-1.1268041234910382,-0.3909783234350943,0.05603813992616306,1.8253695523220526,-7.416656283500276,340
1641738,3,27.0,30.0,F,5.026661669092891,5.234092384898618,2.188631140386135,7.021285511583633,3.1760490337586447,0.9831313863434888,0.5184259818083563,1.7711707996019965,0.5703737952692036,0.35528834723931874,0.7799897652084032,18.36973729355546,0.6122705893107789,2.5649570645783726,2.670802835577411,1.116793863371889,3.5827547308566245,1.620644066155471,0.5016629247827463,0.26453747477702966,0.9037761747418122,5.2357599001557835,2.670802835577411,0.9489051252543843,2.4118894208805064,0.8710877832776253,6.6437717502930225,0.4606569947580567,0.7799897652084032,18.36973729355546,0.6122705893107789,model,Kobe Brown,F,,15-30,2026,1610612754,SF/PF,heuristic,,False,False,True,True,False,False,-2.296237234139123,-1.0891301838769274,-1.1763190355803768,-1.3645248988168135,-1.9852817485131808,-0.9721384688863368,-0.17337601139222542,-0.06868166818906672,1.7013534197480678,-7.424335829645982,341
1642278,2,26.0,34.0,G,5.9152845056892795,5.872305461407959,1.502382393419322,4.650162138328767,7.851067180343259,1.2316358649846209,0.30380653367995036,2.4256106632870478,0.510692080290584,0.3614656218919901,0.7805763851898231,17.03109013707833,0.6158336050665955,2.798437322301582,2.778104545158231,0.7107558322967764,2.199925848052948,3.7142286894634293,0.5826694842392087,0.14372656831490438,1.1475220512194462,5.576541867459813,2.778104545158231,1.0041892870965843,2.4333290647855907,0.5547992183268018,6.425646634994568,0.43635090036435137,0.7805763851898231,17.03109013707833,0.6158336050665955,model,Tyler Kolek,G,,31-60,2026,1610612752,PG,heuristic,,True,False,False,False,False,False,-2.327503644681159,-1.0303855242315683,-1.6859594261924267,-0.39258148784180613,-1.7503740232290317,-1.2143106935708532,-0.4022640400479437,-0.04255922016282574,1.3920377163439728,-7.4539003436136415,342
1642948,1,24.0,61.0,G,7.650162551672723,4.675075757377684,1.557496699994211,4.153467358265623,9.083209677883556,0.9463952252505252,0.09231808660711208,2.5433252459463747,0.48530263551946534,0.3615824426979084,0.8123731616323928,18.72252899521293,0.6376984273250792,3.9786219497717967,2.4313678172866866,0.8100076979330575,2.1600948068277384,4.723907126771488,0.4921920012690008,0.04801189036900651,1.3227077961524458,6.409989767058484,2.4313678172866866,0.879139914471602,2.8099756324314487,0.6580285145164542,7.157119693850953,0.4383744334307938,0.8123731616323928,18.72252899521293,0.6376984273250792,model,Ryan Nembhard,G,,undrafted,2026,1610612743,PG,heuristic,,True,False,False,False,False,False,-2.1560069096519365,-1.1210878681082093,-1.6721672604433813,0.1515865781730065,-1.9547483298200763,-1.4051771357615521,-0.4573452262524826,0.03970477817795483,1.1160508586694506,-7.459190515017226,343
1631121,4,24.0,40.0,G,6.158474283815144,4.559854964204156,3.4726934577492097,3.7774772987671814,2.8925800783345816,1.133432739801748,0.4237270904525469,1.095227414953367,0.5306650069373782,0.3587283431669728,0.7899677795324989,19.827497645663826,0.5768573687619107,3.391864843422944,2.511403154647956,1.9126339266009618,2.08049784021819,1.5931284636964724,0.6242537494427072,0.23337355245421826,0.6032116386515101,5.9032679980709,2.511403154647956,0.9009114926911699,2.7008554733568557,1.510919176055486,7.813541615460368,0.4575186954479205,0.7899677795324989,19.827497645663826,0.5768573687619107,model,Bryce McGowens,G,,31-60,2026,1610612740,SG,heuristic,,False,True,False,False,False,False,-2.172051641528922,-1.1853290656110402,-1.7799116218908466,-1.4195095832746314,-1.7445646259902106,-1.0622901924325203,-0.21189555655719086,-0.05054389992705097,2.1156956866919905,-7.510400500520424,344
1626145,11,31.0,24.0,G,3.861705223946654,5.925046993256272,0.6033315654978308,3.132400598915196,6.3975000214876285,1.270959295811699,0.21574897399839577,1.3016540239429413,0.5088593686194214,0.3854851731644516,0.835708420931448,16.331449629525828,0.626463314565677,1.7518678985822649,2.6879057367482853,0.2737021964397441,1.4210178500188908,2.9022347043282113,0.5765724366868439,0.09787481948546327,0.5904971424192709,4.43977363533055,2.6879057367482853,1.0361478083801356,1.9276022011573395,0.22873523039212754,5.120087441086943,0.4341667750396076,0.835708420931448,16.331449629525828,0.626463314565677,model,Tyus Jones,G,,15-30,2026,1610612743,PG,heuristic,,True,False,False,False,False,False,-2.5393001217098177,-0.9822069007450238,-1.9682166679348239,-0.7447150156850089,-1.7395817830485922,-1.3039725289170312,-0.3415493730196436,0.03508773283650206,2.071399091922119,-7.513055566301322,345
1629684,7,28.0,22.0,F,3.4907939060631863,6.029483272050249,2.5108909874660506,6.56498124896796,2.671313815002396,0.9585749700742098,0.798671132447628,1.6131711374557758,0.5586873741486761,0.3602361957635782,0.788541529176338,20.358467512596164,0.5329206789797781,1.9740892869376678,3.409751091993806,1.419941460999947,3.7125821521643667,1.5106626532965444,0.5420865940734344,0.4516588973106506,0.9122692276153114,5.383840378931474,3.409751091993806,1.2283157618805551,2.3312145219347933,1.1196828109977817,7.010427616747924,0.4330021616275086,0.788541529176338,20.358467512596164,0.5329206789797781,model,Grant Williams,F,,15-30,2026,1610612766,SF/PF,heuristic,,False,False,True,True,False,False,-2.3899837587460735,-0.9735957038941383,-1.3070080164394888,-1.505024094015227,-2.0683104544167983,-0.7125822910620914,-0.36099953699447024,-0.04057519418804855,1.8368965950621114,-7.521182454694225,346
203991,12,33.0,25.0,C,8.696205882657944,0.3199572773708975,2.5266650406157343,13.756801792554086,1.80047579633998,1.1028764543865754,1.9126651351265536,1.4826298869291274,0.5802546179288931,0.320812277975642,0.6104423974830836,13.092444699748942,0.602026514574234,3.1626276282314048,0.11636174889613081,0.9188950644180671,5.003060186511708,0.6547952721338229,0.40109302749198406,0.6955961808550621,0.5392013834670729,3.2789893771275356,0.11636174889613081,0.03733027773259737,1.8724595638033725,0.5609325061587375,4.34318191149808,0.5710477676032263,0.6104423974830836,13.092444699748942,0.602026514574234,model,Clint Capela,C,,15-30,2026,1610612745,C,heuristic,,False,False,False,False,True,True,-2.706807619361864,-1.9657651538121381,-0.6791139724460172,-1.8133708735401088,-2.283882063157297,-0.12552537474691558,0.45851289015925323,-0.5691187393389106,2.162808172770425,-7.522262733473571,347
1628371,9,29.0,6.0,F,5.0205831307853845,3.6839315551750835,3.201288181996792,9.546625777339564,1.3917683236068292,1.595636520968315,2.139962943783944,1.2352381536974932,0.5818625408916833,0.31512732182569814,0.6867758975438295,13.828878287955463,0.5573666945019159,1.9285842513942628,1.4151289193798533,1.2297284620417739,3.667197942652418,0.534627632005296,0.6129406455635423,0.8220357525089734,0.4744988356700405,3.343713170774116,1.4151289193798533,0.44594578640226745,1.568116719242218,0.8445478682539324,4.426727093140636,0.4689746515784957,0.6867758975438295,13.828878287955463,0.5573666945019159,model,Jonathan Isaac,F,,6-14,2026,1610612753,PF,heuristic,,False,False,False,True,False,False,-2.748456007740261,-1.610910386206623,-1.2672356023426563,-1.8855836199793339,-1.8285405954975997,0.004394741756088664,-0.06058343912967452,-0.4186645001622063,2.2841395542424214,-7.531439855059843,348
1631133,4,24.0,57.0,F,6.625800048668645,4.106950656306606,3.318840280398032,9.498855816939562,1.9856605766862374,1.158109768633085,0.5058401320322424,1.5101138817061432,0.5653871380981464,0.3397447526742603,0.7397210751374744,17.004151932891173,0.6011628706756297,3.129614186236649,1.93986702613124,1.5676128991357576,4.486666319440761,0.9379020592534746,0.5470187350222895,0.238927290523055,0.7132834966805363,5.069481212367889,1.93986702613124,0.659059643013911,2.4285032511216094,1.159596299148076,6.675662444405205,0.47904374222688695,0.7397210751374744,17.004151932891173,0.6011628706756297,model,Jabari Walker,F,,31-60,2026,1610612755,PF,heuristic,,False,False,False,True,False,False,-2.3116718584597087,-1.3791656890888175,-0.8703491279697865,-1.6860665006701483,-1.8866622321432118,-1.0325828965100186,-0.019468480577643468,-0.30244118861381963,1.9526275865038107,-7.535780387529343,349
1642853,1,22.0,31.0,F,4.857397656235937,6.476990916280839,2.126843925226113,6.65102211629621,1.2870248656152086,1.1833991709391176,1.028029263404229,1.5924415227739284,0.5479475136508517,0.3395638222974388,0.6844813577683488,17.588205094416928,0.6307631949029762,2.37313628341716,3.1644067952839667,1.0390935322414339,3.2494316963589074,0.6287904805015186,0.5781629813066711,0.5022552646615539,0.7780052250948183,5.537543078701127,3.1644067952839667,1.0745180667106127,2.3748721927636685,0.7112401517969262,6.535502604034876,0.4288674885253828,0.6844813577683488,17.588205094416928,0.6307631949029762,model,Rasheer Fleming,F,,31-60,2026,1610612756,SF/PF,heuristic,,False,False,True,True,False,False,-2.2808187684537975,-0.9372258778865388,-1.2638041326700138,-1.8115593520750868,-1.723750719537194,-0.46167717191254465,-0.47693870577273484,-0.4085816331522284,1.8276774165151388,-7.536678944945001,350
1642889,0,,22.0,G,6.9040253655204165,4.804776083937893,2.4865932531873978,6.1507228727788466,2.8910455851668138,1.0992121540643494,0.7156106362914064,1.8372775133473427,0.511170480504898,0.33715366640703237,0.7457536013760482,18.171771690729997,0.6499166885907217,3.4849547969234926,2.4253137228444204,1.2551612467953044,3.104709216030226,1.459317231142896,0.5548508973148023,0.36121980839292944,0.9274052084738902,5.910268519767913,2.4253137228444204,0.8177034138442855,2.5991094319255166,0.936041020105249,6.951963297800568,0.43976164927741385,0.7457536013760482,18.171771690729997,0.6499166885907217,rookie_tier,Labaron Philon,G,,15-30,2026,1610612755,SG,heuristic,,False,True,False,False,False,False,-2.16897240789282,-1.1668994972700548,-1.2831365390523162,-1.3974250445300704,-1.7422849084094332,-0.7321506963468297,-0.41594794399876167,-0.23485406456728475,1.6017351344942177,-7.539935967573353,351
1643538,0,,28.0,F,6.9040253655204165,4.804776083937893,2.4865932531873978,6.1507228727788466,2.8910455851668138,1.0992121540643494,0.7156106362914064,1.8372775133473427,0.511170480504898,0.33715366640703237,0.7457536013760482,18.171771690729997,0.6499166885907217,3.4849547969234926,2.4253137228444204,1.2551612467953044,3.104709216030226,1.459317231142896,0.5548508973148023,0.36121980839292944,0.9274052084738902,5.910268519767913,2.4253137228444204,0.8177034138442855,2.5991094319255166,0.936041020105249,6.951963297800568,0.43976164927741385,0.7457536013760482,18.171771690729997,0.6499166885907217,rookie_tier,Joshua Jefferson,F,,15-30,2026,1610612751,SF/PF,heuristic,,False,False,True,True,False,False,-2.16897240789282,-1.1668994972700548,-1.2831365390523162,-1.3974250445300704,-1.7422849084094332,-0.7321506963468297,-0.41594794399876167,-0.23485406456728475,1.6017351344942177,-7.539935967573353,352
1643542,0,,26.0,C,6.9040253655204165,4.804776083937893,2.4865932531873978,6.1507228727788466,2.8910455851668138,1.0992121540643494,0.7156106362914064,1.8372775133473427,0.511170480504898,0.33715366640703237,0.7457536013760482,18.171771690729997,0.6499166885907217,3.4849547969234926,2.4253137228444204,1.2551612467953044,3.104709216030226,1.459317231142896,0.5548508973148023,0.36121980839292944,0.9274052084738902,5.910268519767913,2.4253137228444204,0.8177034138442855,2.5991094319255166,0.936041020105249,6.951963297800568,0.43976164927741385,0.7457536013760482,18.171771690729997,0.6499166885907217,rookie_tier,Tarris Reed Jr.,C,,15-30,2026,1610612759,C,heuristic,,False,False,False,False,True,True,-2.16897240789282,-1.1668994972700548,-1.2831365390523162,-1.3974250445300704,-1.7422849084094332,-0.7321506963468297,-0.41594794399876167,-0.23485406456728475,1.6017351344942177,-7.539935967573353,353
1643536,0,,17.0,G,6.9040253655204165,4.804776083937893,2.4865932531873978,6.1507228727788466,2.8910455851668138,1.0992121540643494,0.7156106362914064,1.8372775133473427,0.511170480504898,0.33715366640703237,0.7457536013760482,18.171771690729997,0.6499166885907217,3.4849547969234926,2.4253137228444204,1.2551612467953044,3.104709216030226,1.459317231142896,0.5548508973148023,0.36121980839292944,0.9274052084738902,5.910268519767913,2.4253137228444204,0.8177034138442855,2.5991094319255166,0.936041020105249,6.951963297800568,0.43976164927741385,0.7457536013760482,18.171771690729997,0.6499166885907217,rookie_tier,Ebuka Okorie,G,,15-30,2026,1610612765,SG,heuristic,,False,True,False,False,False,False,-2.16897240789282,-1.1668994972700548,-1.2831365390523162,-1.3974250445300704,-1.7422849084094332,-0.7321506963468297,-0.41594794399876167,-0.23485406456728475,1.6017351344942177,-7.539935967573353,354
1643544,0,,23.0,F,6.9040253655204165,4.804776083937893,2.4865932531873978,6.1507228727788466,2.8910455851668138,1.0992121540643494,0.7156106362914064,1.8372775133473427,0.511170480504898,0.33715366640703237,0.7457536013760482,18.171771690729997,0.6499166885907217,3.4849547969234926,2.4253137228444204,1.2551612467953044,3.104709216030226,1.459317231142896,0.5548508973148023,0.36121980839292944,0.9274052084738902,5.910268519767913,2.4253137228444204,0.8177034138442855,2.5991094319255166,0.936041020105249,6.951963297800568,0.43976164927741385,0.7457536013760482,18.171771690729997,0.6499166885907217,rookie_tier,Zuby Ejiofor,F,,15-30,2026,1610612737,SF/PF,heuristic,,False,False,True,True,False,False,-2.16897240789282,-1.1668994972700548,-1.2831365390523162,-1.3974250445300704,-1.7422849084094332,-0.7321506963468297,-0.41594794399876167,-0.23485406456728475,1.6017351344942177,-7.539935967573353,355
1643547,0,,25.0,G,6.9040253655204165,4.804776083937893,2.4865932531873978,6.1507228727788466,2.8910455851668138,1.0992121540643494,0.7156106362914064,1.8372775133473427,0.511170480504898,0.33715366640703237,0.7457536013760482,18.171771690729997,0.6499166885907217,3.4849547969234926,2.4253137228444204,1.2551612467953044,3.104709216030226,1.459317231142896,0.5548508973148023,0.36121980839292944,0.9274052084738902,5.910268519767913,2.4253137228444204,0.8177034138442855,2.5991094319255166,0.936041020105249,6.951963297800568,0.43976164927741385,0.7457536013760482,18.171771690729997,0.6499166885907217,rookie_tier,Sergio de Larrea,G,,15-30,2026,1610612742,SG,heuristic,,False,True,False,False,False,False,-2.16897240789282,-1.1668994972700548,-1.2831365390523162,-1.3974250445300704,-1.7422849084094332,-0.7321506963468297,-0.41594794399876167,-0.23485406456728475,1.6017351344942177,-7.539935967573353,356
1643520,0,,30.0,F,6.9040253655204165,4.804776083937893,2.4865932531873978,6.1507228727788466,2.8910455851668138,1.0992121540643494,0.7156106362914064,1.8372775133473427,0.511170480504898,0.33715366640703237,0.7457536013760482,18.171771690729997,0.6499166885907217,3.4849547969234926,2.4253137228444204,1.2551612467953044,3.104709216030226,1.459317231142896,0.5548508973148023,0.36121980839292944,0.9274052084738902,5.910268519767913,2.4253137228444204,0.8177034138442855,2.5991094319255166,0.936041020105249,6.951963297800568,0.43976164927741385,0.7457536013760482,18.171771690729997,0.6499166885907217,rookie_tier,Koa Peat,F,,15-30,2026,1610612756,SF/PF,heuristic,,False,False,True,True,False,False,-2.16897240789282,-1.1668994972700548,-1.2831365390523162,-1.3974250445300704,-1.7422849084094332,-0.7321506963468297,-0.41594794399876167,-0.23485406456728475,1.6017351344942177,-7.539935967573353,357
1643519,0,,20.0,F,6.9040253655204165,4.804776083937893,2.4865932531873978,6.1507228727788466,2.8910455851668138,1.0992121540643494,0.7156106362914064,1.8372775133473427,0.511170480504898,0.33715366640703237,0.7457536013760482,18.171771690729997,0.6499166885907217,3.4849547969234926,2.4253137228444204,1.2551612467953044,3.104709216030226,1.459317231142896,0.5548508973148023,0.36121980839292944,0.9274052084738902,5.910268519767913,2.4253137228444204,0.8177034138442855,2.5991094319255166,0.936041020105249,6.951963297800568,0.43976164927741385,0.7457536013760482,18.171771690729997,0.6499166885907217,rookie_tier,Jayden Quaintance,F,,15-30,2026,1610612759,SF/PF,heuristic,,False,False,True,True,False,False,-2.16897240789282,-1.1668994972700548,-1.2831365390523162,-1.3974250445300704,-1.7422849084094332,-0.7321506963468297,-0.41594794399876167,-0.23485406456728475,1.6017351344942177,-7.539935967573353,358
1643515,0,,18.0,G,6.9040253655204165,4.804776083937893,2.4865932531873978,6.1507228727788466,2.8910455851668138,1.0992121540643494,0.7156106362914064,1.8372775133473427,0.511170480504898,0.33715366640703237,0.7457536013760482,18.171771690729997,0.6499166885907217,3.4849547969234926,2.4253137228444204,1.2551612467953044,3.104709216030226,1.459317231142896,0.5548508973148023,0.36121980839292944,0.9274052084738902,5.910268519767913,2.4253137228444204,0.8177034138442855,2.5991094319255166,0.936041020105249,6.951963297800568,0.43976164927741385,0.7457536013760482,18.171771690729997,0.6499166885907217,rookie_tier,Christian Anderson,G,,15-30,2026,1610612766,SG,heuristic,,False,True,False,False,False,False,-2.16897240789282,-1.1668994972700548,-1.2831365390523162,-1.3974250445300704,-1.7422849084094332,-0.7321506963468297,-0.41594794399876167,-0.23485406456728475,1.6017351344942177,-7.539935967573353,359
1643517,0,,15.0,F,6.9040253655204165,4.804776083937893,2.4865932531873978,6.1507228727788466,2.8910455851668138,1.0992121540643494,0.7156106362914064,1.8372775133473427,0.511170480504898,0.33715366640703237,0.7457536013760482,18.171771690729997,0.6499166885907217,3.4849547969234926,2.4253137228444204,1.2551612467953044,3.104709216030226,1.459317231142896,0.5548508973148023,0.36121980839292944,0.9274052084738902,5.910268519767913,2.4253137228444204,0.8177034138442855,2.5991094319255166,0.936041020105249,6.951963297800568,0.43976164927741385,0.7457536013760482,18.171771690729997,0.6499166885907217,rookie_tier,Dailyn Swain,F,,15-30,2026,1610612741,SF/PF,heuristic,,False,False,True,True,False,False,-2.16897240789282,-1.1668994972700548,-1.2831365390523162,-1.3974250445300704,-1.7422849084094332,-0.7321506963468297,-0.41594794399876167,-0.23485406456728475,1.6017351344942177,-7.539935967573353,360
1643512,0,,19.0,F,6.9040253655204165,4.804776083937893,2.4865932531873978,6.1507228727788466,2.8910455851668138,1.0992121540643494,0.7156106362914064,1.8372775133473427,0.511170480504898,0.33715366640703237,0.7457536013760482,18.171771690729997,0.6499166885907217,3.4849547969234926,2.4253137228444204,1.2551612467953044,3.104709216030226,1.459317231142896,0.5548508973148023,0.36121980839292944,0.9274052084738902,5.910268519767913,2.4253137228444204,0.8177034138442855,2.5991094319255166,0.936041020105249,6.951963297800568,0.43976164927741385,0.7457536013760482,18.171771690729997,0.6499166885907217,rookie_tier,Allen Graves,F,,15-30,2026,1610612761,SF/PF,heuristic,,False,False,True,True,False,False,-2.16897240789282,-1.1668994972700548,-1.2831365390523162,-1.3974250445300704,-1.7422849084094332,-0.7321506963468297,-0.41594794399876167,-0.23485406456728475,1.6017351344942177,-7.539935967573353,361
1643510,0,,21.0,F,6.9040253655204165,4.804776083937893,2.4865932531873978,6.1507228727788466,2.8910455851668138,1.0992121540643494,0.7156106362914064,1.8372775133473427,0.511170480504898,0.33715366640703237,0.7457536013760482,18.171771690729997,0.6499166885907217,3.4849547969234926,2.4253137228444204,1.2551612467953044,3.104709216030226,1.459317231142896,0.5548508973148023,0.36121980839292944,0.9274052084738902,5.910268519767913,2.4253137228444204,0.8177034138442855,2.5991094319255166,0.936041020105249,6.951963297800568,0.43976164927741385,0.7457536013760482,18.171771690729997,0.6499166885907217,rookie_tier,Karim Lopez,F,,15-30,2026,1610612763,SF/PF,heuristic,,False,False,True,True,False,False,-2.16897240789282,-1.1668994972700548,-1.2831365390523162,-1.3974250445300704,-1.7422849084094332,-0.7321506963468297,-0.41594794399876167,-0.23485406456728475,1.6017351344942177,-7.539935967573353,362
1643418,0,,24.0,G,6.9040253655204165,4.804776083937893,2.4865932531873978,6.1507228727788466,2.8910455851668138,1.0992121540643494,0.7156106362914064,1.8372775133473427,0.511170480504898,0.33715366640703237,0.7457536013760482,18.171771690729997,0.6499166885907217,3.4849547969234926,2.4253137228444204,1.2551612467953044,3.104709216030226,1.459317231142896,0.5548508973148023,0.36121980839292944,0.9274052084738902,5.910268519767913,2.4253137228444204,0.8177034138442855,2.5991094319255166,0.936041020105249,6.951963297800568,0.43976164927741385,0.7457536013760482,18.171771690729997,0.6499166885907217,rookie_tier,Cameron Carr,G,,15-30,2026,1610612747,SG,heuristic,,False,True,False,False,False,False,-2.16897240789282,-1.1668994972700548,-1.2831365390523162,-1.3974250445300704,-1.7422849084094332,-0.7321506963468297,-0.41594794399876167,-0.23485406456728475,1.6017351344942177,-7.539935967573353,363
1643416,0,,27.0,F,6.9040253655204165,4.804776083937893,2.4865932531873978,6.1507228727788466,2.8910455851668138,1.0992121540643494,0.7156106362914064,1.8372775133473427,0.511170480504898,0.33715366640703237,0.7457536013760482,18.171771690729997,0.6499166885907217,3.4849547969234926,2.4253137228444204,1.2551612467953044,3.104709216030226,1.459317231142896,0.5548508973148023,0.36121980839292944,0.9274052084738902,5.910268519767913,2.4253137228444204,0.8177034138442855,2.5991094319255166,0.936041020105249,6.951963297800568,0.43976164927741385,0.7457536013760482,18.171771690729997,0.6499166885907217,rookie_tier,Chris Cenac Jr.,F,,15-30,2026,1610612738,SF/PF,heuristic,,False,False,True,True,False,False,-2.16897240789282,-1.1668994972700548,-1.2831365390523162,-1.3974250445300704,-1.7422849084094332,-0.7321506963468297,-0.41594794399876167,-0.23485406456728475,1.6017351344942177,-7.539935967573353,364
1642284,0,,29.0,F,6.9040253655204165,4.804776083937893,2.4865932531873978,6.1507228727788466,2.8910455851668138,1.0992121540643494,0.7156106362914064,1.8372775133473427,0.511170480504898,0.33715366640703237,0.7457536013760482,18.171771690729997,0.6499166885907217,3.4849547969234926,2.4253137228444204,1.2551612467953044,3.104709216030226,1.459317231142896,0.5548508973148023,0.36121980839292944,0.9274052084738902,5.910268519767913,2.4253137228444204,0.8177034138442855,2.5991094319255166,0.936041020105249,6.951963297800568,0.43976164927741385,0.7457536013760482,18.171771690729997,0.6499166885907217,rookie_tier,Alex Karaban,F,,15-30,2026,1610612758,SF/PF,heuristic,,False,False,True,True,False,False,-2.16897240789282,-1.1668994972700548,-1.2831365390523162,-1.3974250445300704,-1.7422849084094332,-0.7321506963468297,-0.41594794399876167,-0.23485406456728475,1.6017351344942177,-7.539935967573353,365
1642892,0,,16.0,G,6.9040253655204165,4.804776083937893,2.4865932531873978,6.1507228727788466,2.8910455851668138,1.0992121540643494,0.7156106362914064,1.8372775133473427,0.511170480504898,0.33715366640703237,0.7457536013760482,18.171771690729997,0.6499166885907217,3.4849547969234926,2.4253137228444204,1.2551612467953044,3.104709216030226,1.459317231142896,0.5548508973148023,0.36121980839292944,0.9274052084738902,5.910268519767913,2.4253137228444204,0.8177034138442855,2.5991094319255166,0.936041020105249,6.951963297800568,0.43976164927741385,0.7457536013760482,18.171771690729997,0.6499166885907217,rookie_tier,Bennett Stirtz,G,,15-30,2026,1610612760,SG,heuristic,,False,True,False,False,False,False,-2.16897240789282,-1.1668994972700548,-1.2831365390523162,-1.3974250445300704,-1.7422849084094332,-0.7321506963468297,-0.41594794399876167,-0.23485406456728475,1.6017351344942177,-7.539935967573353,366
1642949,1,24.0,30.0,C,8.172599228607485,0.9628007468472914,4.443670794127289,10.12576358221218,1.553682339401788,0.7495132803544018,2.0544958460302425,1.8163630521581289,0.6349682648892406,0.3302296684915151,0.7404891304347826,14.476392619111092,0.5704441544704959,3.2863820875546224,0.38716337848152155,1.786897863496217,4.071792477344452,0.6247698764044249,0.3013957922124501,0.8261580139296278,0.7303995744968897,3.6735454660361437,0.38716337848152155,0.12785283412800785,2.214601166025647,1.3231784451160846,5.880233611295386,0.6028511655839834,0.7404891304347826,14.476392619111092,0.5704441544704959,model,Yanic Konan Niederhäuser,C,,15-30,2026,1610612746,C,heuristic,,False,False,False,False,True,True,-2.4978219656033405,-1.8865651932129022,-1.0978736059911987,-1.8417453368787304,-2.6000040951811636,0.047588227518134636,0.659616937656464,-0.3228451927977145,1.9771332231744585,-7.562517001315992,367
1642066,1,26.0,61.0,F,5.009945410712843,5.350523023950705,2.3684156960794165,9.882508172582336,3.6535031828208826,1.448312307231734,0.710905822730435,1.62799338862689,0.566238287078017,0.3510591819327463,0.7565320270071224,14.525978193468713,0.5650175500738239,2.0215099385134283,2.1589327991544507,0.955654298731073,3.987586061436315,1.4741863212062412,0.5843931386716814,0.28685006884978426,0.6568943461751511,4.180442737667879,2.1589327991544507,0.7579131823189356,1.9025695072139668,0.7229830837370887,5.286035280483958,0.4551119645942915,0.7565320270071224,14.525978193468713,0.5650175500738239,model,Myron Gardner,F,,undrafted,2026,1610612748,PF,heuristic,,False,False,False,True,False,False,-2.6017002617081215,-1.328888556742423,-1.14020502467925,-1.4841020322102636,-1.8805478006354226,-0.9717863462452252,-0.16172188921447464,-0.12358837218004437,2.06891363122807,-7.623626652387155,368
1641869,1,27.0,61.0,G,5.292579576339722,5.094845965467279,1.673988218423227,5.060792037031248,4.774961049994086,1.295087341290311,0.40418886522709757,1.5468609384122662,0.5227679687537683,0.37025002848285643,0.8414176912452382,20.55887625645542,0.4709286328509742,3.0224857940947665,2.909564104159526,0.9559810177035387,2.890116590249455,2.7268842598950798,0.7395983441913709,0.2308241351233621,0.8833811838545081,5.932049898254292,2.909564104159526,1.0772661924377611,2.657324951603803,0.8043793407903848,7.1962954364357525,0.44796065393613954,0.8414176912452382,20.55887625645542,0.4709286328509742,model,Malachi Smith,G,,undrafted,2026,1610612761,PG/SG,heuristic,,True,True,False,False,False,False,-2.488046579638638,-1.2047636035048894,-1.6821619205826226,-1.145459761338502,-1.798240270781418,-1.1477482585730308,-0.2430913791776505,0.10620010845366673,1.9784297281847076,-7.624881936958378,369
201144,19,39.0,4.0,G,2.1253050699645595,6.536076041273547,1.4844445407020301,3.593710292197475,5.967270069367348,1.4354902627191537,0.3872330284783489,1.5412988016207867,0.4661364173634528,0.3855633199907892,0.8806207600464379,17.904323255469546,0.5214134673620605,1.05700413858705,3.2506671740358692,0.7382770808762824,1.7873041877225417,2.9677758965178103,0.713930047050073,0.1925873699186334,0.766553110485733,4.307671312622919,3.2506671740358692,1.2533380278063462,1.7460461501056561,0.6501421240861373,5.395572452103796,0.4053341175286881,0.8806207600464379,17.904323255469546,0.5214134673620605,model,Mike Conley,G,,1-5,2026,1610612738,PG/SG,heuristic,,True,True,False,False,False,False,-2.650688844548514,-0.9753026979947254,-1.942875866032194,-0.9478772722159771,-1.6893432301547802,-1.1750590601999145,-0.4438068248674316,0.17343698688965942,2.011349750283932,-7.640167058839946,370
1631107,4,24.0,27.0,F,5.898392922144367,6.747105926609566,3.4825251772194274,6.530924885565821,4.181012034129151,1.1516391349998891,0.6288805368064578,2.2817280238820423,0.5394875947183274,0.3435498457951518,0.7385809288231024,19.59511457173444,0.5365473727043654,3.2105468082923996,3.6725087127650813,1.895568884626791,3.554839483112609,2.275761384293366,0.626847244322666,0.34230517140712224,1.2419645013751621,6.88305552105748,3.6725087127650813,1.261689801951795,2.9937399772880644,1.4000310274558276,8.649200783983751,0.4349434590683238,0.7385809288231024,19.59511457173444,0.5365473727043654,model,Nikola Jović,F,,15-30,2026,1610612748,SF/PF,heuristic,,False,False,True,True,False,False,-2.1343571605260294,-0.9384974014331596,-1.3502495078398866,-1.1928264075190658,-1.8526317073469745,-0.9006163976981503,-0.4460689108142047,-0.33275483029256925,1.4733571468968294,-7.674645176573209,371
1641989,2,27.0,61.0,G,4.532326854951239,5.755178636786019,3.1305145750122767,3.8543920334343276,4.644920253713784,1.7853797251316332,0.43339454962937535,1.6349534703993778,0.5083810100490788,0.3383948914297983,0.778930493981495,19.319994332304802,0.4917905817306395,2.4323480319391884,3.088611629002988,1.680042329067632,2.0685231177897774,2.4927731382155027,0.9581535047376405,0.23258834006920345,0.8774247717138346,5.520959660942177,3.088611629002988,1.0451703968652786,2.281729946133412,1.3086362012904722,6.917266490422575,0.41328502402859874,0.778930493981495,19.319994332304802,0.4917905817306395,model,Elijah Harkless,G,,undrafted,2026,1610612765,PG/SG,heuristic,,True,True,False,False,False,False,-2.484400253916954,-1.1942639056040756,-1.8910168833432803,-1.1891725897485055,-1.2394838949005025,-1.12901237253589,-0.4804934384703505,-0.087781864805944,1.9471611809686096,-7.748464022356893,372
1629618,3,27.0,32.0,G,4.476742521401357,6.086427710475361,1.1747358617215704,4.781933237870652,5.130284728823327,0.9216121725267074,0.2522767135341972,1.6242966674458608,0.5132331364367487,0.36479083401693,0.8038573377488545,18.58100627755279,0.6063614672596368,2.3106216914762814,3.1414430971170537,0.6063270672531913,2.4681425419920258,2.647940354219429,0.4756800434218838,0.13020986660720293,0.8383629604005449,5.452064788593335,3.1414430971170537,1.1459696474140577,2.331857265249215,0.487400462087221,6.297084639999708,0.42770167921112473,0.8038573377488545,18.58100627755279,0.6063614672596368,model,Jalen Pickett,G,,31-60,2026,1610612746,PG/SG,heuristic,,True,True,False,False,False,False,-2.366727513065295,-0.9103774705642101,-1.599808030203192,-0.9042206158013142,-2.070379349646294,-1.2458194983789204,-0.46140807640433507,0.011117651534647928,1.7921437944494851,-7.755479108079429,373
1642885,1,22.0,51.0,F,5.137310102028321,6.971629069166334,1.911282368261485,5.561692767839666,3.173562702534933,1.068599845106028,0.4603310363169631,1.7622027711499662,0.5451936207100475,0.35827651004693034,0.763465325034342,14.586434597843745,0.7246792846917796,2.08152882811328,2.824755873828361,0.7744109795182793,2.253479661427607,1.2858601334078346,0.4329739375529176,0.18651634873875045,0.7140070963754998,4.906284701941641,2.824755873828361,1.0120436762097922,2.1468799146212136,0.5912359301880863,5.8970394356403055,0.4375775245516419,0.763465325034342,14.586434597843745,0.7246792846917796,model,Mohamed Diawara,F,,31-60,2026,1610612752,SF/PF,heuristic,,False,False,True,True,False,False,-2.2381228452252593,-0.8498930140961979,-1.516897844470111,-1.4098820345413745,-1.9552157532170094,-1.060505700664478,-0.405154704990909,-0.107145002036828,1.7738359471023168,-7.768980952139852,374
1642879,1,21.0,26.0,G,8.758464549018766,3.9772373312532654,3.720887549057095,3.739078292320219,5.932711015139969,1.446666685147159,0.39909003919829444,3.271524165061789,0.5029319933547847,0.3338560713696875,0.8246538122624915,20.351291740942063,0.5471305637150643,4.9512796455494295,2.2483865903139177,2.103468556836106,2.113752032478673,3.35384257455039,0.8178204378147614,0.22561105051745817,1.8494372977976212,7.199666235863347,2.2483865903139177,0.7506375139624916,3.240794455755638,1.734633364369176,8.966859789842943,0.45013120741798085,0.8246538122624915,20.351291740942063,0.5471305637150643,model,Ben Saraf,G,,15-30,2026,1610612751,PG/SG,heuristic,,True,True,False,False,False,False,-2.05938544533146,-1.356415238143411,-1.8064330692040493,-0.7320720647977214,-1.347479054717149,-1.0991633680431259,-0.32059884308613035,0.16584952021415889,0.7763377568168416,-7.779359806292046,375
1630311,3,30.0,61.0,G,7.232228107071158,5.2860570734713015,1.8566767849905668,4.801069020657099,6.593639912935237,1.4388043363312193,0.19198721462296098,2.3384415416367577,0.5059362454046172,0.3460171198492686,0.7879502249329641,17.9537376964337,0.5549693976467793,3.6068201776425215,2.6362356151522697,0.925952444021624,2.394364829426427,3.288346707265977,0.71755321252728,0.09574689145582115,1.1662157238052886,6.243055792794792,2.6362356151522697,0.9121826547990531,2.737003713325125,0.7296044365440665,7.115794517993369,0.43840769715432365,0.7879502249329641,17.9537376964337,0.5549693976467793,model,Pat Spencer,G,,undrafted,2026,1610612756,PG,heuristic,,True,False,False,False,False,False,-2.3297869346740967,-1.2064619551036826,-1.7017494195037537,-0.7396205084589136,-1.5712968674461303,-1.3309350013594685,-0.3873491964578726,-0.029217766658105212,1.5120072232622086,-7.784410426399815,376
1630182,6,26.0,18.0,G,3.150690604434791,5.298318688378304,1.2573181887621594,3.8404748702452056,2.3655001203434742,1.34553004611664,0.3634250663992406,1.3211183602218621,0.5351373796053758,0.3738860498619053,0.7708314005942974,18.654482254580408,0.6193915598798158,1.6326250547250565,2.7454831097629113,0.6515172177951356,1.9900575087819772,1.22575500050431,0.6972268435635449,0.18831962366706503,0.6845771946377526,4.378108164487967,2.7454831097629113,1.0264978348718348,1.9001765285354848,0.5022099295043243,5.329060821447129,0.4340177211582702,0.7708314005942974,18.654482254580408,0.6193915598798158,model,Josh Green,G,,15-30,2026,1610612762,SG,heuristic,,False,True,False,False,False,False,-2.512958200003523,-1.0030894732960545,-1.7601814262634126,-1.5394274687640774,-1.4183874959005067,-1.1215654717951677,-0.33405199143911873,-0.06076951087983818,1.9622669663202696,-7.788164072021427,377
1631126,1,25.0,61.0,G,6.377975377337793,9.576928634386709,1.8616274873400447,4.117402282508827,4.358776950880124,1.0907458918603148,0.18771627369196217,2.094772380772193,0.5032171651986048,0.35693057546848594,0.7757800615376144,18.999961370547414,0.5605247565968545,3.3661468275477953,5.054479836162135,0.982523620716947,2.173069008740874,2.3004609358209662,0.575670272511924,0.09907227635473298,1.1055720642989253,8.42062666370993,5.054479836162135,1.8040983966152093,3.4980012608160878,0.7622222349419528,9.562323153189338,0.41540866262261655,0.7757800615376144,18.999961370547414,0.5605247565968545,model,Caleb Love,G,,undrafted,2026,1610612755,PG/SG,heuristic,,True,True,False,False,False,False,-1.931141606309526,-0.4138070345110449,-1.7690310977950257,-1.1414840802056188,-1.914710390663048,-1.3230363127156621,-0.8092785147591653,-0.06801156448312319,1.5675118739974123,-7.802988727444802,378
1643052,1,25.0,61.0,G,6.75138148667951,3.7738791494459765,3.3484790521424266,7.485176505612005,4.0370595951935755,1.4443550605542925,0.7207872679471882,1.9543921579353642,0.5594948854148252,0.34831927865197776,0.8094379540261626,18.521124477620216,0.4423531622495896,3.473421580852551,1.9415690413995677,1.7227110370953789,3.8509412721499516,2.0769689801708693,0.7430855518446315,0.37082751976482414,1.0054872343112686,5.414990622252119,1.9415690413995677,0.6762859279533093,2.6196475373297883,1.3944276972447722,7.310008699857658,0.483776929652422,0.8094379540261626,18.521124477620216,0.4423531622495896,model,Chaney Johnson,G,F,undrafted,2026,1610612751,SG/SF,heuristic,,False,True,True,False,False,False,-2.531937217612988,-1.5314862805502845,-1.4741095927105894,-1.4197002814591853,-1.8873037092259548,-0.9653200030502753,0.014108020675861272,0.046328921024603203,1.9203883719632333,-7.829031770945579,379
1630570,5,26.0,61.0,G,9.241281662954833,2.9013867579715833,3.5392776464207727,6.966440700576884,5.044275360915044,0.9634931340786644,0.6877416172774429,2.5566058209102227,0.5580860945106708,0.3399834683614501,0.7839495835838031,17.641693880408514,0.5454568822002708,4.528662837791159,1.4218160281334882,1.7344125776646664,3.413883729877667,2.4719322712708443,0.47215697020253317,0.33702575224515885,1.2528571462602405,5.950478865924647,1.4218160281334882,0.4833939446167244,3.0107777011152037,1.3596920180227257,7.864641364869858,0.5059723375132696,0.7839495835838031,17.641693880408514,0.5454568822002708,model,Trendon Watford,G,F,undrafted,2026,1610612740,SG/SF,heuristic,,False,True,True,False,False,False,-2.2335001589967898,-1.5871857144567838,-1.377719507476511,-1.0973047164772127,-2.210816581212106,-0.9000556931154489,0.20599012130962402,-0.07451319940978843,1.4390484059316386,-7.836057043903379,380
1631204,3,26.0,25.0,G,5.814619478436372,7.547023405086916,1.9487454909961164,3.2839864659232347,5.8838983987204845,1.4356380357460234,0.33405246246939635,2.2598282053073104,0.49817816706252716,0.3724095396209247,0.8375467970923817,17.618564796221563,0.5194689019755641,2.8457013901723123,3.693547802253459,0.9537249640127688,1.6071980094384213,2.8796068108955875,0.7026078265753212,0.16348680431540086,1.1059702684315538,6.539249192425771,3.693547802253459,1.3755124366050888,2.793178739168417,0.7987892889159415,7.7606592038578635,0.42714058708814423,0.8375467970923817,17.618564796221563,0.5194689019755641,model,Marcus Sasser,G,,15-30,2026,1610612742,PG/SG,heuristic,,True,True,False,False,False,False,-2.3065122435305376,-0.8795129431728546,-2.0018308060119083,-0.9865817698654936,-1.7223915380062325,-1.2261308244972795,-0.4790551728338627,0.1063696453267964,1.6586629018676133,-7.8369827507237595,381
1631172,4,24.0,11.0,F,6.38151175572566,6.174829605583775,1.9276808194692758,6.070398174360344,4.139533055827357,0.9966542106569795,0.6066152112676284,2.1605729470201203,0.5369400928805892,0.3444645297519507,0.744259097975184,20.124933411955592,0.5243851255082342,3.5674305319886317,3.4518898511818192,1.0776235592034213,3.3935099734182974,2.314106308475406,0.5571555451171354,0.3391136314844554,1.207816296957016,7.0193203831704505,3.4518898511818192,1.1890536143428765,3.1045500955339023,0.8020311381295456,8.200184943540227,0.44228642177060096,0.744259097975184,20.124933411955592,0.5243851255082342,model,Ousmane Dieng,F,,6-14,2026,1610612749,SF/PF,heuristic,,False,False,True,True,False,False,-2.2306090083805405,-1.022367253985327,-1.4279165064469372,-1.198508284512789,-2.0534227896650834,-0.9198591181308894,-0.3744768601738337,-0.16731314498863872,1.539953970635166,-7.854518995648872,382
1642269,2,25.0,13.0,G,8.056149887660146,5.679771658953411,4.075741389313223,6.336011195037864,5.042971440276208,1.6384658325238863,0.49226679646225463,2.4124558952817323,0.5244824185517725,0.32935408481065626,0.7241914676773697,18.75046557764644,0.4948083871172239,4.196015587692551,2.9582878605582708,2.1228346839918464,3.3000877725594435,2.6266128444431427,0.8533888109135819,0.2563953228356609,1.2565186450575097,7.154303448250822,2.9582878605582708,0.9743241909206436,3.1750605946345694,1.5373387654364807,8.861784145626263,0.4437973057196574,0.7241914676773697,18.75046557764644,0.4948083871172239,model,Devin Carter,G,,6-14,2026,1610612738,PG/SG,heuristic,,True,True,False,False,False,False,-2.206640031130318,-1.2443356001708379,-1.5169822477600923,-1.1338254852704321,-1.461994496715384,-1.087862433131696,-0.34627626123418626,-0.4264188741797722,1.5634056373460352,-7.860929792246683,383
1631218,3,27.0,57.0,F,9.405634452998155,0.6076895128564164,4.100589807346963,10.57133417726522,3.139018093514121,1.049678288803776,1.562039869870019,1.7181780070473565,0.6081000794926065,0.31579995094911045,0.5952923429552309,14.947912168021205,0.573606234945804,3.9054054913314054,0.25232470732236956,1.7026460077029275,4.389427077237811,1.3033824098799571,0.43584719071437883,0.6485898549378977,0.7134214982880446,4.157730198653775,0.25232470732236956,0.07968413019565296,2.454561519925142,1.013572131148846,6.002379301194782,0.5903609427855373,0.5952923429552309,14.947912168021205,0.573606234945804,model,Trayce Jackson-Davis,F,,31-60,2026,1610612761,PF,heuristic,,False,False,False,True,False,False,-2.472771604904659,-1.9292981420735063,-0.9793547379672055,-1.548128697341971,-2.2450776488655158,-0.27959172476341015,0.6734245169327269,-1.0857685724475314,1.9921204799778338,-7.874446131453238,384
1630545,2,26.0,27.0,G,6.571797887752654,5.219211122483316,3.5331937839000607,3.8022123961004444,3.1089834999039874,1.0789014750956196,0.3273929054419782,1.617277948249189,0.5243032310217297,0.3641379940532845,0.8069549479051571,17.38327535075361,0.6264855862366333,3.173315895341815,2.520194001551203,1.70606890036405,1.8359695839850745,1.5012310066605743,0.5209678171644831,0.15808780619947632,0.7809329970310417,5.693509896893018,2.520194001551203,0.9176983883499753,2.581478165330302,1.3767207406158806,7.457375459626459,0.4534071622039385,0.8069549479051571,17.38327535075361,0.6264855862366333,model,Terrence Shannon Jr,G,F,15-30,2026,1610612750,SG/SF,heuristic,,False,True,True,False,False,False,-2.1255323951854668,-1.098644848015471,-1.8102545560636294,-1.4033802287823811,-1.8978840378355106,-1.1796017680152913,-0.25999076094048035,0.05044869224207427,1.8306909368402413,-7.894148965755916,385
1629004,8,30.0,47.0,G,3.7672421654719526,7.82796252771414,1.0673225473250403,4.027899020222031,3.1050469655099806,0.9605922788156325,0.18324556701780984,1.4862789593598558,0.5418922283315104,0.3809579513950849,0.8290515071618134,19.414040899502076,0.5580565023674007,2.031594263300035,4.221455129800333,0.5755845440758075,2.1721610088237457,1.674486355091266,0.5180271607964608,0.09882047035378358,0.8015189029189339,6.253049393100367,4.221455129800333,1.6081968981550072,2.7091020405601762,0.4771892337650934,7.503590213040454,0.43324494502624705,0.8290515071618134,19.414040899502076,0.5580565023674007,model,Svi Mykhailiuk,G,F,31-60,2026,1610612762,SG/SF,heuristic,,False,True,True,False,False,False,-2.262432270592201,-0.5923901412114191,-1.7725977374977673,-1.4079143956833091,-2.067404583023676,-1.3243057684918706,-0.436860370989585,0.05402302455807275,1.915320004600381,-7.894562238331374,386
1642863,1,20.0,10.0,C,7.948677397358113,2.040041799121775,3.2145812156868145,11.552991922865479,1.2468629768177228,0.761867894865738,2.285504851034621,2.051223773869525,0.6204124813510944,0.3230823199650567,0.7152442297369834,13.261106286154051,0.5605658733205203,2.928007105575453,0.7514780868430775,1.1841361990749208,4.255707050338844,0.45929951277361825,0.28064475360619423,0.8418978540858553,0.7555971244991609,3.6794851924185306,0.7514780868430775,0.24278928370016384,2.0593614374838665,0.846946583611021,5.208458742278918,0.5596873828238579,0.7152442297369834,13.261106286154051,0.5605658733205203,model,Khaman Maluach,C,,6-14,2026,1610612756,C,heuristic,,False,False,False,False,True,True,-2.620636514916032,-1.7874198532744623,-1.0596737303107855,-1.9159905760557712,-2.666418683531164,0.049771352332234044,0.4182992029901632,-0.30198914153229756,1.9631936894177147,-7.920864254880401,387
1642261,2,26.0,17.0,F,5.199862526569721,7.409324483826626,1.9574946393868573,5.216403094460406,1.8056031080437027,0.7781742112753398,0.4683703424707718,1.304110699527433,0.583244075752974,0.3712749837443051,0.758957794546906,16.16422576444311,0.6427112942036965,2.334770883987237,3.326833158849708,0.8789273689926754,2.3421977026999348,0.8107271188721826,0.34940510097561234,0.21030122102964147,0.5855538824718683,5.661604042836945,3.326833158849708,1.2351699269719407,2.5969112132980308,0.6670687775375956,7.096061131105598,0.45868824341109476,0.758957794546906,16.16422576444311,0.6427112942036965,model,Dalton Knecht,F,,15-30,2026,1610612747,SF,heuristic,,False,False,True,False,False,False,-2.156957795482428,-0.7550105332017589,-1.5944794686750996,-1.7181638772640693,-2.36071796677349,-1.060510857665312,-0.21538139981139082,-0.12179267897749246,2.0584531027490818,-7.924561475101958,388
1631131,3,27.0,61.0,F,10.347448741976827,0.8812890497298856,3.7121704277853436,13.72887167240761,2.5171070635990964,1.3311388079131299,0.5066413379089287,1.798013980154636,0.6096226743414366,0.32051879113056647,0.6760992202236163,17.155987312605323,0.4421103681858567,4.931130537088565,0.4199828821084422,1.769054132258723,6.5425652285614335,1.1995404679882038,0.6343611249965063,0.24144256570019354,0.8568529175394426,5.351113419197008,0.4199828821084422,0.1346124056689291,3.140741391215585,1.1960561193534889,7.612151307453589,0.5869323157958568,0.6760992202236163,17.155987312605323,0.4421103681858567,model,Oscar Tshiebwe,F,C,undrafted,2026,1610612745,PF/C,heuristic,,False,False,False,True,True,True,-2.4946952015053934,-1.9076280586011007,-0.7516806807670819,-1.7112099624152886,-2.106639800482659,-1.1542015131228394,0.646985334434248,-0.523457255894463,2.053447097230094,-7.949080041124484,389
203937,12,33.0,30.0,F,7.2077553285683384,1.555782897702556,2.4708903130519184,6.482982983091393,5.205801285421696,1.5413174151395999,0.994123174724623,1.634081578792201,0.5395587574019723,0.3319473637212135,0.7280750002546593,17.105992829785574,0.47592476800896377,3.424883638037188,0.7392558636889708,1.174084221618132,3.080496122899535,2.4736222072697798,0.7323823514389342,0.4723739971878631,0.77646077139178,4.164139501726159,0.7392558636889708,0.24539403506700258,2.093319995052694,0.8548213699536129,5.286855395126004,0.5027016972377969,0.7280750002546593,17.105992829785574,0.47592476800896377,model,Kyle Anderson,F,G,15-30,2026,1610612761,SG/SF,heuristic,,False,True,True,False,False,False,-2.734657495279697,-1.8177290438636922,-1.6183399994275796,-1.2256947635173043,-1.7970543961703875,-0.7649481911456129,0.10896205238468515,-0.21495891546726054,2.0721815942811768,-7.992239158205673,390
1642504,1,28.0,61.0,G,5.621626757480841,7.33724512589393,3.059818210990972,4.0402798513441684,3.240949195201686,1.3980260080108793,0.42341289676448035,1.9069595046833967,0.5320797670757085,0.3754565688980098,0.8526608696345239,20.31305274480824,0.41914447110064335,3.172011134342601,4.140051312329739,1.7265069085940112,2.279733825670558,1.8287103318159907,0.7888382233149638,0.23891134735580374,1.0760046944679786,7.312062446672339,4.140051312329739,1.5544094607890264,3.2421724063115915,1.4721248821117832,9.510879155523993,0.4434005357526833,0.8526608696345239,20.31305274480824,0.41914447110064335,model,Cormac Ryan,G,,undrafted,2026,1610612749,SG,heuristic,,False,True,False,False,False,False,-2.3192239231619354,-0.978418636559131,-1.9285292627616049,-1.5339702453930117,-1.8785257574005152,-1.1759797824871514,-0.3029476992830427,0.21525611212085494,1.9078384622921452,-7.994500732633392,391
1641715,3,22.0,20.0,F,9.729591818190823,6.849172029239279,3.498182268495094,6.478851001944996,2.1133668646765003,1.318059179289532,0.74689665293572,1.9552936164513266,0.5521587486554718,0.34258826883503074,0.7370315709490719,18.65284362956393,0.45359655803365995,5.041237632338834,3.5487926348162038,1.8125290789431168,3.356916517736767,1.095008379408682,0.6829319934944168,0.38699295762929625,1.0131051688208652,8.590030267155038,3.5487926348162038,1.2157747252161908,3.999338187963275,1.3358911544443197,10.550342255587061,0.46557905660183774,0.7370315709490719,18.65284362956393,0.45359655803365995,model,Cam Whitmore,F,,15-30,2026,1610612743,SF/PF,heuristic,,False,False,True,True,False,False,-2.0934172573584293,-1.1354573027785329,-1.5839510918634623,-1.7364544626939016,-1.9733615824745192,-0.9274004399074908,-0.1609829971234376,-0.27596170275490745,1.8906110278770678,-7.9963758090776125,392
1630619,1,24.0,61.0,C,7.7414273962099385,0.2991213253134331,4.446544525561551,14.095279175653006,1.0260149302999568,1.1624269750755547,2.4258871481095365,1.9109074225894906,0.6139720430690345,0.3017989105161246,0.5643876535014936,16.07789559151838,0.47778331243033423,3.457385039043983,0.13359003993294394,1.9858632951393402,6.295067414429231,0.45822669235282537,0.5191494316119252,1.083421119003095,0.8534269451514257,3.590975078976927,0.13359003993294394,0.04031732850756806,2.163055084605716,1.120796725318436,5.487224223037436,0.6023587011976628,0.5643876535014936,16.07789559151838,0.47778331243033423,model,Moussa Cisse,C,,undrafted,2026,1610612742,C,heuristic,,False,False,False,False,True,True,-2.7048315878361393,-1.9708048963335314,-0.6817245040734407,-1.944910477832055,-2.2540046843335877,0.200439252574367,0.537861540105671,-1.215375114674982,1.9950857285705024,-8.038264743833194,393
1631250,3,27.0,61.0,F,3.804285176938559,5.758829006855697,1.034076165381791,6.195625655467241,2.329256634018528,0.876559677615545,0.6937125078256209,1.347025404681079,0.5957412246176899,0.34982214773246634,0.6849401470524683,18.772397990121263,0.5624032994730331,1.9837654280391532,3.002973057604164,0.5392247035734843,3.23074307228436,1.2146036820812787,0.4570868647303166,0.3617402024341019,0.702413805541038,4.9867384856433175,3.002973057604164,1.05050648459382,2.232317330048101,0.36933664775994596,5.884477792449967,0.447650771436056,0.6849401470524683,18.772397990121263,0.5624032994730331,model,Pete Nance,F,,undrafted,2026,1610612749,SF/PF,heuristic,,False,False,True,True,False,False,-2.5105072159449247,-1.0737143008918792,-1.4051484372653398,-1.5965588466517844,-2.212971855530295,-0.8354026836904384,-0.24630177690030844,-0.18828767837451926,2.020733037301447,-8.048159757948042,394
1642382,2,28.0,61.0,C,6.110041749942408,5.885209210486155,1.9573432177613237,9.199225689564216,2.1042450689378875,0.7981915241641693,1.9009754156442584,1.3055115148475651,0.6328899860955226,0.34695342465287204,0.6835804448006412,13.814117180078345,0.4995767743384458,2.3445786863576488,2.2583047128592253,0.7510824603274036,3.5299772678229746,0.8074524432752781,0.3062864235263658,0.7294526985599423,0.5009580290568293,4.602883399216874,2.2583047128592253,0.7835265540362291,2.26738692624498,0.5134252823125665,5.831725688838755,0.4926014260171676,0.6835804448006412,13.814117180078345,0.4995767743384458,model,Branden Carlson,C,,undrafted,2026,1610612757,C,heuristic,,False,False,False,False,True,True,-2.6224136344406084,-1.386653436351448,-1.437644500950826,-1.8064810736685932,-2.685994880570536,-0.30470525364381296,0.0661809064166902,-0.2357603318488869,2.3127918003080112,-8.100680404750012,395
1641724,3,23.0,11.0,G,5.235029455025783,8.073671537589378,2.2508900434382486,4.286418156016808,2.6048483561088185,0.8207427783948101,0.5228763216342878,1.3969809225169179,0.528032245996796,0.3511995862564564,0.845378224215501,16.507312996833992,0.5990535448789995,2.4004519378265523,3.7020728640171616,1.0321151796803454,1.9654790593522622,1.1944179756549098,0.3763404981348414,0.23975786388473413,0.6405667038497961,6.102524801843714,3.7020728640171616,1.3001664581340817,2.5676824862719974,0.8725276977840332,7.3080591284621095,0.4207574028205901,0.845378224215501,16.507312996833992,0.5990535448789995,model,Jett Howard,G,,6-14,2026,1610612742,SG,heuristic,,False,True,False,False,False,False,-2.208608404346834,-0.7785360425329997,-1.7937174679143302,-1.5722254757746594,-2.356710684213847,-1.0326040539583776,-0.5760849304868775,0.1592605603472656,2.0435414708616197,-8.11568502801904,396
1629013,8,30.0,26.0,G,3.297632826794933,7.733689675076479,1.8098102228742468,2.9724060322823975,2.246669968730171,1.094491756088009,0.28923802328933557,1.095746875879522,0.5368454177273496,0.37234116063572054,0.7543181148423566,19.32255454168311,0.556060738340765,1.7699636153941596,4.150962237642133,0.9713932428217583,1.5954021577445698,1.205872305776395,0.5874549070120301,0.155244930014911,0.5881285770294704,5.920925853036293,4.150962237642133,1.5455740973187195,2.4957709537872073,0.7327395196959122,7.269855524589047,0.42151700861232,0.7543181148423566,19.32255454168311,0.556060738340765,model,Landry Shamet,G,,15-30,2026,1610612752,SG,heuristic,,False,True,False,False,False,False,-2.303387177953363,-0.6520841719370689,-1.9700849552311475,-1.6059841869202909,-1.8966030737510338,-1.2215176203027853,-0.5123402980966281,-0.13018008813894127,2.157922772995051,-8.134258799336209,397
1631110,4,24.0,9.0,F,8.370003979538128,3.1259455709666115,2.8062935333956553,8.43363262068454,3.5266648429655167,1.1594016047190094,0.7302493674299935,1.9942057127134794,0.5842368173683988,0.32622359792200784,0.7378053345126272,17.861959683507468,0.4640952200588481,4.1529076009251975,1.550986493373454,1.3923861653778031,4.184477940449463,1.7498095900637016,0.575255131124578,0.3623245766650382,0.9894561678085679,5.703894094298652,1.550986493373454,0.5059683941967266,2.9322499137862965,1.0273099405173243,7.397778162286644,0.5140786040745808,0.7378053345126272,17.861959683507468,0.4640952200588481,model,Jeremy Sochan,F,,6-14,2026,1610612757,SF/PF,heuristic,,False,False,True,True,False,False,-2.475520477572611,-1.6324730931154419,-1.3291935422153913,-1.4997594644077479,-2.1679396306239322,-0.9517491482434742,0.22366492689047557,-0.21416294938170063,1.891295194038158,-8.155838184631666,398
1641771,3,27.0,54.0,F,4.749343654710405,4.736816465129216,2.575038363311889,6.7067163589229475,3.7512509568742067,1.6180862094761037,1.1645199618730384,1.8283049038707502,0.5595829031672331,0.33112025310817694,0.7536781201871836,19.355113580130478,0.3937533306572154,2.553446829666441,2.5467116858557817,1.3844488887526363,3.6058126910186883,2.0168302316075946,0.8699511768570217,0.6260948924550521,0.9829735853757751,5.100158515522223,2.5467116858557817,0.8432678180141184,2.272133008042033,1.043428835970322,6.4309626700685065,0.4455024292140813,0.7536781201871836,19.355113580130478,0.3937533306572154,model,Jalen Slawson,F,,31-60,2026,1610612754,SF/PF,heuristic,,False,False,True,True,False,False,-2.730117567394071,-1.479874636586701,-1.6464602351401707,-1.513226786101013,-1.8243879922900252,-0.6933666478148711,-0.18755581131924434,-0.133289996682013,2.0368531832616545,-8.171426490066455,399
1642862,1,21.0,29.0,F,4.553936703432622,5.768731513972233,3.648317928559683,7.149880223953122,2.6071500793443447,0.9016868639669071,0.530960492221668,1.57692679363768,0.5408145325030631,0.34978558647586366,0.7920947646352956,16.44915057327502,0.5853507832939856,2.080788625997968,2.6358537025035007,1.6669925262793621,3.266929344019062,1.1912612283961401,0.41199952764821685,0.24260691902817877,0.7205307297660551,4.716642328501469,2.6358537025035007,0.9219836331947636,2.047304361201546,1.320416052752048,6.337008408349903,0.43405970150210604,0.7920947646352956,16.44915057327502,0.5853507832939856,model,Liam McNeeley,F,,15-30,2026,1610612766,SF/PF,heuristic,,False,False,True,True,False,False,-2.397507857650255,-1.1539586436793876,-1.3472360765788542,-1.5858954180833957,-2.2852658119844085,-1.03793710841054,-0.33980311339459957,-0.03333721748815381,1.9668223829947975,-8.214118864274797,400
1630579,5,28.0,58.0,C,5.640023582253415,0.2003138931138798,1.9297310725301768,10.256443505823569,2.996353598636059,0.6296403009728307,0.6999800159547985,1.867966804801859,0.6784132759367097,0.34372520054893535,0.6584311889456902,17.100024186208998,0.5930429956263481,2.6790149907589584,0.09514923380780634,0.9166235559206959,4.871817555946368,1.4232699724197493,0.2990795659790922,0.3324909778525004,0.8872854872540925,2.7741642245667646,0.09514923380780634,0.03270518947266577,1.8501845256370049,0.6035335377404901,4.336607778487166,0.6669340298071014,0.6584311889456902,17.100024186208998,0.5930429956263481,model,Jericho Sims,C,,31-60,2026,1610612749,C,heuristic,,False,False,False,False,True,True,-2.7189335950967974,-1.9705967112790823,-0.7537091180301537,-1.4757571978764883,-2.575285121410932,-0.8560486575591139,0.7913434172925539,-0.4164069939601108,1.7561390883778183,-8.219254889542306,401
1641778,3,28.0,61.0,F,4.097611400155985,4.669512348175292,1.5935338066755729,6.373517914176633,2.1169078470336595,1.307763018443825,0.7475518928358932,1.2321158889202217,0.5343543258485224,0.3518648263327692,0.7743917042987588,20.786293562242726,0.4302039073091316,2.365948707434299,2.6961626239358054,0.9201017085254612,3.6800503996746783,1.2222963320182463,0.7550985003116109,0.4316342527082525,0.7114200713833161,5.0621113313701045,2.6961626239358054,0.9486847934360756,2.2129397199893135,0.7125191301932318,6.087083363607934,0.4371574576551958,0.7743917042987588,20.786293562242726,0.4302039073091316,model,Leaky Black,F,,undrafted,2026,1610612758,SF/PF,heuristic,,False,False,True,True,False,False,-2.705684082756708,-1.3604472284155156,-1.5472018577787674,-1.71458163997552,-1.9048507301389557,-0.893931151321549,-0.2505310265788221,-0.051891710511538756,2.200245983290797,-8.22887344418658,402
1631207,4,24.0,18.0,F,5.8310568679954144,4.244273659715639,2.394702011695156,5.410094545390169,4.080280167467996,1.562164950350785,0.7887021539845024,1.8388313507188205,0.546277823749977,0.3274353043053775,0.6786706169823299,16.713016074242237,0.5298668431525129,2.7070707545729986,1.9704059416197335,1.1117414781800379,2.511638808341004,1.8942718896195674,0.7252357757175137,0.366155327148124,0.8536782756217837,4.677476696192732,1.9704059416197335,0.6451804690993813,2.123993189644727,0.7545062749212937,5.647673123310129,0.4540895289491378,0.6786706169823299,16.713016074242237,0.5298668431525129,model,Dalen Terry,F,,15-30,2026,1610612744,SF,heuristic,,False,False,True,False,False,False,-2.600058058231753,-1.4644609296272557,-1.7005130775596144,-1.3559398886451948,-1.634675150896083,-0.8664925026462477,-0.1762659712252232,-0.38596371333580065,1.905146510094432,-8.279222782072742,403
1643553,0,,37.0,G,6.53184152422536,3.9391699124265056,2.366121709791858,5.88285494554566,3.154432012701878,1.1747252474633456,0.6995956238060979,1.7966211019871492,0.5130121689986783,0.33577690447400244,0.7316305988928032,16.730354178195906,0.6041962718381677,3.0355561704482574,1.8306585500830108,1.0996126175982293,2.733951300498063,1.4659656889872719,0.5459324847814057,0.3251245157719978,0.8349474266740454,4.866214720531268,1.8306585500830108,0.614692861095739,2.1719701162147214,0.8045102379634755,5.763143331488656,0.4463366787024139,0.7316305988928032,16.730354178195906,0.6041962718381677,rookie_tier,Ryan Conwell,G,,31-60,2026,1610612748,SG,heuristic,,False,True,False,False,False,False,-2.461732970335225,-1.4181025334926778,-1.5054798173928146,-1.444483638859553,-1.8821025518699532,-0.8584962812838148,-0.2682319123670915,-0.24265086429350463,1.7999688714977433,-8.281311698396893,404
1643558,0,,50.0,G,6.53184152422536,3.9391699124265056,2.366121709791858,5.88285494554566,3.154432012701878,1.1747252474633456,0.6995956238060979,1.7966211019871492,0.5130121689986783,0.33577690447400244,0.7316305988928032,16.730354178195906,0.6041962718381677,3.0355561704482574,1.8306585500830108,1.0996126175982293,2.733951300498063,1.4659656889872719,0.5459324847814057,0.3251245157719978,0.8349474266740454,4.866214720531268,1.8306585500830108,0.614692861095739,2.1719701162147214,0.8045102379634755,5.763143331488656,0.4463366787024139,0.7316305988928032,16.730354178195906,0.6041962718381677,rookie_tier,Jaden Bradley,G,,31-60,2026,1610612761,SG,heuristic,,False,True,False,False,False,False,-2.461732970335225,-1.4181025334926778,-1.5054798173928146,-1.444483638859553,-1.8821025518699532,-0.8584962812838148,-0.2682319123670915,-0.24265086429350463,1.7999688714977433,-8.281311698396893,405
1643552,0,,38.0,G,6.53184152422536,3.9391699124265056,2.366121709791858,5.88285494554566,3.154432012701878,1.1747252474633456,0.6995956238060979,1.7966211019871492,0.5130121689986783,0.33577690447400244,0.7316305988928032,16.730354178195906,0.6041962718381677,3.0355561704482574,1.8306585500830108,1.0996126175982293,2.733951300498063,1.4659656889872719,0.5459324847814057,0.3251245157719978,0.8349474266740454,4.866214720531268,1.8306585500830108,0.614692861095739,2.1719701162147214,0.8045102379634755,5.763143331488656,0.4463366787024139,0.7316305988928032,16.730354178195906,0.6041962718381677,rookie_tier,Braden Smith,G,,31-60,2026,1610612754,SG,heuristic,,False,True,False,False,False,False,-2.461732970335225,-1.4181025334926778,-1.5054798173928146,-1.444483638859553,-1.8821025518699532,-0.8584962812838148,-0.2682319123670915,-0.24265086429350463,1.7999688714977433,-8.281311698396893,406
1643568,0,,55.0,F,6.53184152422536,3.9391699124265056,2.366121709791858,5.88285494554566,3.154432012701878,1.1747252474633456,0.6995956238060979,1.7966211019871492,0.5130121689986783,0.33577690447400244,0.7316305988928032,16.730354178195906,0.6041962718381677,3.0355561704482574,1.8306585500830108,1.0996126175982293,2.733951300498063,1.4659656889872719,0.5459324847814057,0.3251245157719978,0.8349474266740454,4.866214720531268,1.8306585500830108,0.614692861095739,2.1719701162147214,0.8045102379634755,5.763143331488656,0.4463366787024139,0.7316305988928032,16.730354178195906,0.6041962718381677,rookie_tier,Nick Martinelli,F,,31-60,2026,1610612746,SF/PF,heuristic,,False,False,True,True,False,False,-2.461732970335225,-1.4181025334926778,-1.5054798173928146,-1.444483638859553,-1.8821025518699532,-0.8584962812838148,-0.2682319123670915,-0.24265086429350463,1.7999688714977433,-8.281311698396893,407
1643567,0,,45.0,G,6.53184152422536,3.9391699124265056,2.366121709791858,5.88285494554566,3.154432012701878,1.1747252474633456,0.6995956238060979,1.7966211019871492,0.5130121689986783,0.33577690447400244,0.7316305988928032,16.730354178195906,0.6041962718381677,3.0355561704482574,1.8306585500830108,1.0996126175982293,2.733951300498063,1.4659656889872719,0.5459324847814057,0.3251245157719978,0.8349474266740454,4.866214720531268,1.8306585500830108,0.614692861095739,2.1719701162147214,0.8045102379634755,5.763143331488656,0.4463366787024139,0.7316305988928032,16.730354178195906,0.6041962718381677,rookie_tier,Emanuel Sharp,G,,31-60,2026,1610612758,SG,heuristic,,False,True,False,False,False,False,-2.461732970335225,-1.4181025334926778,-1.5054798173928146,-1.444483638859553,-1.8821025518699532,-0.8584962812838148,-0.2682319123670915,-0.24265086429350463,1.7999688714977433,-8.281311698396893,408
1643570,0,,31.0,G,6.53184152422536,3.9391699124265056,2.366121709791858,5.88285494554566,3.154432012701878,1.1747252474633456,0.6995956238060979,1.7966211019871492,0.5130121689986783,0.33577690447400244,0.7316305988928032,16.730354178195906,0.6041962718381677,3.0355561704482574,1.8306585500830108,1.0996126175982293,2.733951300498063,1.4659656889872719,0.5459324847814057,0.3251245157719978,0.8349474266740454,4.866214720531268,1.8306585500830108,0.614692861095739,2.1719701162147214,0.8045102379634755,5.763143331488656,0.4463366787024139,0.7316305988928032,16.730354178195906,0.6041962718381677,rookie_tier,Bruce Thornton,G,,31-60,2026,1610612745,SG,heuristic,,False,True,False,False,False,False,-2.461732970335225,-1.4181025334926778,-1.5054798173928146,-1.444483638859553,-1.8821025518699532,-0.8584962812838148,-0.2682319123670915,-0.24265086429350463,1.7999688714977433,-8.281311698396893,409
1643576,0,,44.0,F,6.53184152422536,3.9391699124265056,2.366121709791858,5.88285494554566,3.154432012701878,1.1747252474633456,0.6995956238060979,1.7966211019871492,0.5130121689986783,0.33577690447400244,0.7316305988928032,16.730354178195906,0.6041962718381677,3.0355561704482574,1.8306585500830108,1.0996126175982293,2.733951300498063,1.4659656889872719,0.5459324847814057,0.3251245157719978,0.8349474266740454,4.866214720531268,1.8306585500830108,0.614692861095739,2.1719701162147214,0.8045102379634755,5.763143331488656,0.4463366787024139,0.7316305988928032,16.730354178195906,0.6041962718381677,rookie_tier,Maliq Brown,F,,31-60,2026,1610612759,SF/PF,heuristic,,False,False,True,True,False,False,-2.461732970335225,-1.4181025334926778,-1.5054798173928146,-1.444483638859553,-1.8821025518699532,-0.8584962812838148,-0.2682319123670915,-0.24265086429350463,1.7999688714977433,-8.281311698396893,410
1642923,0,,41.0,G,6.53184152422536,3.9391699124265056,2.366121709791858,5.88285494554566,3.154432012701878,1.1747252474633456,0.6995956238060979,1.7966211019871492,0.5130121689986783,0.33577690447400244,0.7316305988928032,16.730354178195906,0.6041962718381677,3.0355561704482574,1.8306585500830108,1.0996126175982293,2.733951300498063,1.4659656889872719,0.5459324847814057,0.3251245157719978,0.8349474266740454,4.866214720531268,1.8306585500830108,0.614692861095739,2.1719701162147214,0.8045102379634755,5.763143331488656,0.4463366787024139,0.7316305988928032,16.730354178195906,0.6041962718381677,rookie_tier,Otega Oweh,G,,31-60,2026,1610612760,SG,heuristic,,False,True,False,False,False,False,-2.461732970335225,-1.4181025334926778,-1.5054798173928146,-1.444483638859553,-1.8821025518699532,-0.8584962812838148,-0.2682319123670915,-0.24265086429350463,1.7999688714977433,-8.281311698396893,411
1643588,0,,48.0,F,6.53184152422536,3.9391699124265056,2.366121709791858,5.88285494554566,3.154432012701878,1.1747252474633456,0.6995956238060979,1.7966211019871492,0.5130121689986783,0.33577690447400244,0.7316305988928032,16.730354178195906,0.6041962718381677,3.0355561704482574,1.8306585500830108,1.0996126175982293,2.733951300498063,1.4659656889872719,0.5459324847814057,0.3251245157719978,0.8349474266740454,4.866214720531268,1.8306585500830108,0.614692861095739,2.1719701162147214,0.8045102379634755,5.763143331488656,0.4463366787024139,0.7316305988928032,16.730354178195906,0.6041962718381677,rookie_tier,Tobi Lawal,F,,31-60,2026,1610612742,SF/PF,heuristic,,False,False,True,True,False,False,-2.461732970335225,-1.4181025334926778,-1.5054798173928146,-1.444483638859553,-1.8821025518699532,-0.8584962812838148,-0.2682319123670915,-0.24265086429350463,1.7999688714977433,-8.281311698396893,412
1642893,0,,52.0,F,6.53184152422536,3.9391699124265056,2.366121709791858,5.88285494554566,3.154432012701878,1.1747252474633456,0.6995956238060979,1.7966211019871492,0.5130121689986783,0.33577690447400244,0.7316305988928032,16.730354178195906,0.6041962718381677,3.0355561704482574,1.8306585500830108,1.0996126175982293,2.733951300498063,1.4659656889872719,0.5459324847814057,0.3251245157719978,0.8349474266740454,4.866214720531268,1.8306585500830108,0.614692861095739,2.1719701162147214,0.8045102379634755,5.763143331488656,0.4463366787024139,0.7316305988928032,16.730354178195906,0.6041962718381677,rookie_tier,Alex Toohey,F,,31-60,2026,1610612744,SF/PF,heuristic,,False,False,True,True,False,False,-2.461732970335225,-1.4181025334926778,-1.5054798173928146,-1.444483638859553,-1.8821025518699532,-0.8584962812838148,-0.2682319123670915,-0.24265086429350463,1.7999688714977433,-8.281311698396893,413
1642881,0,,47.0,F,6.53184152422536,3.9391699124265056,2.366121709791858,5.88285494554566,3.154432012701878,1.1747252474633456,0.6995956238060979,1.7966211019871492,0.5130121689986783,0.33577690447400244,0.7316305988928032,16.730354178195906,0.6041962718381677,3.0355561704482574,1.8306585500830108,1.0996126175982293,2.733951300498063,1.4659656889872719,0.5459324847814057,0.3251245157719978,0.8349474266740454,4.866214720531268,1.8306585500830108,0.614692861095739,2.1719701162147214,0.8045102379634755,5.763143331488656,0.4463366787024139,0.7316305988928032,16.730354178195906,0.6041962718381677,rookie_tier,Bogoljub Marković,F,,31-60,2026,1610612749,SF/PF,heuristic,,False,False,True,True,False,False,-2.461732970335225,-1.4181025334926778,-1.5054798173928146,-1.444483638859553,-1.8821025518699532,-0.8584962812838148,-0.2682319123670915,-0.24265086429350463,1.7999688714977433,-8.281311698396893,414
1631215,0,,39.0,C,6.53184152422536,3.9391699124265056,2.366121709791858,5.88285494554566,3.154432012701878,1.1747252474633456,0.6995956238060979,1.7966211019871492,0.5130121689986783,0.33577690447400244,0.7316305988928032,16.730354178195906,0.6041962718381677,3.0355561704482574,1.8306585500830108,1.0996126175982293,2.733951300498063,1.4659656889872719,0.5459324847814057,0.3251245157719978,0.8349474266740454,4.866214720531268,1.8306585500830108,0.614692861095739,2.1719701162147214,0.8045102379634755,5.763143331488656,0.4463366787024139,0.7316305988928032,16.730354178195906,0.6041962718381677,rookie_tier,Khalifa Diop,C,,31-60,2026,1610612739,C,heuristic,,False,False,False,False,True,True,-2.461732970335225,-1.4181025334926778,-1.5054798173928146,-1.444483638859553,-1.8821025518699532,-0.8584962812838148,-0.2682319123670915,-0.24265086429350463,1.7999688714977433,-8.281311698396893,415
1642350,0,,35.0,F,6.53184152422536,3.9391699124265056,2.366121709791858,5.88285494554566,3.154432012701878,1.1747252474633456,0.6995956238060979,1.7966211019871492,0.5130121689986783,0.33577690447400244,0.7316305988928032,16.730354178195906,0.6041962718381677,3.0355561704482574,1.8306585500830108,1.0996126175982293,2.733951300498063,1.4659656889872719,0.5459324847814057,0.3251245157719978,0.8349474266740454,4.866214720531268,1.8306585500830108,0.614692861095739,2.1719701162147214,0.8045102379634755,5.763143331488656,0.4463366787024139,0.7316305988928032,16.730354178195906,0.6041962718381677,rookie_tier,Trevon Brazile,F,,31-60,2026,1610612743,SF/PF,heuristic,,False,False,True,True,False,False,-2.461732970335225,-1.4181025334926778,-1.5054798173928146,-1.444483638859553,-1.8821025518699532,-0.8584962812838148,-0.2682319123670915,-0.24265086429350463,1.7999688714977433,-8.281311698396893,416
1641844,0,,56.0,F,6.53184152422536,3.9391699124265056,2.366121709791858,5.88285494554566,3.154432012701878,1.1747252474633456,0.6995956238060979,1.7966211019871492,0.5130121689986783,0.33577690447400244,0.7316305988928032,16.730354178195906,0.6041962718381677,3.0355561704482574,1.8306585500830108,1.0996126175982293,2.733951300498063,1.4659656889872719,0.5459324847814057,0.3251245157719978,0.8349474266740454,4.866214720531268,1.8306585500830108,0.614692861095739,2.1719701162147214,0.8045102379634755,5.763143331488656,0.4463366787024139,0.7316305988928032,16.730354178195906,0.6041962718381677,rookie_tier,Tarik Biberovic,F,,31-60,2026,1610612742,SF/PF,heuristic,,False,False,True,True,False,False,-2.461732970335225,-1.4181025334926778,-1.5054798173928146,-1.444483638859553,-1.8821025518699532,-0.8584962812838148,-0.2682319123670915,-0.24265086429350463,1.7999688714977433,-8.281311698396893,417
1643555,0,,58.0,G,6.53184152422536,3.9391699124265056,2.366121709791858,5.88285494554566,3.154432012701878,1.1747252474633456,0.6995956238060979,1.7966211019871492,0.5130121689986783,0.33577690447400244,0.7316305988928032,16.730354178195906,0.6041962718381677,3.0355561704482574,1.8306585500830108,1.0996126175982293,2.733951300498063,1.4659656889872719,0.5459324847814057,0.3251245157719978,0.8349474266740454,4.866214720531268,1.8306585500830108,0.614692861095739,2.1719701162147214,0.8045102379634755,5.763143331488656,0.4463366787024139,0.7316305988928032,16.730354178195906,0.6041962718381677,rookie_tier,Jaron Pierre Jr.,G,,31-60,2026,1610612740,SG,heuristic,,False,True,False,False,False,False,-2.461732970335225,-1.4181025334926778,-1.5054798173928146,-1.444483638859553,-1.8821025518699532,-0.8584962812838148,-0.2682319123670915,-0.24265086429350463,1.7999688714977433,-8.281311698396893,418
1643551,0,,42.0,G,6.53184152422536,3.9391699124265056,2.366121709791858,5.88285494554566,3.154432012701878,1.1747252474633456,0.6995956238060979,1.7966211019871492,0.5130121689986783,0.33577690447400244,0.7316305988928032,16.730354178195906,0.6041962718381677,3.0355561704482574,1.8306585500830108,1.0996126175982293,2.733951300498063,1.4659656889872719,0.5459324847814057,0.3251245157719978,0.8349474266740454,4.866214720531268,1.8306585500830108,0.614692861095739,2.1719701162147214,0.8045102379634755,5.763143331488656,0.4463366787024139,0.7316305988928032,16.730354178195906,0.6041962718381677,rookie_tier,Ja'Kobi Gillespie,G,,31-60,2026,1610612759,SG,heuristic,,False,True,False,False,False,False,-2.461732970335225,-1.4181025334926778,-1.5054798173928146,-1.444483638859553,-1.8821025518699532,-0.8584962812838148,-0.2682319123670915,-0.24265086429350463,1.7999688714977433,-8.281311698396893,419
1643548,0,,43.0,F,6.53184152422536,3.9391699124265056,2.366121709791858,5.88285494554566,3.154432012701878,1.1747252474633456,0.6995956238060979,1.7966211019871492,0.5130121689986783,0.33577690447400244,0.7316305988928032,16.730354178195906,0.6041962718381677,3.0355561704482574,1.8306585500830108,1.0996126175982293,2.733951300498063,1.4659656889872719,0.5459324847814057,0.3251245157719978,0.8349474266740454,4.866214720531268,1.8306585500830108,0.614692861095739,2.1719701162147214,0.8045102379634755,5.763143331488656,0.4463366787024139,0.7316305988928032,16.730354178195906,0.6041962718381677,rookie_tier,Tyler Bilodeau,F,,31-60,2026,1610612751,SF/PF,heuristic,,False,False,True,True,False,False,-2.461732970335225,-1.4181025334926778,-1.5054798173928146,-1.444483638859553,-1.8821025518699532,-0.8584962812838148,-0.2682319123670915,-0.24265086429350463,1.7999688714977433,-8.281311698396893,420
1643624,0,,49.0,F,6.53184152422536,3.9391699124265056,2.366121709791858,5.88285494554566,3.154432012701878,1.1747252474633456,0.6995956238060979,1.7966211019871492,0.5130121689986783,0.33577690447400244,0.7316305988928032,16.730354178195906,0.6041962718381677,3.0355561704482574,1.8306585500830108,1.0996126175982293,2.733951300498063,1.4659656889872719,0.5459324847814057,0.3251245157719978,0.8349474266740454,4.866214720531268,1.8306585500830108,0.614692861095739,2.1719701162147214,0.8045102379634755,5.763143331488656,0.4463366787024139,0.7316305988928032,16.730354178195906,0.6041962718381677,rookie_tier,Bryce Hopkins,F,,31-60,2026,1610612743,SF/PF,heuristic,,False,False,True,True,False,False,-2.461732970335225,-1.4181025334926778,-1.5054798173928146,-1.444483638859553,-1.8821025518699532,-0.8584962812838148,-0.2682319123670915,-0.24265086429350463,1.7999688714977433,-8.281311698396893,421
1643539,0,,52.0,C,6.53184152422536,3.9391699124265056,2.366121709791858,5.88285494554566,3.154432012701878,1.1747252474633456,0.6995956238060979,1.7966211019871492,0.5130121689986783,0.33577690447400244,0.7316305988928032,16.730354178195906,0.6041962718381677,3.0355561704482574,1.8306585500830108,1.0996126175982293,2.733951300498063,1.4659656889872719,0.5459324847814057,0.3251245157719978,0.8349474266740454,4.866214720531268,1.8306585500830108,0.614692861095739,2.1719701162147214,0.8045102379634755,5.763143331488656,0.4463366787024139,0.7316305988928032,16.730354178195906,0.6041962718381677,rookie_tier,Henri Veesaar,C,,31-60,2026,1610612737,C,heuristic,,False,False,False,False,True,True,-2.461732970335225,-1.4181025334926778,-1.5054798173928146,-1.444483638859553,-1.8821025518699532,-0.8584962812838148,-0.2682319123670915,-0.24265086429350463,1.7999688714977433,-8.281311698396893,422
1642391,0,,53.0,C,6.53184152422536,3.9391699124265056,2.366121709791858,5.88285494554566,3.154432012701878,1.1747252474633456,0.6995956238060979,1.7966211019871492,0.5130121689986783,0.33577690447400244,0.7316305988928032,16.730354178195906,0.6041962718381677,3.0355561704482574,1.8306585500830108,1.0996126175982293,2.733951300498063,1.4659656889872719,0.5459324847814057,0.3251245157719978,0.8349474266740454,4.866214720531268,1.8306585500830108,0.614692861095739,2.1719701162147214,0.8045102379634755,5.763143331488656,0.4463366787024139,0.7316305988928032,16.730354178195906,0.6041962718381677,rookie_tier,Ugonna Onyenso,C,,31-60,2026,1610612765,C,heuristic,,False,False,False,False,True,True,-2.461732970335225,-1.4181025334926778,-1.5054798173928146,-1.444483638859553,-1.8821025518699532,-0.8584962812838148,-0.2682319123670915,-0.24265086429350463,1.7999688714977433,-8.281311698396893,423
1641759,0,,40.0,F,6.53184152422536,3.9391699124265056,2.366121709791858,5.88285494554566,3.154432012701878,1.1747252474633456,0.6995956238060979,1.7966211019871492,0.5130121689986783,0.33577690447400244,0.7316305988928032,16.730354178195906,0.6041962718381677,3.0355561704482574,1.8306585500830108,1.0996126175982293,2.733951300498063,1.4659656889872719,0.5459324847814057,0.3251245157719978,0.8349474266740454,4.866214720531268,1.8306585500830108,0.614692861095739,2.1719701162147214,0.8045102379634755,5.763143331488656,0.4463366787024139,0.7316305988928032,16.730354178195906,0.6041962718381677,rookie_tier,Dillon Mitchell,F,,31-60,2026,1610612738,SF/PF,heuristic,,False,False,True,True,False,False,-2.461732970335225,-1.4181025334926778,-1.5054798173928146,-1.444483638859553,-1.8821025518699532,-0.8584962812838148,-0.2682319123670915,-0.24265086429350463,1.7999688714977433,-8.281311698396893,424
1642394,0,,36.0,F,6.53184152422536,3.9391699124265056,2.366121709791858,5.88285494554566,3.154432012701878,1.1747252474633456,0.6995956238060979,1.7966211019871492,0.5130121689986783,0.33577690447400244,0.7316305988928032,16.730354178195906,0.6041962718381677,3.0355561704482574,1.8306585500830108,1.0996126175982293,2.733951300498063,1.4659656889872719,0.5459324847814057,0.3251245157719978,0.8349474266740454,4.866214720531268,1.8306585500830108,0.614692861095739,2.1719701162147214,0.8045102379634755,5.763143331488656,0.4463366787024139,0.7316305988928032,16.730354178195906,0.6041962718381677,rookie_tier,Baba Miller,F,,31-60,2026,1610612746,SF/PF,heuristic,,False,False,True,True,False,False,-2.461732970335225,-1.4181025334926778,-1.5054798173928146,-1.444483638859553,-1.8821025518699532,-0.8584962812838148,-0.2682319123670915,-0.24265086429350463,1.7999688714977433,-8.281311698396893,425
1642912,0,,33.0,F,6.53184152422536,3.9391699124265056,2.366121709791858,5.88285494554566,3.154432012701878,1.1747252474633456,0.6995956238060979,1.7966211019871492,0.5130121689986783,0.33577690447400244,0.7316305988928032,16.730354178195906,0.6041962718381677,3.0355561704482574,1.8306585500830108,1.0996126175982293,2.733951300498063,1.4659656889872719,0.5459324847814057,0.3251245157719978,0.8349474266740454,4.866214720531268,1.8306585500830108,0.614692861095739,2.1719701162147214,0.8045102379634755,5.763143331488656,0.4463366787024139,0.7316305988928032,16.730354178195906,0.6041962718381677,rookie_tier,Isaiah Evans,F,,31-60,2026,1610612750,SF/PF,heuristic,,False,False,True,True,False,False,-2.461732970335225,-1.4181025334926778,-1.5054798173928146,-1.444483638859553,-1.8821025518699532,-0.8584962812838148,-0.2682319123670915,-0.24265086429350463,1.7999688714977433,-8.281311698396893,426
1643593,0,,51.0,F,6.53184152422536,3.9391699124265056,2.366121709791858,5.88285494554566,3.154432012701878,1.1747252474633456,0.6995956238060979,1.7966211019871492,0.5130121689986783,0.33577690447400244,0.7316305988928032,16.730354178195906,0.6041962718381677,3.0355561704482574,1.8306585500830108,1.0996126175982293,2.733951300498063,1.4659656889872719,0.5459324847814057,0.3251245157719978,0.8349474266740454,4.866214720531268,1.8306585500830108,0.614692861095739,2.1719701162147214,0.8045102379634755,5.763143331488656,0.4463366787024139,0.7316305988928032,16.730354178195906,0.6041962718381677,rookie_tier,Izaiyah Nelson,F,,31-60,2026,1610612753,SF/PF,heuristic,,False,False,True,True,False,False,-2.461732970335225,-1.4181025334926778,-1.5054798173928146,-1.444483638859553,-1.8821025518699532,-0.8584962812838148,-0.2682319123670915,-0.24265086429350463,1.7999688714977433,-8.281311698396893,427
1643509,0,,34.0,G,6.53184152422536,3.9391699124265056,2.366121709791858,5.88285494554566,3.154432012701878,1.1747252474633456,0.6995956238060979,1.7966211019871492,0.5130121689986783,0.33577690447400244,0.7316305988928032,16.730354178195906,0.6041962718381677,3.0355561704482574,1.8306585500830108,1.0996126175982293,2.733951300498063,1.4659656889872719,0.5459324847814057,0.3251245157719978,0.8349474266740454,4.866214720531268,1.8306585500830108,0.614692861095739,2.1719701162147214,0.8045102379634755,5.763143331488656,0.4463366787024139,0.7316305988928032,16.730354178195906,0.6041962718381677,rookie_tier,Meleek Thomas,G,,31-60,2026,1610612739,SG,heuristic,,False,True,False,False,False,False,-2.461732970335225,-1.4181025334926778,-1.5054798173928146,-1.444483638859553,-1.8821025518699532,-0.8584962812838148,-0.2682319123670915,-0.24265086429350463,1.7999688714977433,-8.281311698396893,428
1643589,0,,47.0,F,6.53184152422536,3.9391699124265056,2.366121709791858,5.88285494554566,3.154432012701878,1.1747252474633456,0.6995956238060979,1.7966211019871492,0.5130121689986783,0.33577690447400244,0.7316305988928032,16.730354178195906,0.6041962718381677,3.0355561704482574,1.8306585500830108,1.0996126175982293,2.733951300498063,1.4659656889872719,0.5459324847814057,0.3251245157719978,0.8349474266740454,4.866214720531268,1.8306585500830108,0.614692861095739,2.1719701162147214,0.8045102379634755,5.763143331488656,0.4463366787024139,0.7316305988928032,16.730354178195906,0.6041962718381677,rookie_tier,Tyler Nickel,F,,31-60,2026,1610612752,SF/PF,heuristic,,False,False,True,True,False,False,-2.461732970335225,-1.4181025334926778,-1.5054798173928146,-1.444483638859553,-1.8821025518699532,-0.8584962812838148,-0.2682319123670915,-0.24265086429350463,1.7999688714977433,-8.281311698396893,429
1643590,0,,46.0,C,6.53184152422536,3.9391699124265056,2.366121709791858,5.88285494554566,3.154432012701878,1.1747252474633456,0.6995956238060979,1.7966211019871492,0.5130121689986783,0.33577690447400244,0.7316305988928032,16.730354178195906,0.6041962718381677,3.0355561704482574,1.8306585500830108,1.0996126175982293,2.733951300498063,1.4659656889872719,0.5459324847814057,0.3251245157719978,0.8349474266740454,4.866214720531268,1.8306585500830108,0.614692861095739,2.1719701162147214,0.8045102379634755,5.763143331488656,0.4463366787024139,0.7316305988928032,16.730354178195906,0.6041962718381677,rookie_tier,Felix Okpara,C,,31-60,2026,1610612764,C,heuristic,,False,False,False,False,True,True,-2.461732970335225,-1.4181025334926778,-1.5054798173928146,-1.444483638859553,-1.8821025518699532,-0.8584962812838148,-0.2682319123670915,-0.24265086429350463,1.7999688714977433,-8.281311698396893,430
1642396,1,27.0,61.0,F,4.548638721369236,8.426917584875874,2.379136598859902,4.90115073668952,2.2108567092481377,0.9934616083910198,0.48983087204091896,1.135986499363032,0.5581343859857919,0.37194059262011164,0.7650974856445653,18.95593837121511,0.4545929061871008,2.3951032020888317,4.437225844394888,1.252743520685851,2.5807197586867248,1.1641350980026428,0.5231110284119004,0.25792232840906154,0.5981580575682786,6.83232904648372,4.437225844394888,1.65038441015351,2.987173865223964,0.9584709178342651,8.583203058435704,0.4372116513857486,0.7650974856445653,18.95593837121511,0.4545929061871008,model,Blake Hinson,F,,undrafted,2026,1610612762,SF,heuristic,,False,False,True,False,False,False,-2.3431191771396187,-0.8234518051023386,-1.7962997950539696,-1.7120518052633678,-2.3005478788526292,-1.1195673655042506,-0.3568747962158943,-0.10363816761634635,2.2691131323768947,-8.28643765837152,431
1642277,2,22.0,35.0,G,5.172422484326166,4.285371849695135,2.3397188219846377,7.856363126956271,2.7466901216685424,1.306234505890186,0.5688376398430647,1.7265371773565785,0.5512776867664937,0.3366915876252316,0.6985970070491223,18.303403317376503,0.5102933707702373,2.629803746069121,2.1788024813861617,1.1895782568900517,3.994393970012385,1.396493807909813,0.6641260274550581,0.2892129095597825,0.8778196194333961,4.808606227455282,2.1788024813861617,0.7335844665797009,2.1833365923625454,0.8310358099141021,5.9312934612188934,0.45404769887302016,0.6985970070491223,18.303403317376503,0.5102933707702373,model,Johnny Furphy,G,,31-60,2026,1610612754,SG,heuristic,,False,True,False,False,False,False,-2.590398992617482,-1.413475145263722,-1.2706751581969737,-1.5744009957914136,-1.8409673872340973,-1.0195631454510832,-0.17477984238029243,-0.33150053095398807,1.9140032806445852,-8.301757917244467,432
1641763,3,23.0,35.0,F,4.999631844459205,5.196714129655268,2.501620583494465,4.958271074539147,1.560048784117214,1.3400991091880141,0.6491953463946435,1.184757754993995,0.5691669876595148,0.3406564814357116,0.7746845826892643,15.696470919749133,0.5714645320520862,2.1799048848890457,2.265835339288426,1.0907392983629647,2.1618710481593615,0.6802016770357179,0.5843007415819829,0.28305766321999964,0.5165698791169586,4.445740224177472,2.265835339288426,0.7718714941946869,2.0126013909112466,0.8449789181750943,5.6420531941922745,0.4527033271008559,0.7746845826892643,15.696470919749133,0.5714645320520862,model,Julian Phillips,F,,31-60,2026,1610612745,SF,heuristic,,False,False,True,False,False,False,-2.5345853513451155,-1.3086990552296722,-1.75847550918434,-1.8174933155175756,-1.863660616516632,-0.9728344240272591,-0.1898210619218717,-0.08071473201280799,2.222143061019784,-8.30414100473549,433
1631123,4,28.0,61.0,G,7.407786397396969,4.48953394979828,1.8104220755776272,4.618727731421391,4.3760548919843885,1.5010534847975185,0.7776700077999481,1.7155097897749325,0.5461998922333263,0.33572029016180965,0.7584901364810814,17.376022256074314,0.4526243864682687,3.5754961474837303,2.1669511619748927,0.8738315077256974,2.2293087737757142,2.112178533247878,0.7245094099833219,0.37535587120592734,0.8280204524345166,5.742447309458623,2.1669511619748927,0.7274894728646816,2.6804250833009684,0.6627925795563334,6.751132219022952,0.466773997017949,0.7584901364810814,17.376022256074314,0.4526243864682687,model,Jamaree Bouyea,G,,undrafted,2026,1610612756,PG/SG,heuristic,,True,True,False,False,False,False,-2.5821972375579776,-1.484206754702145,-1.896023611297505,-1.3917296394443373,-1.8908296279936563,-0.9460057463839151,-0.09933007879769205,-0.08628701162483465,2.061599868382547,-8.315009839419515,434
1630544,5,26.0,18.0,G,6.9694190691626785,7.279973364089176,1.6256606982099573,4.92220287613716,4.548199306614837,1.3914580965434407,0.3628051006511498,2.3379068475390588,0.4854215685788067,0.36085213255951526,0.8246321372448918,18.11748224929202,0.47005856648567934,3.5074535075953372,3.6637441166445655,0.8181355234219604,2.477164534328587,2.2889422278843496,0.7002699267988736,0.182586526972217,1.1765829391885323,7.171197624239903,3.6637441166445655,1.3220698776435689,3.024663461017735,0.6746608452354195,8.046057644914457,0.4217794041533374,0.8246321372448918,18.11748224929202,0.47005856648567934,model,Tre Mann,G,,15-30,2026,1610612764,PG/SG,heuristic,,True,True,False,False,False,False,-2.3769534232087746,-1.0256190588501728,-1.801624772922849,-1.3017355419529033,-1.8852051399950582,-1.2231635428306458,-0.5222597302826042,0.05537409411352553,1.7019438630585217,-8.379243252870959,435
1628975,8,31.0,32.0,G,3.2165630978125774,8.780969964738048,0.6266275545037475,3.658813057003423,3.7023621998483964,1.4993858525224206,0.4495120098491456,1.4201970436819356,0.5056330451287212,0.36492465411262803,0.8003383138831762,16.46250682032245,0.4832950715078509,1.4709081093260297,4.0154660537096305,0.28655167749499777,1.6731454140334356,1.6930600823974513,0.6856569395401483,0.20555818133217807,0.6494445421615457,5.48637416303566,4.0154660537096305,1.4653425607509865,2.209082307174037,0.2293382864067422,6.1128454615058025,0.4026488608920781,0.8003383138831762,16.46250682032245,0.4832950715078509,model,Jevon Carter,G,,31-60,2026,1610612753,PG/SG,heuristic,,True,True,False,False,False,False,-2.6108534491891886,-0.889468991061398,-2.0177893336535058,-1.49512943100244,-1.8751733885492545,-1.1785945180129265,-0.5423919233116034,0.0015194412085001235,2.1844749748362626,-8.423406618735553,436
1643007,1,25.0,54.0,G,2.868339566290183,8.172353732654852,1.42905513289287,4.410310042225241,3.2758324890303494,1.6295161554116704,0.38102738409359616,1.8379612585609164,0.5296761122347688,0.35293578098661826,0.7697306983670276,17.131588007204122,0.4965676573976175,1.3649781031790549,3.889038811027214,0.6800551048972496,2.098767072984385,1.558894793963388,0.7754499840443317,0.1813223378820614,0.8746443070796664,5.254016914206269,3.889038811027214,1.372580950057159,2.09557724503463,0.5234592908206221,6.087194730947042,0.3988523979373621,0.7697306983670276,17.131588007204122,0.4965676573976175,model,Taelon Peter,G,,31-60,2026,1610612759,SG,heuristic,,False,True,False,False,False,False,-2.5915279900860475,-0.9312412624004092,-1.875888767652533,-1.528264317736652,-1.6311066161104548,-1.2092759672201339,-0.5593787802562641,-0.05288825149942243,1.9414907170148952,-8.43808123594702,437
1642353,2,21.0,46.0,G,6.787951182169802,4.459585698537265,3.179910979377999,5.758391805043743,3.0067895475804627,1.345906516244207,0.42506281939364515,1.711620663654338,0.5160679988472519,0.3390980228755746,0.7846069771958876,15.62123485464808,0.5718415704468318,2.9454494332933487,1.9351176542022341,1.379837117381603,2.4986997436574776,1.304715713368207,0.5840200495181105,0.18444461471463866,0.7427118991392507,4.880567087495583,1.9351176542022341,0.6561945705715975,2.1762467653170683,1.0826298296914667,6.0913179308972,0.4459003895044886,0.7846069771958876,15.62123485464808,0.5718415704468318,model,Cam Christie,G,,31-60,2026,1610612746,SG,heuristic,,False,True,False,False,False,False,-2.4613941623017612,-1.4120687262862806,-1.6409559389853194,-1.5492826503100472,-1.8633888027690249,-1.1583922785209992,-0.25777543931988744,-0.059307382868176314,1.9608705458739923,-8.441694835487503,438
1641726,3,23.0,12.0,C,8.367672994239637,0.25239603725039234,3.1653628350579104,11.27434337788631,3.1099733512501477,0.9854448736590293,2.1876376913234306,1.9307815031226467,0.6636714975179226,0.3201907120486439,0.6490281483806833,17.901196118073532,0.33510781904265297,4.16087098116087,0.12550530450677405,1.5739939137564694,5.606228664167957,1.5464511911864243,0.4900178318589022,1.0878147596575094,0.9600916207929806,4.286376285667644,0.12550530450677405,0.04018563281590586,2.8016371078618088,1.0215663554078263,6.665026203947349,0.6536143635428467,0.6490281483806833,17.901196118073532,0.33510781904265297,model,Dereck Lively II,C,,6-14,2026,1610612742,C,heuristic,,False,False,False,False,True,True,-2.814519049989679,-1.979902897033358,-1.3676554158458527,-1.7202919661535148,-2.6351018830438093,-0.3043175325772776,0.6412804790541023,-0.4311999676944891,2.1686167949321944,-8.443091438351683,439
1630208,6,29.0,42.0,C,8.693130837628019,0.7392956977147298,4.130421531389435,12.393855638036218,1.3215564754035938,0.5840746085966011,1.5108681623242861,2.174710761322923,0.6055765527240119,0.33085173939347523,0.7059298182914706,15.325960918928264,0.5229726149688931,3.700849541128254,0.314733804741882,1.7584077491326195,5.2763263095383826,0.5626145248386683,0.2486529062524953,0.6432085113731937,0.9258203371668847,4.015583345870136,0.314733804741882,0.10413022674477806,2.3452779340114676,1.2413124628275038,6.035998557595217,0.584044143031794,0.7059298182914706,15.325960918928264,0.5229726149688931,model,Nick Richards,C,,31-60,2026,1610612748,C,heuristic,,False,False,False,False,True,True,-2.553677816235805,-1.9155643387691599,-0.8325848502381182,-1.8883992026735033,-2.7904378780853594,-0.39713811815772626,0.5585776367659328,-0.4652703226979122,1.840908019023501,-8.443586871068149,440
1642942,1,24.0,59.0,G,6.373488777189708,4.188771551500413,2.0884624734837773,4.419355253243301,3.926685922870281,1.7200683984345102,0.6924953080580626,2.2391208136338747,0.5121940407440038,0.32988056058132265,0.7035556010849862,19.93652173623411,0.4513911482086924,3.5295888206135215,2.319709307905752,1.1565743749421828,2.44740477962293,2.1745683125741073,0.9525605836999724,0.3834985489261028,1.2400077991962764,5.8492981285192736,2.319709307905752,0.7652270068776614,2.5730613670725635,0.8137143795619396,6.725064120584728,0.43989232734217354,0.7035556010849862,19.93652173623411,0.4513911482086924,model,Jahmai Mashack,G,,31-60,2026,1610612763,PG/SG,heuristic,,True,True,False,False,False,False,-2.5878744740590873,-1.458877970652478,-1.837881439414836,-1.372549021827209,-1.4269293780079002,-0.9354143657666067,-0.2850159896880331,-0.2709262599915129,1.6884968467630512,-8.48697205264461,441
203903,12,35.0,46.0,G,7.755363707291135,6.288467437303603,2.761505158638013,3.8506411421795343,3.5215301450382612,0.9722847944516895,0.2733301764707944,1.9632408110567279,0.5139815811427623,0.35338825721912176,0.8304283362861523,16.9422472500314,0.5642740417279293,3.6498135956346265,2.959465837404694,1.2996139772189554,1.8121809528319164,1.6572954004354765,0.45757470514018006,0.12863409529619205,0.9239364231187573,6.609279433039321,2.959465837404694,1.0458404745799734,2.921777437340609,1.0792362729161666,7.968631622177359,0.44207200905061605,0.8304283362861523,16.9422472500314,0.5642740417279293,model,Jordan Clarkson,G,,31-60,2026,1610612752,PG/SG,heuristic,,True,True,False,False,False,False,-2.175105212545301,-1.0747622855198382,-1.8878050111942741,-1.4073809641214952,-2.2078332546620336,-1.2668179887592144,-0.3814973558660832,0.1288661289033532,1.7659134003196348,-8.506422543445252,442
1630192,6,26.0,22.0,F,5.704246998921449,3.2597220787709333,2.6810158874176544,7.171519613423685,1.7968317732072114,1.1456092767186787,1.5577919257888921,1.3984365582858918,0.5812183978106525,0.33106856285061215,0.7274133551887704,14.291771403774316,0.5199968382430091,2.2645498372014172,1.2940889663786166,1.064346283135007,2.847047748131535,0.7133308042698867,0.4547996083585164,0.6184335027227836,0.555170433713969,3.558638803580034,1.2940889663786166,0.42843217429980274,1.7446302024403846,0.7742197008979325,4.691912280078504,0.49025211569245675,0.7274133551887704,14.291771403774316,0.5199968382430091,model,Zeke Nnaji,F,C,15-30,2026,1610612743,PF/C,heuristic,,False,False,False,True,True,True,-2.7562348806151697,-1.6513617272504328,-1.6096084519622733,-1.8308381001984546,-2.3064949184760764,-0.44592069841626913,0.04198093757850818,-0.21491772677665574,2.235285132370062,-8.538110433746764,443
1642419,2,26.0,61.0,F,3.7879060894883936,7.011208914451492,1.1572722786048593,5.973955733683242,1.926245637533748,0.7425811468017904,0.3714699167979349,1.2253490605767114,0.5733333318894677,0.38071993570142165,0.7633213108628517,14.737671253617178,0.6261088451240613,1.5506920746237376,2.8702470019893407,0.47376384425008017,2.445616546852362,0.7885659711024059,0.30399768946385625,0.15207226428823584,0.501633100714117,4.420939076613078,2.8702470019893407,1.09276025404458,1.9818237079231986,0.3616340386323951,5.418041708523373,0.448281162345601,0.7633213108628517,14.737671253617178,0.6261088451240613,model,Jamison Battle,F,,undrafted,2026,1610612761,SF/PF,heuristic,,False,False,True,True,False,False,-2.4871022134687912,-0.9271484781031151,-1.578764706117956,-1.7386788491985852,-2.516330428949122,-1.1922151150410272,-0.2385638723956089,-0.05686647647918439,2.1840642911959556,-8.551605848557434,444
1642275,2,21.0,6.0,F,5.171963890715696,5.400080319021633,2.8982221705457056,8.600003562978674,2.2447612543913857,0.9888466901707291,0.5403793782724194,1.783704353469958,0.5479546823388107,0.3366484651028547,0.7151395768616208,17.72741587992548,0.5304328962987546,2.546820966852072,2.6591519333415876,1.427166381380112,4.234884436937885,1.1053837863260914,0.48693601439289824,0.2660980547658541,0.8783463577998762,5.205972900193659,2.6591519333415876,0.895199416834734,2.290741890699984,1.0206231620913038,6.4973063603260055,0.4400218623141065,0.7151395768616208,17.72741587992548,0.5304328962987546,model,Tidjane Salaün,F,,6-14,2026,1610612766,SF/PF,heuristic,,False,False,True,True,False,False,-2.471815774529346,-1.2557316892197385,-1.1442964091873815,-1.6691803980911561,-2.2074270636180007,-1.0407822035812286,-0.29716031932242665,-0.3448376884927513,1.877775008014534,-8.553456538027493,445
1630702,4,24.0,37.0,G,7.063953770453195,9.366791635498966,2.9412756616434015,3.6944190149624854,3.074941636969347,0.933071356730415,0.26871663645817956,2.433036091897021,0.493155534155139,0.3662652320926014,0.7503541189067652,18.43139541822827,0.5651073823857672,3.616625698869648,4.7956400120565155,1.5058837431600143,1.8914804918165264,1.574318477748782,0.4777168647033613,0.13757840505602784,1.2456736187937436,8.412265710926164,4.7956400120565155,1.7564762020484455,3.5400351804137093,1.129946069274854,9.966492632150718,0.42081827917249215,0.7503541189067652,18.43139541822827,0.5651073823857672,model,Jaden Hardy,G,,31-60,2026,1610612747,SG,heuristic,,False,True,False,False,False,False,-1.8542251909950753,-0.443070657160755,-1.8596609145715695,-1.4415357118387473,-2.154355538913006,-1.2498009500484586,-0.7483760128014002,-0.22356251703404403,1.3975719035917302,-8.577015589771323,446
1641722,3,25.0,14.0,G,5.464946341158903,8.135426199613503,1.9721365241413544,4.510776213054548,2.2344255932512387,0.8511191589175086,0.5274472989059762,1.587008525642371,0.4751991687320713,0.3606710491638828,0.8257729410220159,17.48306655234805,0.5286260265267291,2.65400057187478,3.9508943799877456,0.9577498361633237,2.190616687099477,1.0851280931411438,0.41333813609259157,0.2561498952674832,0.7707159909152591,6.6048949518625255,3.9508943799877456,1.4249732211658686,2.6861520867352056,0.7908838989719417,7.588161293608221,0.40669111413766434,0.8257729410220159,17.48306655234805,0.5286260265267291,model,Jordan Hawkins,G,,6-14,2026,1610612741,SG,heuristic,,False,True,False,False,False,False,-2.312197645385923,-0.8187039804003047,-1.805510391144405,-1.6787153834298487,-2.3882905931396543,-1.0597046878021354,-0.6776056227258781,0.07606287688880123,1.9957567442722204,-8.668908682867126,447
1629026,8,32.0,61.0,G,5.718841935421931,5.4268119963293655,1.4805799767095333,7.570235986987816,3.419072872736151,1.3390372304116354,0.2793748062253027,1.6185468560800031,0.5399158092912444,0.3627468440001023,0.7139085103666347,14.823642056907136,0.5178922920559385,2.354835161964576,2.234586626214338,0.6096552114268341,3.1171796821506805,1.407864234220053,0.5513724612359547,0.11503755908893552,0.6664655346350654,4.589421788178914,2.234586626214338,0.8105892463040874,2.08200197852367,0.4352380438269869,5.409831247178414,0.45365234982026137,0.7139085103666347,14.823642056907136,0.5178922920559385,model,Kenrich Williams,G,F,undrafted,2026,1610612760,SG/SF,heuristic,,False,True,True,False,False,False,-2.6539704785210505,-1.342130111728607,-1.5282511932553726,-1.5620174925858252,-2.0834830750759856,-1.3097020905230554,-0.17173467251800478,-0.1459529041060913,2.121363890505803,-8.67587812780819,448
1642967,1,24.0,61.0,G,3.0967020260400098,9.239463413217726,1.8210667620114958,4.426281200557464,2.3714903503421096,1.2367109100376354,0.506475530832571,1.2345161094353942,0.5222365049558998,0.3697403871027605,0.821091685828488,18.379150604223277,0.4008795598127618,1.5809653586942414,4.717041377048318,0.9297127855376252,2.2597580222691067,1.2107216195944406,0.6313804463741035,0.25857194607015976,0.630259930518136,6.298006735742559,4.717041377048318,1.7440807047295837,2.569718528110415,0.7633794384133882,7.646897199363801,0.408020924068992,0.821091685828488,18.379150604223277,0.4008795598127618,model,John Poulakidas,G,,undrafted,2026,1610612742,SG,heuristic,,False,True,False,False,False,False,-2.579440171677743,-0.9036369257265364,-1.9586929650111182,-1.7449639081953663,-2.2309722310823594,-1.1643821931052794,-0.481272171329752,0.046440184383725915,2.3079676353615604,-8.708952746382868,449
1630592,3,26.0,51.0,F,4.766504869097519,6.312099134928652,3.125919484613372,5.0262760261473005,2.46375407610034,0.8509791545592786,0.18790110867904244,1.4751855958447673,0.5154346886343484,0.3516717001857533,0.7729638861161543,17.630436957864074,0.596586690846673,2.334321211221554,3.0912518297263323,1.5308701780231948,2.461540072550376,1.2065850255102137,0.4167537315809397,0.09202162919107287,0.7224490735747311,5.425573040947887,3.0912518297263323,1.08710578666218,2.290295913340717,1.1833073619441377,6.8510049752877515,0.42212977247848193,0.7729638861161543,17.630436957864074,0.596586690846673,model,Jalen Wilson,F,,31-60,2026,1610612737,SF,heuristic,,False,False,True,False,False,False,-2.290746573140284,-0.9830791937165023,-1.616858977089899,-1.568989168161755,-2.2513280500318187,-1.3251251104113335,-0.4985479193850743,-0.12686909176464345,1.9481814335075405,-8.713362650193769,450
1642880,1,25.0,38.0,G,5.431021715140822,4.6433962886878275,1.1598432369663119,3.6967926606108135,6.48599567495519,1.1903942886813415,0.16079338454670764,2.014249078820887,0.5140376430099195,0.35025100339514653,0.7724521740038589,17.930561621112084,0.5011613209127248,2.7050352646925098,2.312741757932229,0.5776844619792934,1.8412657944876967,3.2304873645569585,0.5929010596283523,0.08008654694116424,1.0032393674462823,5.017777022624738,2.312741757932229,0.8100401213096182,2.20053007303087,0.4462336185441547,5.657333885915513,0.4385468033172585,0.7724521740038589,17.930561621112084,0.5011613209127248,model,Kam Jones,G,,31-60,2026,1610612749,PG,heuristic,,True,False,False,False,False,False,-2.6444973284856514,-1.363848725551369,-1.9484370588686035,-0.8941742859672333,-2.0308066668055775,-1.373794374911443,-0.2802343106954911,-0.04102838892707996,1.8033728734332592,-8.773448266779189,451
1642367,2,25.0,31.0,F,7.0233756900673425,1.893793330804582,2.3546021584258816,8.823131573036719,3.8130695993789137,1.4116810039386034,0.9876823700591155,1.8652355815431754,0.5621088766825514,0.3285474277949998,0.7376010075312837,15.122371778449926,0.4305473445475937,2.9502805090257125,0.7955179672215527,0.9890880341682455,3.7062965527122493,1.6017404471920293,0.5929990270593054,0.4148916666404029,0.7835218310691431,3.7457984762472654,0.7955179672215527,0.2613653818953481,1.9197442447222173,0.7295523305396346,4.830406201879417,0.5125060135764474,0.7376010075312837,15.122371778449926,0.4305473445475937,model,Jonathan Mogbo,F,,31-60,2026,1610612758,SF/PF,heuristic,,False,False,True,True,False,False,-2.857971088383791,-1.8244138051286363,-1.5395683875952948,-1.5916596483591376,-2.220940937314104,-0.9172073043496256,0.12968620893338725,-0.1416109957047389,2.1371277727404023,-8.826558185161538,452
203500,13,33.0,12.0,C,6.363462254571163,0.19566005673324172,3.260372336074477,13.728056032654633,2.507490396870638,1.0437916428232041,1.1289916268433133,1.8732185052582566,0.5653247598885628,0.32042571575950657,0.5820919839865933,16.541683124453122,0.4738349808068334,2.9239548941537286,0.08990407384982792,1.4981123903076938,6.307920911303056,1.152169766184536,0.47961307232038325,0.5187617150389697,0.860727414912328,3.0138589680035563,0.08990407384982792,0.02880757721302665,1.6817916756754714,0.8720392135091032,4.264430142073072,0.558019367704364,0.5820919839865933,16.541683124453122,0.4738349808068334,model,Steven Adams,C,,6-14,2026,1610612745,C,heuristic,,False,False,False,False,True,True,-2.87466497743869,-1.979614849391013,-0.6931251689794306,-1.6994954794106218,-2.3484854969848534,-0.6957386981553418,0.28343748737053387,-0.8404762012975767,1.9949049624296449,-8.85325842185735,453
1629021,8,30.0,25.0,F,9.54194216177004,4.770812348931694,4.946304813614305,9.169252650878892,2.6274723444020003,1.2201821925704261,0.5630862125711635,2.0592332339436594,0.5754701290084291,0.3432794198022602,0.782804597814188,14.966923967362849,0.40980153362806154,3.967042301005169,1.9834551580282338,2.056415779576838,3.8120974239790173,1.0923660779170377,0.5072881695147684,0.23410190362841443,0.8561218678750406,5.950497459033403,1.9834551580282338,0.6808793358517323,2.963793680593072,1.6097717272703966,8.218238424308273,0.4980749426409317,0.782804597814188,14.966923967362849,0.40980153362806154,model,Moritz Wagner,F,C,15-30,2026,1610612751,PF/C,heuristic,,False,False,False,True,True,True,-2.494006989910673,-1.5630849425968263,-1.5599416604590084,-1.7732576668347422,-2.436540586162522,-1.1898363806450978,0.10480532415447241,-0.07165825685805809,2.109899864002737,-8.873621295309718,454
1642355,2,22.0,55.0,G,5.7330591205209895,5.85323786857514,1.5927666549750985,2.860966094142752,4.801905569213663,1.5797324951037466,0.5147449336577751,2.109882011876989,0.5030006667261337,0.35461451555188517,0.8165477995752877,15.488238843183895,0.4752357926208227,2.4665274711311915,2.5182318365127885,0.6852541770475945,1.2308701718981636,2.0659183432887818,0.6796465053473795,0.22145812432806858,0.9077321258580047,4.98475930764398,2.5182318365127885,0.8930015627523166,2.1336665252296307,0.5595427904179879,5.719877403629566,0.428038024214673,0.8165477995752877,15.488238843183895,0.4752357926208227,model,Bronny James,G,,31-60,2026,1610612747,PG/SG,heuristic,,True,True,False,False,False,False,-2.6775408652639276,-1.3349282423711586,-2.1536825917344586,-1.372385824316249,-1.9132788403973575,-1.1591448408543823,-0.3285659342938665,0.0324759670959365,1.9474081915886412,-8.959642980546821,455
1629646,5,26.0,53.0,F,9.328332759323194,1.3172443737663115,3.457255648974674,12.33704085532721,1.911244633887601,1.2086159786988508,2.0168630495741535,1.8082270735113548,0.6115118011131508,0.32326177345325335,0.7274514359780482,14.905672215540635,0.32400698547805795,3.862363067443368,0.5454003573090481,1.431464429692853,5.108107974978902,0.7913440565677653,0.5004231559152754,0.8350749866830005,0.7486900013618488,4.4077634247524164,0.5454003573090481,0.17630708674576095,2.538187682670969,1.0413208549315636,6.2940033070192625,0.5758448079171895,0.7274514359780482,14.905672215540635,0.32400698547805795,model,Charles Bassey,F,C,31-60,2026,1610612744,PF/C,heuristic,,False,False,False,True,True,True,-2.869391169656752,-1.9113775094553818,-1.5035237780997432,-1.9167910740391898,-2.6445038696671865,-0.6141012126710798,0.3494889032157485,-0.18000736170932716,2.328297634703444,-8.961909437379468,456
1630264,6,34.0,61.0,F,6.033899579765011,2.338488403668332,2.13862933900905,6.1263903704906255,2.7561945602759104,1.1181161825527093,0.658151391279083,1.3611550977274032,0.6186830803984994,0.34450034660158674,0.7393237913971021,14.426890344399315,0.49885576715152513,2.4180668773996365,0.9371421047603451,0.857049193366632,2.455132280057004,1.1045365746925124,0.4480816543885084,0.2637521653332549,0.5454787593509272,3.3552089821599815,0.9371421047603451,0.3228457799048794,1.818862844224067,0.6336368590536465,4.59420832740666,0.5421012085670855,0.7393237913971021,14.426890344399315,0.49885576715152513,model,Anthony Gill,F,,undrafted,2026,1610612764,SF/PF,heuristic,,False,False,True,True,False,False,-2.7980335334510067,-1.748252216039492,-1.7649616888032773,-1.6956934084935114,-2.3654388843098895,-1.072342003781797,0.263088695048746,-0.13814158567277046,2.2687160854926844,-9.051058540010313,457
1642964,1,25.0,44.0,G,4.86869828532957,3.4599018299804083,1.5668754695015525,7.338315244982946,2.7847315158126937,1.2679387822949082,0.523713810566996,1.369603052853228,0.5182735030702493,0.3490164389416463,0.7967037682037303,14.090207068704515,0.5045643385957852,1.9055824165372293,1.3541870339392676,0.6132666615597356,2.8721772593678,1.0899289913485628,0.49626444424934196,0.20497877876747955,0.5360552949064399,3.259769450476497,1.3541870339392676,0.4726335362464335,1.4602464106542543,0.48859186017836315,3.8817182177333054,0.44796002687883424,0.7967037682037303,14.090207068704515,0.5045643385957852,model,Brooks Barnhizer,G,,31-60,2026,1610612760,SG,heuristic,,False,True,False,False,False,False,-2.8922000825884124,-1.6267338730219305,-1.628599421522265,-1.696492787815245,-2.2432925654222142,-1.1651444977779142,-0.14312688556262804,-0.0027628876610277012,2.272026247645679,-9.12632675372596,458
1642352,2,26.0,61.0,F,6.798105899987949,5.0797665158115075,3.041404483240553,7.969079198955025,1.668461027043451,1.4885111134628626,1.0259510760875408,1.5799734565509493,0.5918681841874945,0.3422104240216972,0.7333700717125746,13.884212441966547,0.4064721859632338,2.6218429588449683,1.9591265961420885,1.17298627686837,3.073455237920782,0.6434796486281379,0.5740779033762932,0.39568118598510005,0.609352420095044,4.580969554987057,1.9591265961420885,0.6704335431779684,2.2222189744543077,0.8602330299848225,5.9751045220714065,0.4850979574913561,0.7333700717125746,13.884212441966547,0.4064721859632338,model,Keshad Johnson,F,,undrafted,2026,1610612748,SF/PF,heuristic,,False,False,True,True,False,False,-2.7593615395381916,-1.5733073664652775,-1.7500659595870185,-1.9129218521412754,-2.3208040348489116,-0.9758807234113881,0.01734775084077813,-0.16959468569070194,2.3180009957956758,-9.126587415046313,459
203939,12,35.0,45.0,F,4.105701885778461,0.6964959705216611,3.499305672624317,9.472337996385427,3.123200655820639,1.251433069138508,0.8674195523244728,1.5463065172529513,0.6110174850996501,0.33772649482315714,0.709499790995912,12.559157119428132,0.5475328094376424,1.432337640806224,0.2429833979675035,1.2207869375387483,3.3045716995814898,1.0895768819986775,0.43658179277107473,0.30261273461408517,0.5394529584715423,1.6753210387737276,0.2429833979675035,0.0820619312957852,0.9572452743947703,0.8661480770342814,2.862700557119607,0.5713802025046125,0.709499790995912,12.559157119428132,0.5475328094376424,model,Dwight Powell,F,C,31-60,2026,1610612742,PF/C,heuristic,,False,False,False,True,True,True,-3.002721735353582,-1.9305156934341452,-1.4097775437868745,-1.6614899755445012,-2.294909561504365,-0.9598681764461773,0.2138520929595475,-0.325121392886781,2.2218065057304672,-9.14874548026641,460
1642905,1,22.0,16.0,C,7.1360745931867635,4.260036493131063,3.696610681655348,8.678368779704225,2.9028858124983405,0.7756551614579545,1.3215095923543994,2.7355661698438936,0.5755486105150385,0.3249669314613601,0.761128364389234,12.234128599114815,0.5646445720500755,2.4251015073867443,1.4477176192746533,1.2562447350064723,2.949229991151239,0.9865077316291833,0.26359624982899393,0.44909773049520885,0.9296463420349487,3.8728191266613976,1.4477176192746533,0.47046035235822964,1.8662241552925956,0.956163500428063,5.1590721633714836,0.48187743714780523,0.761128364389234,12.234128599114815,0.5646445720500755,model,Yang Hansen,C,,15-30,2026,1610612757,C,heuristic,,False,False,False,False,True,True,-2.6225132666497766,-1.584089968827329,-1.497324179987371,-1.6911740961394377,-2.704976029652845,-0.6701122208772136,0.0021047044995408993,-0.14450300153476836,1.7587186494332734,-9.153869409735927,461
1643018,1,25.0,61.0,G,3.3719019589690045,9.872399272248707,2.343649208469193,3.8232827237783695,2.765496550195035,0.9968141923746867,0.23147812263861567,1.7059623549797833,0.5103523400637731,0.3723083466966121,0.8377134216264321,16.61303574365998,0.4385618116558577,1.5560424380130329,4.55584783293196,1.0815313353027536,1.7643425707846596,1.2762025843710691,0.4600030502141174,0.10682095347973976,0.7872559327949304,6.1118902709449925,4.55584783293196,1.6961801744802412,2.490310073958731,0.9060133154926737,7.582813637890377,0.40745333498497033,0.8377134216264321,16.61303574365998,0.4385618116558577,model,LJ Cryer,G,,undrafted,2026,1610612744,SG,heuristic,,False,True,False,False,False,False,-2.505962988431294,-0.8334550939832409,-2.0389627003614725,-1.6891721713330319,-2.4644877567604744,-1.351668557621336,-0.5148984737072896,0.10226957730703534,2.121156052496662,-9.175182112394442,462
1630574,2,25.0,58.0,C,5.771778385514469,0.8085444980242182,2.40347075440535,10.985511157265247,2.254948294369435,0.7590135951995596,1.7903028714829028,2.00817581490568,0.6154928161893559,0.3371108778241031,0.7217487071442252,12.987635283037008,0.4677051171551262,2.082270905710503,0.2916966958456884,0.8670944881017363,3.9632170085637455,0.8135123897049054,0.2738275485921825,0.6458833539164949,0.7244848630058501,2.3739676015561915,0.2916966958456884,0.09833412919493043,1.3799569130198486,0.6258243257593119,3.4840722809939395,0.5812871717858552,0.7217487071442252,12.987635283037008,0.4677051171551262,model,Ariel Hukporti,C,,31-60,2026,1610612755,C,heuristic,,False,False,False,False,True,True,-2.9851763547887877,-1.928852282613728,-1.3828895658611735,-1.823667786431554,-2.7993848426278616,-0.5102099032401612,0.28738623707867783,-0.17005899435715477,2.134097631413146,-9.178755861428597,463
1631288,4,28.0,61.0,F,5.463249006382943,5.402999402837159,3.035674898065636,5.9981628258619235,2.1037595741794575,1.1787701689047418,0.5372467508957884,1.4518525293810478,0.5687063248752117,0.34923984313678386,0.7773043941952733,15.916297277269177,0.432679796807797,2.415408202370455,2.3887706856795567,1.3421306698543463,2.6519039626078698,0.930112855070596,0.5211571230517963,0.2375271944028986,0.6418921238995539,4.804178888050012,2.3887706856795567,0.834253899556476,2.207911821400019,1.043244067262029,6.293321609618543,0.459581517018863,0.7773043941952733,15.916297277269177,0.432679796807797,model,Jamal Cain,F,,undrafted,2026,1610612753,SF/PF,heuristic,,False,False,True,True,False,False,-2.6762121205464506,-1.434473847194522,-1.8119455338719954,-1.8071891227262171,-2.3565013492055713,-1.1672932291646247,-0.11822117915722705,-0.06686761500912176,2.2573814974434367,-9.181322499432293,464
1628997,7,31.0,61.0,F,5.072226084250243,3.114406884079923,2.03911787866054,5.799895908700624,2.9575501581123476,1.3382332202812455,0.6641946457396269,1.487646655857616,0.5265954278400752,0.3363804211834186,0.6805706486202361,16.356921558980805,0.47565462420700677,2.304611227486044,1.4150585862679201,0.9264914219657164,2.6352345119130502,1.3437893317498597,0.6080382169934059,0.3017827700071701,0.6759255460373094,3.7196698137539643,1.4150585862679201,0.47599800324801583,1.68959573859107,0.6305428679882925,4.485732348418448,0.45423272042684254,0.6805706486202361,16.356921558980805,0.47565462420700677,model,Caleb Martin,F,,undrafted,2026,1610612742,SF/PF,heuristic,,False,False,True,True,False,False,-2.8427299773173864,-1.6456684004049427,-1.7475218422680563,-1.6295186068103842,-2.0668237728963104,-1.0328790996732395,-0.1251734031541483,-0.2841567378906588,2.1690749321210374,-9.205396908294087,465
1631103,4,24.0,20.0,F,7.540290636691062,5.943680287308293,3.079269426081225,4.836392461383688,3.3649108804303682,0.9646270927479764,0.40489194444471854,2.0537715598456208,0.5442873152052885,0.35847389045705624,0.8103766133186379,16.46406618744616,0.4326524110857487,3.4484401143072834,2.718254045757299,1.4082582122216845,2.21185237757463,1.5388920958406478,0.44115789725573473,0.1851713270028228,0.9392619693109123,6.166694160064582,2.718254045757299,0.9744231030332519,2.8513653144957813,1.1412195206983682,7.818373252723183,0.46238150303629133,0.8103766133186379,16.46406618744616,0.4326524110857487,model,Malaki Branham,F,,15-30,2026,1610612753,SF,heuristic,,False,False,True,False,False,False,-2.489827659944892,-1.3393227749538597,-1.92766322073129,-1.6095361695460733,-2.513910227016735,-1.2419933194553103,-0.13236185942950054,0.040173222283373264,1.9978680638883826,-9.216573944905907,466
1631132,4,27.0,33.0,C,6.125658854465752,1.2506712333697716,1.777407484714344,8.979882191971429,1.9054261179117915,1.1187251215715563,1.8512376669687953,1.4376727906897955,0.5871267675928278,0.33128862877576704,0.7075583461675157,15.639698050930342,0.3540769705208625,2.661207079079228,0.5433366791913296,0.7721698992887758,3.9011846115377677,0.8277858095138003,0.4860145306491522,0.8042443925527972,0.6245768984007439,3.2045437582705576,0.5433366791913296,0.1800012634128744,1.7424671736478126,0.5463552569011033,4.211290867609603,0.5437489093886473,0.7075583461675157,15.639698050930342,0.3540769705208625,model,Christian Koloko,C,,31-60,2026,1610612740,C,heuristic,,False,False,False,False,True,True,-3.024280893147373,-1.901003202648248,-1.6698399489420719,-1.8892488334127526,-2.599289994568162,-0.5673055517239259,0.18319903284775552,-0.1358923993462517,2.371534664160848,-9.232127126780183,467
1628380,9,29.0,10.0,F,7.784173392723041,4.006781307349531,3.350951971875254,9.769656241164503,3.796496247803238,0.9543953090416786,1.0171386501532482,2.2301107854920126,0.5866162958663185,0.3421344687381843,0.7869828349277141,14.851186247863755,0.3659533685124494,3.2112280233609827,1.6529293180529696,1.3823781067212695,4.030305122642738,1.5661798018178275,0.3937195135740404,0.41960320925907285,0.9199941841308781,4.864157341413952,1.6529293180529696,0.5655240940938221,2.4492827823399614,1.087907841369511,6.551997500143257,0.5035369151171382,0.7869828349277141,14.851186247863755,0.3659533685124494,model,Zach Collins,F,C,6-14,2026,1610612741,PF/C,heuristic,,False,False,False,True,True,True,-2.768117350944552,-1.6762050501696057,-1.612981697985707,-1.679074252407813,-2.726593004381565,-0.9998754196621679,0.10172558653847781,-0.03144309250504552,2.1384759192425373,-9.25408836227544,468
1642502,2,27.0,61.0,F,6.3218038061128805,3.130127597286371,2.4634518328747568,6.914177563443112,2.9597811202454727,1.4021076449179461,1.0439245411230011,1.534694496990091,0.5593914062649533,0.3444276784093092,0.7660564993353124,15.732517645224682,0.36438944769744114,2.762719164703318,1.367910768225349,1.0765638730239777,3.021595014419038,1.2934669083406882,0.612741201782667,0.4562100350972415,0.6706835626090507,4.130629932928667,1.367910768225349,0.47114633017095164,2.016587688829478,0.8247087518796141,5.3290304597095215,0.4882034269769823,0.7660564993353124,15.732517645224682,0.36438944769744114,model,Malevy Leons,F,,undrafted,2026,1610612744,SF/PF,heuristic,,False,False,True,True,False,False,-2.8969283533065524,-1.7315717805468582,-1.8401291283291825,-1.755491709847816,-2.3665830531073335,-0.9580624494007768,0.026147867929970217,-0.06933062643093924,2.3246477837889716,-9.267301449250517,469
1641790,2,25.0,61.0,C,8.323380056981758,1.8782832482860883,3.736524504180856,12.120076119592337,2.17632417237241,0.8250993151763899,1.6161405793792343,2.0305423738845962,0.5996524863397699,0.3378840724779551,0.7461275504753765,14.572495859076101,0.3551549656035115,3.3692339281634243,0.7603131904950285,1.5125135517919974,4.906104418456846,0.880957638608449,0.33399323204817966,0.6542000527969095,0.821946398197551,4.1295471186584525,0.7603131904950285,0.2568977171631675,2.2772672192466743,1.1285280314593746,5.939960187115891,0.5514568919573146,0.7461275504753765,14.572495859076101,0.3551549656035115,model,PJ Hall,C,,undrafted,2026,1610612766,C,heuristic,,False,False,False,False,True,True,-2.849526211583303,-1.8578329510920397,-1.4504442218780538,-1.8744066526681962,-2.8423495440908524,-0.7401302077786251,0.2661235368956075,-0.15355301561923707,2.228766088971231,-9.273353178843468,470
1627777,10,34.0,50.0,F,4.427363225806728,8.101568176998397,1.2939854383908842,5.807500918796816,2.8228555735546803,0.7324927066811876,0.3163837717008772,1.8414780762165674,0.5332389694877624,0.3803263682696088,0.7937634779374183,16.41609078877299,0.4442130575678232,2.018888796381058,3.6943355201399934,0.5900606232215271,2.6482350649680857,1.2872292605296523,0.3340185215275678,0.14427179778711186,0.8397186467973945,5.7132243165210514,3.6943355201399934,1.40505321154426,2.4816033928368846,0.4683685724822399,6.836628569700269,0.43436127401138086,0.7937634779374183,16.41609078877299,0.4442130575678232,model,Georges Niang,F,,31-60,2026,1610612744,SF/PF,heuristic,,False,False,True,True,False,False,-2.587511318884278,-1.021392611651486,-1.7943533449958866,-1.6800834610834534,-2.707079911665677,-1.2948323870263714,-0.3103713352835269,-0.006560165268454786,2.065167086499785,-9.337017449359351,471
1627827,10,34.0,61.0,F,1.9416714654059164,5.714063012002491,0.5208906772870834,5.37312583112864,1.860585028739997,1.085724990088822,0.5520155754021832,1.1099353993241423,0.5537487722538877,0.3604170800361656,0.7447000200130782,17.045671889149347,0.4423824817185632,0.9193637421064735,2.7055567571255255,0.2466369881986778,2.544126109348102,0.8809700533823749,0.5140808873028885,0.26137434377793317,0.5255442954175358,3.624920499231999,2.7055567571255255,0.9751288662752993,1.4842254097214989,0.1836705700475207,4.1272502557658175,0.40945047209613483,0.7447000200130782,17.045671889149347,0.4423824817185632,model,Dorian Finney-Smith,F,,undrafted,2026,1610612737,SF,heuristic,,False,False,True,False,False,False,-2.9297099082450586,-1.323951138490937,-1.8252805997202624,-1.8167318767520664,-2.347744834259001,-1.1249155252014977,-0.2997355997297909,-0.0320415168894229,2.3486511718285015,-9.351459827459536,472
1629312,8,30.0,61.0,F,3.203120473797007,4.765553189467851,1.0728403160547522,5.288659484321351,2.13516948678466,1.3349076895654264,0.7492013571484943,1.0420824585701716,0.5610423620117571,0.36454977794873494,0.745367941233723,18.138992336301712,0.3522836029347212,1.613927159068195,2.401175910610987,0.5405622853053516,2.664748718205954,1.0758284154858946,0.6726077875193748,0.3774932687684272,0.5250646036055219,4.015103069679181,2.401175910610987,0.8753481450290866,1.7808296504676315,0.40291779770664626,4.839925243670995,0.4435327361620944,0.745367941233723,18.138992336301712,0.3522836029347212,model,Haywood Highsmith,F,,undrafted,2026,1610612756,SF,heuristic,,False,False,True,False,False,False,-2.9638414019534696,-1.5170247591358779,-1.9387305810475102,-1.8247839167402828,-2.3044295251574396,-1.0676922040168122,-0.13932974375117482,-0.05522717067287972,2.444515935977843,-9.366543366497602,473
1629234,8,30.0,61.0,F,8.450947533034737,0.931994288961872,3.167436120838444,9.119216881245306,1.8615974440633694,0.9109738803723799,1.5651331540414135,1.7726458199646389,0.5997625264227919,0.3341664934574775,0.6806665613531862,12.58807958547458,0.45800610699597516,2.955033336625315,0.325889396740551,1.107553832528367,3.188706329397755,0.6509426883884932,0.3185392140671144,0.5472783529149489,0.61983907384927,3.280922733365866,0.325889396740551,0.10890131696376264,1.8812195766017341,0.7538748587006261,4.625215328867857,0.5733812495705467,0.6806665613531862,12.58807958547458,0.45800610699597516,model,Drew Eubanks,F,C,undrafted,2026,1610612752,PF/C,heuristic,,False,False,False,True,True,True,-2.8470480799755107,-1.9227527190061366,-1.6217650941402018,-1.8854694771678278,-2.71836517281291,-0.6797512845376892,0.35812621298373853,-0.32681884477078627,2.2449619765843725,-9.398882482842952,474
1642404,1,25.0,37.0,G,3.3571788741960797,8.024531706835468,1.450795396758045,3.6123723763663254,2.856579619449905,1.2205235944612267,0.26549511489293387,1.1653721096471852,0.5139644492648737,0.35686227742207566,0.8178968945039967,14.224471138829013,0.46966326982486084,1.326502611219128,3.1706866574027623,0.5732443680425222,1.4273357391757215,1.128703732017565,0.4822584067687102,0.10490354442485085,0.4604667205464629,4.497189268621891,3.1706866574027623,1.1314984615525383,1.8132736455761944,0.46885478841388506,5.226900541118812,0.4032015415112494,0.8178968945039967,14.224471138829013,0.46966326982486084,model,Chaz Lanier,G,,31-60,2026,1610612765,SG,heuristic,,False,True,False,False,False,False,-2.751967303877353,-1.1669243402658922,-2.1017884341953015,-1.7113740144531473,-2.351933108007188,-1.3436845416641146,-0.42903100338891764,0.028837728377344427,2.3813874248521194,-9.44647759262245,475
1642876,1,23.0,36.0,G,6.665619763889682,2.9491348606951124,3.5745757844647894,5.9557910159256675,3.379176635943286,1.4323809925781523,0.5488018822840681,1.9885979597487018,0.5372448907654591,0.3347055331236477,0.7611420290586641,13.925044035758155,0.44615633430441726,2.5783069093828805,1.1407453556269147,1.3826701446618597,2.3037403379038257,1.307088429447649,0.5540546777120485,0.21228028826979478,0.769203171081097,3.719052265009795,1.1407453556269147,0.38181378241343156,1.7669959963046658,1.0524083594267646,4.968214134449528,0.47511996885045443,0.7611420290586641,13.925044035758155,0.44615633430441726,model,Adou Thiero,G,,31-60,2026,1610612747,SG,heuristic,,False,True,False,False,False,False,-2.8192948092378143,-1.7336626495345173,-1.8846082123361259,-1.6715565631161255,-2.257850250085495,-1.19387536290069,-0.027488423242429037,-0.12562427613450686,2.125343122848665,-9.588617423739038,476
1642870,0,,61.0,G,6.184956669178598,4.56697437829691,2.38267709118312,5.877213639788998,3.213922381311228,1.167388847023361,0.6375282592313489,1.7760926902788243,0.5145637721883353,0.33339521069240763,0.7420387831346735,16.263500574492532,0.40634970041241925,2.79414017617771,2.0631941784756798,1.076407506702413,2.655112983531214,1.4519341248563769,0.527384144006128,0.2880122558406741,0.8023745691306012,4.857334354653389,2.0631941784756798,0.6878590578322481,2.12562236690923,0.7987361164304865,5.737839908081194,0.43761088113542285,0.7420387831346735,16.263500574492532,0.40634970041241925,rookie_tier,Milos Uzan,G,,undrafted,2026,1610612738,SG,heuristic,,False,True,False,False,False,False,-2.786809915928157,-1.562322239063783,-1.8535763062265647,-1.6664327900636655,-2.4073786438649445,-1.1202793643177402,-0.22474515500770856,-0.13482327653520332,2.1599210575869847,-9.596446633420781,477
1643573,0,,61.0,G,6.184956669178598,4.56697437829691,2.38267709118312,5.877213639788998,3.213922381311228,1.167388847023361,0.6375282592313489,1.7760926902788243,0.5145637721883353,0.33339521069240763,0.7420387831346735,16.263500574492532,0.40634970041241925,2.79414017617771,2.0631941784756798,1.076407506702413,2.655112983531214,1.4519341248563769,0.527384144006128,0.2880122558406741,0.8023745691306012,4.857334354653389,2.0631941784756798,0.6878590578322481,2.12562236690923,0.7987361164304865,5.737839908081194,0.43761088113542285,0.7420387831346735,16.263500574492532,0.40634970041241925,rookie_tier,Kylan Boswell,G,,undrafted,2026,1610612766,SG,heuristic,,False,True,False,False,False,False,-2.786809915928157,-1.562322239063783,-1.8535763062265647,-1.6664327900636655,-2.4073786438649445,-1.1202793643177402,-0.22474515500770856,-0.13482327653520332,2.1599210575869847,-9.596446633420781,478
1643640,0,,61.0,C,6.184956669178598,4.56697437829691,2.38267709118312,5.877213639788998,3.213922381311228,1.167388847023361,0.6375282592313489,1.7760926902788243,0.5145637721883353,0.33339521069240763,0.7420387831346735,16.263500574492532,0.40634970041241925,2.79414017617771,2.0631941784756798,1.076407506702413,2.655112983531214,1.4519341248563769,0.527384144006128,0.2880122558406741,0.8023745691306012,4.857334354653389,2.0631941784756798,0.6878590578322481,2.12562236690923,0.7987361164304865,5.737839908081194,0.43761088113542285,0.7420387831346735,16.263500574492532,0.40634970041241925,rookie_tier,"Ernest Udeh, Jr.",C,,undrafted,2026,1610612739,C,heuristic,,False,False,False,False,True,True,-2.786809915928157,-1.562322239063783,-1.8535763062265647,-1.6664327900636655,-2.4073786438649445,-1.1202793643177402,-0.22474515500770856,-0.13482327653520332,2.1599210575869847,-9.596446633420781,479
1643575,0,,61.0,G,6.184956669178598,4.56697437829691,2.38267709118312,5.877213639788998,3.213922381311228,1.167388847023361,0.6375282592313489,1.7760926902788243,0.5145637721883353,0.33339521069240763,0.7420387831346735,16.263500574492532,0.40634970041241925,2.79414017617771,2.0631941784756798,1.076407506702413,2.655112983531214,1.4519341248563769,0.527384144006128,0.2880122558406741,0.8023745691306012,4.857334354653389,2.0631941784756798,0.6878590578322481,2.12562236690923,0.7987361164304865,5.737839908081194,0.43761088113542285,0.7420387831346735,16.263500574492532,0.40634970041241925,rookie_tier,Duke Miles,G,,undrafted,2026,1610612755,SG,heuristic,,False,True,False,False,False,False,-2.786809915928157,-1.562322239063783,-1.8535763062265647,-1.6664327900636655,-2.4073786438649445,-1.1202793643177402,-0.22474515500770856,-0.13482327653520332,2.1599210575869847,-9.596446633420781,480
1643721,0,,61.0,F,6.184956669178598,4.56697437829691,2.38267709118312,5.877213639788998,3.213922381311228,1.167388847023361,0.6375282592313489,1.7760926902788243,0.5145637721883353,0.33339521069240763,0.7420387831346735,16.263500574492532,0.40634970041241925,2.79414017617771,2.0631941784756798,1.076407506702413,2.655112983531214,1.4519341248563769,0.527384144006128,0.2880122558406741,0.8023745691306012,4.857334354653389,2.0631941784756798,0.6878590578322481,2.12562236690923,0.7987361164304865,5.737839908081194,0.43761088113542285,0.7420387831346735,16.263500574492532,0.40634970041241925,rookie_tier,Carson Cooper,,,undrafted,2026,1610612763,SF/PF,heuristic,,False,False,True,True,False,False,-2.786809915928157,-1.562322239063783,-1.8535763062265647,-1.6664327900636655,-2.4073786438649445,-1.1202793643177402,-0.22474515500770856,-0.13482327653520332,2.1599210575869847,-9.596446633420781,481
1643627,0,,61.0,C,6.184956669178598,4.56697437829691,2.38267709118312,5.877213639788998,3.213922381311228,1.167388847023361,0.6375282592313489,1.7760926902788243,0.5145637721883353,0.33339521069240763,0.7420387831346735,16.263500574492532,0.40634970041241925,2.79414017617771,2.0631941784756798,1.076407506702413,2.655112983531214,1.4519341248563769,0.527384144006128,0.2880122558406741,0.8023745691306012,4.857334354653389,2.0631941784756798,0.6878590578322481,2.12562236690923,0.7987361164304865,5.737839908081194,0.43761088113542285,0.7420387831346735,16.263500574492532,0.40634970041241925,rookie_tier,Keba Keita,C,,undrafted,2026,1610612754,C,heuristic,,False,False,False,False,True,True,-2.786809915928157,-1.562322239063783,-1.8535763062265647,-1.6664327900636655,-2.4073786438649445,-1.1202793643177402,-0.22474515500770856,-0.13482327653520332,2.1599210575869847,-9.596446633420781,482
1643718,0,,61.0,F,6.184956669178598,4.56697437829691,2.38267709118312,5.877213639788998,3.213922381311228,1.167388847023361,0.6375282592313489,1.7760926902788243,0.5145637721883353,0.33339521069240763,0.7420387831346735,16.263500574492532,0.40634970041241925,2.79414017617771,2.0631941784756798,1.076407506702413,2.655112983531214,1.4519341248563769,0.527384144006128,0.2880122558406741,0.8023745691306012,4.857334354653389,2.0631941784756798,0.6878590578322481,2.12562236690923,0.7987361164304865,5.737839908081194,0.43761088113542285,0.7420387831346735,16.263500574492532,0.40634970041241925,rookie_tier,Nimari Burnett,,,undrafted,2026,1610612761,SF/PF,heuristic,,False,False,True,True,False,False,-2.786809915928157,-1.562322239063783,-1.8535763062265647,-1.6664327900636655,-2.4073786438649445,-1.1202793643177402,-0.22474515500770856,-0.13482327653520332,2.1599210575869847,-9.596446633420781,483
1643717,0,,61.0,F,6.184956669178598,4.56697437829691,2.38267709118312,5.877213639788998,3.213922381311228,1.167388847023361,0.6375282592313489,1.7760926902788243,0.5145637721883353,0.33339521069240763,0.7420387831346735,16.263500574492532,0.40634970041241925,2.79414017617771,2.0631941784756798,1.076407506702413,2.655112983531214,1.4519341248563769,0.527384144006128,0.2880122558406741,0.8023745691306012,4.857334354653389,2.0631941784756798,0.6878590578322481,2.12562236690923,0.7987361164304865,5.737839908081194,0.43761088113542285,0.7420387831346735,16.263500574492532,0.40634970041241925,rookie_tier,Josh Dix,,,undrafted,2026,1610612760,SF/PF,heuristic,,False,False,True,True,False,False,-2.786809915928157,-1.562322239063783,-1.8535763062265647,-1.6664327900636655,-2.4073786438649445,-1.1202793643177402,-0.22474515500770856,-0.13482327653520332,2.1599210575869847,-9.596446633420781,484
1643637,0,,61.0,F,6.184956669178598,4.56697437829691,2.38267709118312,5.877213639788998,3.213922381311228,1.167388847023361,0.6375282592313489,1.7760926902788243,0.5145637721883353,0.33339521069240763,0.7420387831346735,16.263500574492532,0.40634970041241925,2.79414017617771,2.0631941784756798,1.076407506702413,2.655112983531214,1.4519341248563769,0.527384144006128,0.2880122558406741,0.8023745691306012,4.857334354653389,2.0631941784756798,0.6878590578322481,2.12562236690923,0.7987361164304865,5.737839908081194,0.43761088113542285,0.7420387831346735,16.263500574492532,0.40634970041241925,rookie_tier,Jaylin Sellers,,,undrafted,2026,1610612741,SF/PF,heuristic,,False,False,True,True,False,False,-2.786809915928157,-1.562322239063783,-1.8535763062265647,-1.6664327900636655,-2.4073786438649445,-1.1202793643177402,-0.22474515500770856,-0.13482327653520332,2.1599210575869847,-9.596446633420781,485
1643633,0,,61.0,F,6.184956669178598,4.56697437829691,2.38267709118312,5.877213639788998,3.213922381311228,1.167388847023361,0.6375282592313489,1.7760926902788243,0.5145637721883353,0.33339521069240763,0.7420387831346735,16.263500574492532,0.40634970041241925,2.79414017617771,2.0631941784756798,1.076407506702413,2.655112983531214,1.4519341248563769,0.527384144006128,0.2880122558406741,0.8023745691306012,4.857334354653389,2.0631941784756798,0.6878590578322481,2.12562236690923,0.7987361164304865,5.737839908081194,0.43761088113542285,0.7420387831346735,16.263500574492532,0.40634970041241925,rookie_tier,Graham Ike,F,C,undrafted,2026,1610612744,PF/C,heuristic,,False,False,False,True,True,True,-2.786809915928157,-1.562322239063783,-1.8535763062265647,-1.6664327900636655,-2.4073786438649445,-1.1202793643177402,-0.22474515500770856,-0.13482327653520332,2.1599210575869847,-9.596446633420781,486
1643792,0,,61.0,C,6.184956669178598,4.56697437829691,2.38267709118312,5.877213639788998,3.213922381311228,1.167388847023361,0.6375282592313489,1.7760926902788243,0.5145637721883353,0.33339521069240763,0.7420387831346735,16.263500574492532,0.40634970041241925,2.79414017617771,2.0631941784756798,1.076407506702413,2.655112983531214,1.4519341248563769,0.527384144006128,0.2880122558406741,0.8023745691306012,4.857334354653389,2.0631941784756798,0.6878590578322481,2.12562236690923,0.7987361164304865,5.737839908081194,0.43761088113542285,0.7420387831346735,16.263500574492532,0.40634970041241925,rookie_tier,Rienk Mast,C,,undrafted,2026,1610612754,C,heuristic,,False,False,False,False,True,True,-2.786809915928157,-1.562322239063783,-1.8535763062265647,-1.6664327900636655,-2.4073786438649445,-1.1202793643177402,-0.22474515500770856,-0.13482327653520332,2.1599210575869847,-9.596446633420781,487
1643758,0,,61.0,F,6.184956669178598,4.56697437829691,2.38267709118312,5.877213639788998,3.213922381311228,1.167388847023361,0.6375282592313489,1.7760926902788243,0.5145637721883353,0.33339521069240763,0.7420387831346735,16.263500574492532,0.40634970041241925,2.79414017617771,2.0631941784756798,1.076407506702413,2.655112983531214,1.4519341248563769,0.527384144006128,0.2880122558406741,0.8023745691306012,4.857334354653389,2.0631941784756798,0.6878590578322481,2.12562236690923,0.7987361164304865,5.737839908081194,0.43761088113542285,0.7420387831346735,16.263500574492532,0.40634970041241925,rookie_tier,AK Okereke,F,,undrafted,2026,1610612747,SF/PF,heuristic,,False,False,True,True,False,False,-2.786809915928157,-1.562322239063783,-1.8535763062265647,-1.6664327900636655,-2.4073786438649445,-1.1202793643177402,-0.22474515500770856,-0.13482327653520332,2.1599210575869847,-9.596446633420781,488
1643750,0,,61.0,F,6.184956669178598,4.56697437829691,2.38267709118312,5.877213639788998,3.213922381311228,1.167388847023361,0.6375282592313489,1.7760926902788243,0.5145637721883353,0.33339521069240763,0.7420387831346735,16.263500574492532,0.40634970041241925,2.79414017617771,2.0631941784756798,1.076407506702413,2.655112983531214,1.4519341248563769,0.527384144006128,0.2880122558406741,0.8023745691306012,4.857334354653389,2.0631941784756798,0.6878590578322481,2.12562236690923,0.7987361164304865,5.737839908081194,0.43761088113542285,0.7420387831346735,16.263500574492532,0.40634970041241925,rookie_tier,Ben Humrichous,F,,undrafted,2026,1610612751,SF/PF,heuristic,,False,False,True,True,False,False,-2.786809915928157,-1.562322239063783,-1.8535763062265647,-1.6664327900636655,-2.4073786438649445,-1.1202793643177402,-0.22474515500770856,-0.13482327653520332,2.1599210575869847,-9.596446633420781,489
1643759,0,,61.0,F,6.184956669178598,4.56697437829691,2.38267709118312,5.877213639788998,3.213922381311228,1.167388847023361,0.6375282592313489,1.7760926902788243,0.5145637721883353,0.33339521069240763,0.7420387831346735,16.263500574492532,0.40634970041241925,2.79414017617771,2.0631941784756798,1.076407506702413,2.655112983531214,1.4519341248563769,0.527384144006128,0.2880122558406741,0.8023745691306012,4.857334354653389,2.0631941784756798,0.6878590578322481,2.12562236690923,0.7987361164304865,5.737839908081194,0.43761088113542285,0.7420387831346735,16.263500574492532,0.40634970041241925,rookie_tier,William Kyle,,,undrafted,2026,1610612747,SF/PF,heuristic,,False,False,True,True,False,False,-2.786809915928157,-1.562322239063783,-1.8535763062265647,-1.6664327900636655,-2.4073786438649445,-1.1202793643177402,-0.22474515500770856,-0.13482327653520332,2.1599210575869847,-9.596446633420781,490
1643091,0,,61.0,F,6.184956669178598,4.56697437829691,2.38267709118312,5.877213639788998,3.213922381311228,1.167388847023361,0.6375282592313489,1.7760926902788243,0.5145637721883353,0.33339521069240763,0.7420387831346735,16.263500574492532,0.40634970041241925,2.79414017617771,2.0631941784756798,1.076407506702413,2.655112983531214,1.4519341248563769,0.527384144006128,0.2880122558406741,0.8023745691306012,4.857334354653389,2.0631941784756798,0.6878590578322481,2.12562236690923,0.7987361164304865,5.737839908081194,0.43761088113542285,0.7420387831346735,16.263500574492532,0.40634970041241925,rookie_tier,Tyson Degenhart,F,,undrafted,2026,1610612761,SF/PF,heuristic,,False,False,True,True,False,False,-2.786809915928157,-1.562322239063783,-1.8535763062265647,-1.6664327900636655,-2.4073786438649445,-1.1202793643177402,-0.22474515500770856,-0.13482327653520332,2.1599210575869847,-9.596446633420781,491
1643208,0,,61.0,G,6.184956669178598,4.56697437829691,2.38267709118312,5.877213639788998,3.213922381311228,1.167388847023361,0.6375282592313489,1.7760926902788243,0.5145637721883353,0.33339521069240763,0.7420387831346735,16.263500574492532,0.40634970041241925,2.79414017617771,2.0631941784756798,1.076407506702413,2.655112983531214,1.4519341248563769,0.527384144006128,0.2880122558406741,0.8023745691306012,4.857334354653389,2.0631941784756798,0.6878590578322481,2.12562236690923,0.7987361164304865,5.737839908081194,0.43761088113542285,0.7420387831346735,16.263500574492532,0.40634970041241925,rookie_tier,Anthony Pritchard,G,,undrafted,2026,1610612760,SG,heuristic,,False,True,False,False,False,False,-2.786809915928157,-1.562322239063783,-1.8535763062265647,-1.6664327900636655,-2.4073786438649445,-1.1202793643177402,-0.22474515500770856,-0.13482327653520332,2.1599210575869847,-9.596446633420781,492
1643148,0,,61.0,F,6.184956669178598,4.56697437829691,2.38267709118312,5.877213639788998,3.213922381311228,1.167388847023361,0.6375282592313489,1.7760926902788243,0.5145637721883353,0.33339521069240763,0.7420387831346735,16.263500574492532,0.40634970041241925,2.79414017617771,2.0631941784756798,1.076407506702413,2.655112983531214,1.4519341248563769,0.527384144006128,0.2880122558406741,0.8023745691306012,4.857334354653389,2.0631941784756798,0.6878590578322481,2.12562236690923,0.7987361164304865,5.737839908081194,0.43761088113542285,0.7420387831346735,16.263500574492532,0.40634970041241925,rookie_tier,Saint Thomas,F,,undrafted,2026,1610612755,SF/PF,heuristic,,False,False,True,True,False,False,-2.786809915928157,-1.562322239063783,-1.8535763062265647,-1.6664327900636655,-2.4073786438649445,-1.1202793643177402,-0.22474515500770856,-0.13482327653520332,2.1599210575869847,-9.596446633420781,493
1643265,0,,61.0,C,6.184956669178598,4.56697437829691,2.38267709118312,5.877213639788998,3.213922381311228,1.167388847023361,0.6375282592313489,1.7760926902788243,0.5145637721883353,0.33339521069240763,0.7420387831346735,16.263500574492532,0.40634970041241925,2.79414017617771,2.0631941784756798,1.076407506702413,2.655112983531214,1.4519341248563769,0.527384144006128,0.2880122558406741,0.8023745691306012,4.857334354653389,2.0631941784756798,0.6878590578322481,2.12562236690923,0.7987361164304865,5.737839908081194,0.43761088113542285,0.7420387831346735,16.263500574492532,0.40634970041241925,rookie_tier,Jonas Aidoo,C,,undrafted,2026,1610612762,C,heuristic,,False,False,False,False,True,True,-2.786809915928157,-1.562322239063783,-1.8535763062265647,-1.6664327900636655,-2.4073786438649445,-1.1202793643177402,-0.22474515500770856,-0.13482327653520332,2.1599210575869847,-9.596446633420781,494
1642930,0,,61.0,G,6.184956669178598,4.56697437829691,2.38267709118312,5.877213639788998,3.213922381311228,1.167388847023361,0.6375282592313489,1.7760926902788243,0.5145637721883353,0.33339521069240763,0.7420387831346735,16.263500574492532,0.40634970041241925,2.79414017617771,2.0631941784756798,1.076407506702413,2.655112983531214,1.4519341248563769,0.527384144006128,0.2880122558406741,0.8023745691306012,4.857334354653389,2.0631941784756798,0.6878590578322481,2.12562236690923,0.7987361164304865,5.737839908081194,0.43761088113542285,0.7420387831346735,16.263500574492532,0.40634970041241925,rookie_tier,R.J. Davis,G,,undrafted,2026,1610612759,SG,heuristic,,False,True,False,False,False,False,-2.786809915928157,-1.562322239063783,-1.8535763062265647,-1.6664327900636655,-2.4073786438649445,-1.1202793643177402,-0.22474515500770856,-0.13482327653520332,2.1599210575869847,-9.596446633420781,495
1643022,0,,61.0,G,6.184956669178598,4.56697437829691,2.38267709118312,5.877213639788998,3.213922381311228,1.167388847023361,0.6375282592313489,1.7760926902788243,0.5145637721883353,0.33339521069240763,0.7420387831346735,16.263500574492532,0.40634970041241925,2.79414017617771,2.0631941784756798,1.076407506702413,2.655112983531214,1.4519341248563769,0.527384144006128,0.2880122558406741,0.8023745691306012,4.857334354653389,2.0631941784756798,0.6878590578322481,2.12562236690923,0.7987361164304865,5.737839908081194,0.43761088113542285,0.7420387831346735,16.263500574492532,0.40634970041241925,rookie_tier,Jaden Akins,G,,undrafted,2026,1610612752,SG,heuristic,,False,True,False,False,False,False,-2.786809915928157,-1.562322239063783,-1.8535763062265647,-1.6664327900636655,-2.4073786438649445,-1.1202793643177402,-0.22474515500770856,-0.13482327653520332,2.1599210575869847,-9.596446633420781,496
1643113,0,,61.0,G,6.184956669178598,4.56697437829691,2.38267709118312,5.877213639788998,3.213922381311228,1.167388847023361,0.6375282592313489,1.7760926902788243,0.5145637721883353,0.33339521069240763,0.7420387831346735,16.263500574492532,0.40634970041241925,2.79414017617771,2.0631941784756798,1.076407506702413,2.655112983531214,1.4519341248563769,0.527384144006128,0.2880122558406741,0.8023745691306012,4.857334354653389,2.0631941784756798,0.6878590578322481,2.12562236690923,0.7987361164304865,5.737839908081194,0.43761088113542285,0.7420387831346735,16.263500574492532,0.40634970041241925,rookie_tier,Zack Austin,G,,undrafted,2026,1610612739,SG,heuristic,,False,True,False,False,False,False,-2.786809915928157,-1.562322239063783,-1.8535763062265647,-1.6664327900636655,-2.4073786438649445,-1.1202793643177402,-0.22474515500770856,-0.13482327653520332,2.1599210575869847,-9.596446633420781,497
1642937,0,,61.0,G,6.184956669178598,4.56697437829691,2.38267709118312,5.877213639788998,3.213922381311228,1.167388847023361,0.6375282592313489,1.7760926902788243,0.5145637721883353,0.33339521069240763,0.7420387831346735,16.263500574492532,0.40634970041241925,2.79414017617771,2.0631941784756798,1.076407506702413,2.655112983531214,1.4519341248563769,0.527384144006128,0.2880122558406741,0.8023745691306012,4.857334354653389,2.0631941784756798,0.6878590578322481,2.12562236690923,0.7987361164304865,5.737839908081194,0.43761088113542285,0.7420387831346735,16.263500574492532,0.40634970041241925,rookie_tier,Kobe Johnson,G,,undrafted,2026,1610612737,SG,heuristic,,False,True,False,False,False,False,-2.786809915928157,-1.562322239063783,-1.8535763062265647,-1.6664327900636655,-2.4073786438649445,-1.1202793643177402,-0.22474515500770856,-0.13482327653520332,2.1599210575869847,-9.596446633420781,498
1642926,0,,61.0,G,6.184956669178598,4.56697437829691,2.38267709118312,5.877213639788998,3.213922381311228,1.167388847023361,0.6375282592313489,1.7760926902788243,0.5145637721883353,0.33339521069240763,0.7420387831346735,16.263500574492532,0.40634970041241925,2.79414017617771,2.0631941784756798,1.076407506702413,2.655112983531214,1.4519341248563769,0.527384144006128,0.2880122558406741,0.8023745691306012,4.857334354653389,2.0631941784756798,0.6878590578322481,2.12562236690923,0.7987361164304865,5.737839908081194,0.43761088113542285,0.7420387831346735,16.263500574492532,0.40634970041241925,rookie_tier,Tamar Bates,G,,undrafted,2026,1610612762,SG,heuristic,,False,True,False,False,False,False,-2.786809915928157,-1.562322239063783,-1.8535763062265647,-1.6664327900636655,-2.4073786438649445,-1.1202793643177402,-0.22474515500770856,-0.13482327653520332,2.1599210575869847,-9.596446633420781,499
1643724,0,,61.0,G,6.184956669178598,4.56697437829691,2.38267709118312,5.877213639788998,3.213922381311228,1.167388847023361,0.6375282592313489,1.7760926902788243,0.5145637721883353,0.33339521069240763,0.7420387831346735,16.263500574492532,0.40634970041241925,2.79414017617771,2.0631941784756798,1.076407506702413,2.655112983531214,1.4519341248563769,0.527384144006128,0.2880122558406741,0.8023745691306012,4.857334354653389,2.0631941784756798,0.6878590578322481,2.12562236690923,0.7987361164304865,5.737839908081194,0.43761088113542285,0.7420387831346735,16.263500574492532,0.40634970041241925,rookie_tier,Isaac McKneely,G,,undrafted,2026,1610612737,SG,heuristic,,False,True,False,False,False,False,-2.786809915928157,-1.562322239063783,-1.8535763062265647,-1.6664327900636655,-2.4073786438649445,-1.1202793643177402,-0.22474515500770856,-0.13482327653520332,2.1599210575869847,-9.596446633420781,500
1643754,0,,61.0,F,6.184956669178598,4.56697437829691,2.38267709118312,5.877213639788998,3.213922381311228,1.167388847023361,0.6375282592313489,1.7760926902788243,0.5145637721883353,0.33339521069240763,0.7420387831346735,16.263500574492532,0.40634970041241925,2.79414017617771,2.0631941784756798,1.076407506702413,2.655112983531214,1.4519341248563769,0.527384144006128,0.2880122558406741,0.8023745691306012,4.857334354653389,2.0631941784756798,0.6878590578322481,2.12562236690923,0.7987361164304865,5.737839908081194,0.43761088113542285,0.7420387831346735,16.263500574492532,0.40634970041241925,rookie_tier,Christoph Tilly,,,undrafted,2026,1610612760,SF/PF,heuristic,,False,False,True,True,False,False,-2.786809915928157,-1.562322239063783,-1.8535763062265647,-1.6664327900636655,-2.4073786438649445,-1.1202793643177402,-0.22474515500770856,-0.13482327653520332,2.1599210575869847,-9.596446633420781,501
1643723,0,,61.0,F,6.184956669178598,4.56697437829691,2.38267709118312,5.877213639788998,3.213922381311228,1.167388847023361,0.6375282592313489,1.7760926902788243,0.5145637721883353,0.33339521069240763,0.7420387831346735,16.263500574492532,0.40634970041241925,2.79414017617771,2.0631941784756798,1.076407506702413,2.655112983531214,1.4519341248563769,0.527384144006128,0.2880122558406741,0.8023745691306012,4.857334354653389,2.0631941784756798,0.6878590578322481,2.12562236690923,0.7987361164304865,5.737839908081194,0.43761088113542285,0.7420387831346735,16.263500574492532,0.40634970041241925,rookie_tier,Cameron Corhen,F,,undrafted,2026,1610612737,SF/PF,heuristic,,False,False,True,True,False,False,-2.786809915928157,-1.562322239063783,-1.8535763062265647,-1.6664327900636655,-2.4073786438649445,-1.1202793643177402,-0.22474515500770856,-0.13482327653520332,2.1599210575869847,-9.596446633420781,502
1643813,0,,61.0,G,6.184956669178598,4.56697437829691,2.38267709118312,5.877213639788998,3.213922381311228,1.167388847023361,0.6375282592313489,1.7760926902788243,0.5145637721883353,0.33339521069240763,0.7420387831346735,16.263500574492532,0.40634970041241925,2.79414017617771,2.0631941784756798,1.076407506702413,2.655112983531214,1.4519341248563769,0.527384144006128,0.2880122558406741,0.8023745691306012,4.857334354653389,2.0631941784756798,0.6878590578322481,2.12562236690923,0.7987361164304865,5.737839908081194,0.43761088113542285,0.7420387831346735,16.263500574492532,0.40634970041241925,rookie_tier,Alpha Diallo,G,,undrafted,2026,1610612743,SG,heuristic,,False,True,False,False,False,False,-2.786809915928157,-1.562322239063783,-1.8535763062265647,-1.6664327900636655,-2.4073786438649445,-1.1202793643177402,-0.22474515500770856,-0.13482327653520332,2.1599210575869847,-9.596446633420781,503
1643621,0,,61.0,G,6.184956669178598,4.56697437829691,2.38267709118312,5.877213639788998,3.213922381311228,1.167388847023361,0.6375282592313489,1.7760926902788243,0.5145637721883353,0.33339521069240763,0.7420387831346735,16.263500574492532,0.40634970041241925,2.79414017617771,2.0631941784756798,1.076407506702413,2.655112983531214,1.4519341248563769,0.527384144006128,0.2880122558406741,0.8023745691306012,4.857334354653389,2.0631941784756798,0.6878590578322481,2.12562236690923,0.7987361164304865,5.737839908081194,0.43761088113542285,0.7420387831346735,16.263500574492532,0.40634970041241925,rookie_tier,Tre Donaldson,G,,undrafted,2026,1610612748,SG,heuristic,,False,True,False,False,False,False,-2.786809915928157,-1.562322239063783,-1.8535763062265647,-1.6664327900636655,-2.4073786438649445,-1.1202793643177402,-0.22474515500770856,-0.13482327653520332,2.1599210575869847,-9.596446633420781,504
1643769,0,,61.0,F,6.184956669178598,4.56697437829691,2.38267709118312,5.877213639788998,3.213922381311228,1.167388847023361,0.6375282592313489,1.7760926902788243,0.5145637721883353,0.33339521069240763,0.7420387831346735,16.263500574492532,0.40634970041241925,2.79414017617771,2.0631941784756798,1.076407506702413,2.655112983531214,1.4519341248563769,0.527384144006128,0.2880122558406741,0.8023745691306012,4.857334354653389,2.0631941784756798,0.6878590578322481,2.12562236690923,0.7987361164304865,5.737839908081194,0.43761088113542285,0.7420387831346735,16.263500574492532,0.40634970041241925,rookie_tier,Wyatt Fricks,,,undrafted,2026,1610612766,SF/PF,heuristic,,False,False,True,True,False,False,-2.786809915928157,-1.562322239063783,-1.8535763062265647,-1.6664327900636655,-2.4073786438649445,-1.1202793643177402,-0.22474515500770856,-0.13482327653520332,2.1599210575869847,-9.596446633420781,505
1643772,0,,61.0,F,6.184956669178598,4.56697437829691,2.38267709118312,5.877213639788998,3.213922381311228,1.167388847023361,0.6375282592313489,1.7760926902788243,0.5145637721883353,0.33339521069240763,0.7420387831346735,16.263500574492532,0.40634970041241925,2.79414017617771,2.0631941784756798,1.076407506702413,2.655112983531214,1.4519341248563769,0.527384144006128,0.2880122558406741,0.8023745691306012,4.857334354653389,2.0631941784756798,0.6878590578322481,2.12562236690923,0.7987361164304865,5.737839908081194,0.43761088113542285,0.7420387831346735,16.263500574492532,0.40634970041241925,rookie_tier,Rashaun Agee,,,undrafted,2026,1610612739,SF/PF,heuristic,,False,False,True,True,False,False,-2.786809915928157,-1.562322239063783,-1.8535763062265647,-1.6664327900636655,-2.4073786438649445,-1.1202793643177402,-0.22474515500770856,-0.13482327653520332,2.1599210575869847,-9.596446633420781,506
1643738,0,,61.0,F,6.184956669178598,4.56697437829691,2.38267709118312,5.877213639788998,3.213922381311228,1.167388847023361,0.6375282592313489,1.7760926902788243,0.5145637721883353,0.33339521069240763,0.7420387831346735,16.263500574492532,0.40634970041241925,2.79414017617771,2.0631941784756798,1.076407506702413,2.655112983531214,1.4519341248563769,0.527384144006128,0.2880122558406741,0.8023745691306012,4.857334354653389,2.0631941784756798,0.6878590578322481,2.12562236690923,0.7987361164304865,5.737839908081194,0.43761088113542285,0.7420387831346735,16.263500574492532,0.40634970041241925,rookie_tier,Malik Dia,F,,undrafted,2026,1610612740,SF/PF,heuristic,,False,False,True,True,False,False,-2.786809915928157,-1.562322239063783,-1.8535763062265647,-1.6664327900636655,-2.4073786438649445,-1.1202793643177402,-0.22474515500770856,-0.13482327653520332,2.1599210575869847,-9.596446633420781,507
1643727,0,,61.0,F,6.184956669178598,4.56697437829691,2.38267709118312,5.877213639788998,3.213922381311228,1.167388847023361,0.6375282592313489,1.7760926902788243,0.5145637721883353,0.33339521069240763,0.7420387831346735,16.263500574492532,0.40634970041241925,2.79414017617771,2.0631941784756798,1.076407506702413,2.655112983531214,1.4519341248563769,0.527384144006128,0.2880122558406741,0.8023745691306012,4.857334354653389,2.0631941784756798,0.6878590578322481,2.12562236690923,0.7987361164304865,5.737839908081194,0.43761088113542285,0.7420387831346735,16.263500574492532,0.40634970041241925,rookie_tier,J'Vonne Hadley,F,,undrafted,2026,1610612748,SF/PF,heuristic,,False,False,True,True,False,False,-2.786809915928157,-1.562322239063783,-1.8535763062265647,-1.6664327900636655,-2.4073786438649445,-1.1202793643177402,-0.22474515500770856,-0.13482327653520332,2.1599210575869847,-9.596446633420781,508
1643591,0,,61.0,F,6.184956669178598,4.56697437829691,2.38267709118312,5.877213639788998,3.213922381311228,1.167388847023361,0.6375282592313489,1.7760926902788243,0.5145637721883353,0.33339521069240763,0.7420387831346735,16.263500574492532,0.40634970041241925,2.79414017617771,2.0631941784756798,1.076407506702413,2.655112983531214,1.4519341248563769,0.527384144006128,0.2880122558406741,0.8023745691306012,4.857334354653389,2.0631941784756798,0.6878590578322481,2.12562236690923,0.7987361164304865,5.737839908081194,0.43761088113542285,0.7420387831346735,16.263500574492532,0.40634970041241925,rookie_tier,Tobe Awaka,F,,undrafted,2026,1610612741,SF/PF,heuristic,,False,False,True,True,False,False,-2.786809915928157,-1.562322239063783,-1.8535763062265647,-1.6664327900636655,-2.4073786438649445,-1.1202793643177402,-0.22474515500770856,-0.13482327653520332,2.1599210575869847,-9.596446633420781,509
1643595,0,,61.0,G,6.184956669178598,4.56697437829691,2.38267709118312,5.877213639788998,3.213922381311228,1.167388847023361,0.6375282592313489,1.7760926902788243,0.5145637721883353,0.33339521069240763,0.7420387831346735,16.263500574492532,0.40634970041241925,2.79414017617771,2.0631941784756798,1.076407506702413,2.655112983531214,1.4519341248563769,0.527384144006128,0.2880122558406741,0.8023745691306012,4.857334354653389,2.0631941784756798,0.6878590578322481,2.12562236690923,0.7987361164304865,5.737839908081194,0.43761088113542285,0.7420387831346735,16.263500574492532,0.40634970041241925,rookie_tier,Quadir Copeland,G,,undrafted,2026,1610612745,SG,heuristic,,False,True,False,False,False,False,-2.786809915928157,-1.562322239063783,-1.8535763062265647,-1.6664327900636655,-2.4073786438649445,-1.1202793643177402,-0.22474515500770856,-0.13482327653520332,2.1599210575869847,-9.596446633420781,510
1643867,0,,61.0,F,6.184956669178598,4.56697437829691,2.38267709118312,5.877213639788998,3.213922381311228,1.167388847023361,0.6375282592313489,1.7760926902788243,0.5145637721883353,0.33339521069240763,0.7420387831346735,16.263500574492532,0.40634970041241925,2.79414017617771,2.0631941784756798,1.076407506702413,2.655112983531214,1.4519341248563769,0.527384144006128,0.2880122558406741,0.8023745691306012,4.857334354653389,2.0631941784756798,0.6878590578322481,2.12562236690923,0.7987361164304865,5.737839908081194,0.43761088113542285,0.7420387831346735,16.263500574492532,0.40634970041241925,rookie_tier,Ian Schieffelin,F,,undrafted,2026,1610612748,SF/PF,heuristic,,False,False,True,True,False,False,-2.786809915928157,-1.562322239063783,-1.8535763062265647,-1.6664327900636655,-2.4073786438649445,-1.1202793643177402,-0.22474515500770856,-0.13482327653520332,2.1599210575869847,-9.596446633420781,511
1643808,0,,61.0,F,6.184956669178598,4.56697437829691,2.38267709118312,5.877213639788998,3.213922381311228,1.167388847023361,0.6375282592313489,1.7760926902788243,0.5145637721883353,0.33339521069240763,0.7420387831346735,16.263500574492532,0.40634970041241925,2.79414017617771,2.0631941784756798,1.076407506702413,2.655112983531214,1.4519341248563769,0.527384144006128,0.2880122558406741,0.8023745691306012,4.857334354653389,2.0631941784756798,0.6878590578322481,2.12562236690923,0.7987361164304865,5.737839908081194,0.43761088113542285,0.7420387831346735,16.263500574492532,0.40634970041241925,rookie_tier,Andrew Holifield,,,undrafted,2026,1610612760,SF/PF,heuristic,,False,False,True,True,False,False,-2.786809915928157,-1.562322239063783,-1.8535763062265647,-1.6664327900636655,-2.4073786438649445,-1.1202793643177402,-0.22474515500770856,-0.13482327653520332,2.1599210575869847,-9.596446633420781,512
1641863,0,,61.0,G,6.184956669178598,4.56697437829691,2.38267709118312,5.877213639788998,3.213922381311228,1.167388847023361,0.6375282592313489,1.7760926902788243,0.5145637721883353,0.33339521069240763,0.7420387831346735,16.263500574492532,0.40634970041241925,2.79414017617771,2.0631941784756798,1.076407506702413,2.655112983531214,1.4519341248563769,0.527384144006128,0.2880122558406741,0.8023745691306012,4.857334354653389,2.0631941784756798,0.6878590578322481,2.12562236690923,0.7987361164304865,5.737839908081194,0.43761088113542285,0.7420387831346735,16.263500574492532,0.40634970041241925,rookie_tier,Dane Goodwin,G,,undrafted,2026,1610612743,SG,heuristic,,False,True,False,False,False,False,-2.786809915928157,-1.562322239063783,-1.8535763062265647,-1.6664327900636655,-2.4073786438649445,-1.1202793643177402,-0.22474515500770856,-0.13482327653520332,2.1599210575869847,-9.596446633420781,513
1641935,0,,61.0,G,6.184956669178598,4.56697437829691,2.38267709118312,5.877213639788998,3.213922381311228,1.167388847023361,0.6375282592313489,1.7760926902788243,0.5145637721883353,0.33339521069240763,0.7420387831346735,16.263500574492532,0.40634970041241925,2.79414017617771,2.0631941784756798,1.076407506702413,2.655112983531214,1.4519341248563769,0.527384144006128,0.2880122558406741,0.8023745691306012,4.857334354653389,2.0631941784756798,0.6878590578322481,2.12562236690923,0.7987361164304865,5.737839908081194,0.43761088113542285,0.7420387831346735,16.263500574492532,0.40634970041241925,rookie_tier,Jarkel Joiner,G,,undrafted,2026,1610612766,SG,heuristic,,False,True,False,False,False,False,-2.786809915928157,-1.562322239063783,-1.8535763062265647,-1.6664327900636655,-2.4073786438649445,-1.1202793643177402,-0.22474515500770856,-0.13482327653520332,2.1599210575869847,-9.596446633420781,514
1642392,0,,61.0,G,6.184956669178598,4.56697437829691,2.38267709118312,5.877213639788998,3.213922381311228,1.167388847023361,0.6375282592313489,1.7760926902788243,0.5145637721883353,0.33339521069240763,0.7420387831346735,16.263500574492532,0.40634970041241925,2.79414017617771,2.0631941784756798,1.076407506702413,2.655112983531214,1.4519341248563769,0.527384144006128,0.2880122558406741,0.8023745691306012,4.857334354653389,2.0631941784756798,0.6878590578322481,2.12562236690923,0.7987361164304865,5.737839908081194,0.43761088113542285,0.7420387831346735,16.263500574492532,0.40634970041241925,rookie_tier,Jameer Nelson Jr.,G,,undrafted,2026,1610612755,SG,heuristic,,False,True,False,False,False,False,-2.786809915928157,-1.562322239063783,-1.8535763062265647,-1.6664327900636655,-2.4073786438649445,-1.1202793643177402,-0.22474515500770856,-0.13482327653520332,2.1599210575869847,-9.596446633420781,515
1642369,0,,61.0,G,6.184956669178598,4.56697437829691,2.38267709118312,5.877213639788998,3.213922381311228,1.167388847023361,0.6375282592313489,1.7760926902788243,0.5145637721883353,0.33339521069240763,0.7420387831346735,16.263500574492532,0.40634970041241925,2.79414017617771,2.0631941784756798,1.076407506702413,2.655112983531214,1.4519341248563769,0.527384144006128,0.2880122558406741,0.8023745691306012,4.857334354653389,2.0631941784756798,0.6878590578322481,2.12562236690923,0.7987361164304865,5.737839908081194,0.43761088113542285,0.7420387831346735,16.263500574492532,0.40634970041241925,rookie_tier,Michael Ajayi,G,,undrafted,2026,1610612766,SG,heuristic,,False,True,False,False,False,False,-2.786809915928157,-1.562322239063783,-1.8535763062265647,-1.6664327900636655,-2.4073786438649445,-1.1202793643177402,-0.22474515500770856,-0.13482327653520332,2.1599210575869847,-9.596446633420781,516
1641917,0,,61.0,F,6.184956669178598,4.56697437829691,2.38267709118312,5.877213639788998,3.213922381311228,1.167388847023361,0.6375282592313489,1.7760926902788243,0.5145637721883353,0.33339521069240763,0.7420387831346735,16.263500574492532,0.40634970041241925,2.79414017617771,2.0631941784756798,1.076407506702413,2.655112983531214,1.4519341248563769,0.527384144006128,0.2880122558406741,0.8023745691306012,4.857334354653389,2.0631941784756798,0.6878590578322481,2.12562236690923,0.7987361164304865,5.737839908081194,0.43761088113542285,0.7420387831346735,16.263500574492532,0.40634970041241925,rookie_tier,Taylor Funk,F,,undrafted,2026,1610612762,SF/PF,heuristic,,False,False,True,True,False,False,-2.786809915928157,-1.562322239063783,-1.8535763062265647,-1.6664327900636655,-2.4073786438649445,-1.1202793643177402,-0.22474515500770856,-0.13482327653520332,2.1599210575869847,-9.596446633420781,517
1643620,0,,61.0,F,6.184956669178598,4.56697437829691,2.38267709118312,5.877213639788998,3.213922381311228,1.167388847023361,0.6375282592313489,1.7760926902788243,0.5145637721883353,0.33339521069240763,0.7420387831346735,16.263500574492532,0.40634970041241925,2.79414017617771,2.0631941784756798,1.076407506702413,2.655112983531214,1.4519341248563769,0.527384144006128,0.2880122558406741,0.8023745691306012,4.857334354653389,2.0631941784756798,0.6878590578322481,2.12562236690923,0.7987361164304865,5.737839908081194,0.43761088113542285,0.7420387831346735,16.263500574492532,0.40634970041241925,rookie_tier,Tucker DeVries,,,undrafted,2026,1610612738,SF/PF,heuristic,,False,False,True,True,False,False,-2.786809915928157,-1.562322239063783,-1.8535763062265647,-1.6664327900636655,-2.4073786438649445,-1.1202793643177402,-0.22474515500770856,-0.13482327653520332,2.1599210575869847,-9.596446633420781,518
1642440,0,,61.0,F,6.184956669178598,4.56697437829691,2.38267709118312,5.877213639788998,3.213922381311228,1.167388847023361,0.6375282592313489,1.7760926902788243,0.5145637721883353,0.33339521069240763,0.7420387831346735,16.263500574492532,0.40634970041241925,2.79414017617771,2.0631941784756798,1.076407506702413,2.655112983531214,1.4519341248563769,0.527384144006128,0.2880122558406741,0.8023745691306012,4.857334354653389,2.0631941784756798,0.6878590578322481,2.12562236690923,0.7987361164304865,5.737839908081194,0.43761088113542285,0.7420387831346735,16.263500574492532,0.40634970041241925,rookie_tier,Gabe McGlothan,F,,undrafted,2026,1610612738,SF/PF,heuristic,,False,False,True,True,False,False,-2.786809915928157,-1.562322239063783,-1.8535763062265647,-1.6664327900636655,-2.4073786438649445,-1.1202793643177402,-0.22474515500770856,-0.13482327653520332,2.1599210575869847,-9.596446633420781,519
1642578,0,,61.0,F,6.184956669178598,4.56697437829691,2.38267709118312,5.877213639788998,3.213922381311228,1.167388847023361,0.6375282592313489,1.7760926902788243,0.5145637721883353,0.33339521069240763,0.7420387831346735,16.263500574492532,0.40634970041241925,2.79414017617771,2.0631941784756798,1.076407506702413,2.655112983531214,1.4519341248563769,0.527384144006128,0.2880122558406741,0.8023745691306012,4.857334354653389,2.0631941784756798,0.6878590578322481,2.12562236690923,0.7987361164304865,5.737839908081194,0.43761088113542285,0.7420387831346735,16.263500574492532,0.40634970041241925,rookie_tier,John Ukomadu,F,,undrafted,2026,1610612765,SF/PF,heuristic,,False,False,True,True,False,False,-2.786809915928157,-1.562322239063783,-1.8535763062265647,-1.6664327900636655,-2.4073786438649445,-1.1202793643177402,-0.22474515500770856,-0.13482327653520332,2.1599210575869847,-9.596446633420781,520
1642850,1,,15.0,C,6.184956669178598,4.56697437829691,2.38267709118312,5.877213639788998,3.213922381311228,1.167388847023361,0.6375282592313489,1.7760926902788243,0.5145637721883353,0.33339521069240763,0.7420387831346735,16.263500574492532,0.40634970041241925,2.79414017617771,2.0631941784756798,1.076407506702413,2.655112983531214,1.4519341248563769,0.527384144006128,0.2880122558406741,0.8023745691306012,4.857334354653389,2.0631941784756798,0.6878590578322481,2.12562236690923,0.7987361164304865,5.737839908081194,0.43761088113542285,0.7420387831346735,16.263500574492532,0.40634970041241925,rookie_tier,Thomas Sorber,C,,15-30,2026,1610612760,C,heuristic,,False,False,False,False,True,True,-2.786809915928157,-1.562322239063783,-1.8535763062265647,-1.6664327900636655,-2.4073786438649445,-1.1202793643177402,-0.22474515500770856,-0.13482327653520332,2.1599210575869847,-9.596446633420781,521
1641868,0,,61.0,C,6.184956669178598,4.56697437829691,2.38267709118312,5.877213639788998,3.213922381311228,1.167388847023361,0.6375282592313489,1.7760926902788243,0.5145637721883353,0.33339521069240763,0.7420387831346735,16.263500574492532,0.40634970041241925,2.79414017617771,2.0631941784756798,1.076407506702413,2.655112983531214,1.4519341248563769,0.527384144006128,0.2880122558406741,0.8023745691306012,4.857334354653389,2.0631941784756798,0.6878590578322481,2.12562236690923,0.7987361164304865,5.737839908081194,0.43761088113542285,0.7420387831346735,16.263500574492532,0.40634970041241925,rookie_tier,Jake Stephens,C,,undrafted,2026,1610612749,C,heuristic,,False,False,False,False,True,True,-2.786809915928157,-1.562322239063783,-1.8535763062265647,-1.6664327900636655,-2.4073786438649445,-1.1202793643177402,-0.22474515500770856,-0.13482327653520332,2.1599210575869847,-9.596446633420781,522
1626209,11,,5.0,F,6.184956669178598,4.56697437829691,2.38267709118312,5.877213639788998,3.213922381311228,1.167388847023361,0.6375282592313489,1.7760926902788243,0.5145637721883353,0.33339521069240763,0.7420387831346735,16.263500574492532,0.40634970041241925,2.79414017617771,2.0631941784756798,1.076407506702413,2.655112983531214,1.4519341248563769,0.527384144006128,0.2880122558406741,0.8023745691306012,4.857334354653389,2.0631941784756798,0.6878590578322481,2.12562236690923,0.7987361164304865,5.737839908081194,0.43761088113542285,0.7420387831346735,16.263500574492532,0.40634970041241925,rookie_tier,Mario Hezonja,F,G,1-5,2026,1610612739,SG/SF,heuristic,,False,True,True,False,False,False,-2.786809915928157,-1.562322239063783,-1.8535763062265647,-1.6664327900636655,-2.4073786438649445,-1.1202793643177402,-0.22474515500770856,-0.13482327653520332,2.1599210575869847,-9.596446633420781,523
1629605,7,,61.0,C,6.184956669178598,4.56697437829691,2.38267709118312,5.877213639788998,3.213922381311228,1.167388847023361,0.6375282592313489,1.7760926902788243,0.5145637721883353,0.33339521069240763,0.7420387831346735,16.263500574492532,0.40634970041241925,2.79414017617771,2.0631941784756798,1.076407506702413,2.655112983531214,1.4519341248563769,0.527384144006128,0.2880122558406741,0.8023745691306012,4.857334354653389,2.0631941784756798,0.6878590578322481,2.12562236690923,0.7987361164304865,5.737839908081194,0.43761088113542285,0.7420387831346735,16.263500574492532,0.40634970041241925,rookie_tier,Tacko Fall,C,,undrafted,2026,1610612755,C,heuristic,,False,False,False,False,True,True,-2.786809915928157,-1.562322239063783,-1.8535763062265647,-1.6664327900636655,-2.4073786438649445,-1.1202793643177402,-0.22474515500770856,-0.13482327653520332,2.1599210575869847,-9.596446633420781,524
1631399,0,,61.0,G,6.184956669178598,4.56697437829691,2.38267709118312,5.877213639788998,3.213922381311228,1.167388847023361,0.6375282592313489,1.7760926902788243,0.5145637721883353,0.33339521069240763,0.7420387831346735,16.263500574492532,0.40634970041241925,2.79414017617771,2.0631941784756798,1.076407506702413,2.655112983531214,1.4519341248563769,0.527384144006128,0.2880122558406741,0.8023745691306012,4.857334354653389,2.0631941784756798,0.6878590578322481,2.12562236690923,0.7987361164304865,5.737839908081194,0.43761088113542285,0.7420387831346735,16.263500574492532,0.40634970041241925,rookie_tier,Jon Elmore,G,,undrafted,2026,1610612759,SG,heuristic,,False,True,False,False,False,False,-2.786809915928157,-1.562322239063783,-1.8535763062265647,-1.6664327900636655,-2.4073786438649445,-1.1202793643177402,-0.22474515500770856,-0.13482327653520332,2.1599210575869847,-9.596446633420781,525
1629015,8,,16.0,G,6.184956669178598,4.56697437829691,2.38267709118312,5.877213639788998,3.213922381311228,1.167388847023361,0.6375282592313489,1.7760926902788243,0.5145637721883353,0.33339521069240763,0.7420387831346735,16.263500574492532,0.40634970041241925,2.79414017617771,2.0631941784756798,1.076407506702413,2.655112983531214,1.4519341248563769,0.527384144006128,0.2880122558406741,0.8023745691306012,4.857334354653389,2.0631941784756798,0.6878590578322481,2.12562236690923,0.7987361164304865,5.737839908081194,0.43761088113542285,0.7420387831346735,16.263500574492532,0.40634970041241925,rookie_tier,Zhaire Smith,G,,15-30,2026,1610612760,SG,heuristic,,False,True,False,False,False,False,-2.786809915928157,-1.562322239063783,-1.8535763062265647,-1.6664327900636655,-2.4073786438649445,-1.1202793643177402,-0.22474515500770856,-0.13482327653520332,2.1599210575869847,-9.596446633420781,526
1641746,0,,61.0,F,6.184956669178598,4.56697437829691,2.38267709118312,5.877213639788998,3.213922381311228,1.167388847023361,0.6375282592313489,1.7760926902788243,0.5145637721883353,0.33339521069240763,0.7420387831346735,16.263500574492532,0.40634970041241925,2.79414017617771,2.0631941784756798,1.076407506702413,2.655112983531214,1.4519341248563769,0.527384144006128,0.2880122558406741,0.8023745691306012,4.857334354653389,2.0631941784756798,0.6878590578322481,2.12562236690923,0.7987361164304865,5.737839908081194,0.43761088113542285,0.7420387831346735,16.263500574492532,0.40634970041241925,rookie_tier,Coleman Hawkins,F,,undrafted,2026,1610612743,SF/PF,heuristic,,False,False,True,True,False,False,-2.786809915928157,-1.562322239063783,-1.8535763062265647,-1.6664327900636655,-2.4073786438649445,-1.1202793643177402,-0.22474515500770856,-0.13482327653520332,2.1599210575869847,-9.596446633420781,527
1641751,0,,61.0,F,6.184956669178598,4.56697437829691,2.38267709118312,5.877213639788998,3.213922381311228,1.167388847023361,0.6375282592313489,1.7760926902788243,0.5145637721883353,0.33339521069240763,0.7420387831346735,16.263500574492532,0.40634970041241925,2.79414017617771,2.0631941784756798,1.076407506702413,2.655112983531214,1.4519341248563769,0.527384144006128,0.2880122558406741,0.8023745691306012,4.857334354653389,2.0631941784756798,0.6878590578322481,2.12562236690923,0.7987361164304865,5.737839908081194,0.43761088113542285,0.7420387831346735,16.263500574492532,0.40634970041241925,rookie_tier,Arthur Kaluma,F,,undrafted,2026,1610612747,SF/PF,heuristic,,False,False,True,True,False,False,-2.786809915928157,-1.562322239063783,-1.8535763062265647,-1.6664327900636655,-2.4073786438649445,-1.1202793643177402,-0.22474515500770856,-0.13482327653520332,2.1599210575869847,-9.596446633420781,528
1642927,0,,61.0,C,6.184956669178598,4.56697437829691,2.38267709118312,5.877213639788998,3.213922381311228,1.167388847023361,0.6375282592313489,1.7760926902788243,0.5145637721883353,0.33339521069240763,0.7420387831346735,16.263500574492532,0.40634970041241925,2.79414017617771,2.0631941784756798,1.076407506702413,2.655112983531214,1.4519341248563769,0.527384144006128,0.2880122558406741,0.8023745691306012,4.857334354653389,2.0631941784756798,0.6878590578322481,2.12562236690923,0.7987361164304865,5.737839908081194,0.43761088113542285,0.7420387831346735,16.263500574492532,0.40634970041241925,rookie_tier,Nate Bittle,C,,undrafted,2026,1610612761,C,heuristic,,False,False,False,False,True,True,-2.786809915928157,-1.562322239063783,-1.8535763062265647,-1.6664327900636655,-2.4073786438649445,-1.1202793643177402,-0.22474515500770856,-0.13482327653520332,2.1599210575869847,-9.596446633420781,529
1643120,0,,61.0,F,6.184956669178598,4.56697437829691,2.38267709118312,5.877213639788998,3.213922381311228,1.167388847023361,0.6375282592313489,1.7760926902788243,0.5145637721883353,0.33339521069240763,0.7420387831346735,16.263500574492532,0.40634970041241925,2.79414017617771,2.0631941784756798,1.076407506702413,2.655112983531214,1.4519341248563769,0.527384144006128,0.2880122558406741,0.8023745691306012,4.857334354653389,2.0631941784756798,0.6878590578322481,2.12562236690923,0.7987361164304865,5.737839908081194,0.43761088113542285,0.7420387831346735,16.263500574492532,0.40634970041241925,rookie_tier,Dain Dainja,F,,undrafted,2026,1610612751,SF/PF,heuristic,,False,False,True,True,False,False,-2.786809915928157,-1.562322239063783,-1.8535763062265647,-1.6664327900636655,-2.4073786438649445,-1.1202793643177402,-0.22474515500770856,-0.13482327653520332,2.1599210575869847,-9.596446633420781,530
1642615,0,,61.0,G,6.184956669178598,4.56697437829691,2.38267709118312,5.877213639788998,3.213922381311228,1.167388847023361,0.6375282592313489,1.7760926902788243,0.5145637721883353,0.33339521069240763,0.7420387831346735,16.263500574492532,0.40634970041241925,2.79414017617771,2.0631941784756798,1.076407506702413,2.655112983531214,1.4519341248563769,0.527384144006128,0.2880122558406741,0.8023745691306012,4.857334354653389,2.0631941784756798,0.6878590578322481,2.12562236690923,0.7987361164304865,5.737839908081194,0.43761088113542285,0.7420387831346735,16.263500574492532,0.40634970041241925,rookie_tier,Tyreke Key,G,,undrafted,2026,1610612761,SG,heuristic,,False,True,False,False,False,False,-2.786809915928157,-1.562322239063783,-1.8535763062265647,-1.6664327900636655,-2.4073786438649445,-1.1202793643177402,-0.22474515500770856,-0.13482327653520332,2.1599210575869847,-9.596446633420781,531
1642924,0,,61.0,G,6.184956669178598,4.56697437829691,2.38267709118312,5.877213639788998,3.213922381311228,1.167388847023361,0.6375282592313489,1.7760926902788243,0.5145637721883353,0.33339521069240763,0.7420387831346735,16.263500574492532,0.40634970041241925,2.79414017617771,2.0631941784756798,1.076407506702413,2.655112983531214,1.4519341248563769,0.527384144006128,0.2880122558406741,0.8023745691306012,4.857334354653389,2.0631941784756798,0.6878590578322481,2.12562236690923,0.7987361164304865,5.737839908081194,0.43761088113542285,0.7420387831346735,16.263500574492532,0.40634970041241925,rookie_tier,Brice Williams,G,F,undrafted,2026,1610612765,SG/SF,heuristic,,False,True,True,False,False,False,-2.786809915928157,-1.562322239063783,-1.8535763062265647,-1.6664327900636655,-2.4073786438649445,-1.1202793643177402,-0.22474515500770856,-0.13482327653520332,2.1599210575869847,-9.596446633420781,532
1641871,3,31.0,61.0,C,4.103337341859738,6.8193583616711075,1.5583116367680603,7.081385061474192,1.9538564849915838,0.9342456504534029,1.1281654144486595,1.3096840996720458,0.5930145440997291,0.35978181573721263,0.7574482139530159,12.694068922627842,0.4104778878274993,1.4468901952877786,2.404594584754209,0.5494809811129656,2.4969886121672387,0.6889552468168483,0.32942718548668826,0.3978058201982302,0.461811673002965,3.8514847800419876,2.404594584754209,0.8651294058147381,1.723156335335688,0.41620338774516663,4.727645464231281,0.4474005308978276,0.7574482139530159,12.694068922627842,0.4104778878274993,model,Duop Reath,C,,undrafted,2026,1610612756,C,heuristic,,False,False,False,False,True,True,-2.8972811320685414,-1.4436532931064783,-1.8863517561741552,-1.896978153350859,-2.766872027977359,-0.9677801808547335,-0.13986829600275394,-0.05049320966778183,2.435252568120475,-9.614025481082185,533
1642918,1,25.0,39.0,G,6.306498405061696,5.498313882064102,3.209150199577559,5.073075693866704,3.587328284724392,1.5015194204160884,0.6996623270283215,1.8830913246214709,0.5205548933765403,0.34101535686539364,0.8087279143800553,13.485201535570356,0.39405852478517583,2.3623444993336107,2.059607522373851,1.202112144422756,1.9003180038054421,1.3437734692711207,0.5624525553856596,0.2620857635228625,0.7053851672890188,4.421952021707462,2.059607522373851,0.702357794244968,1.9320877832142322,0.9721816474099514,5.538715008083384,0.43693096933878295,0.8087279143800553,13.485201535570356,0.39405852478517583,model,Alijah Martin,G,,31-60,2026,1610612761,PG/SG,heuristic,,True,True,False,False,False,False,-2.828907913875342,-1.5666248648501229,-2.054113358823825,-1.7118132735726979,-2.3740257104667633,-1.1656319374701967,-0.20148490230409685,0.026957303577980384,2.256918947982203,-9.61872570980286,534
1642955,1,25.0,61.0,G,6.591815869500133,4.661130060610638,2.7243132072996854,5.101828584321338,4.595872258988671,1.711095452594306,0.4836507385569928,1.7520478479879236,0.529628572205096,0.3553753886599503,0.8264570960796946,15.927533620011044,0.30213128441095655,2.9164269132884915,2.062230715211668,1.2053219500196073,2.2572096194530964,2.0333586088421716,0.7570425096734394,0.21398231663082432,0.7751611389637681,4.97865762850016,2.062230715211668,0.7328660419248337,2.2774890639503327,0.9961468786543195,6.283991048479819,0.4574504281862891,0.8264570960796946,15.927533620011044,0.30213128441095655,model,Kadary Richmond,G,,undrafted,2026,1610612739,PG/SG,heuristic,,True,True,False,False,False,False,-2.909149373766496,-1.6534989053582578,-2.094736770533385,-1.64815961035191,-2.341808510416255,-1.2929751845464361,-0.09386486911810953,0.05607468748698963,2.3452038267704727,-9.63291470983339,535
1631104,4,24.0,25.0,G,7.597266221871717,3.3721828407665324,3.513647526914759,3.777490238918058,6.1125091704206245,1.5305670423559632,0.4576041539183941,2.6242192476522654,0.5337553427708237,0.3141874835790531,0.6699791321884204,16.109256478065877,0.4369370975422248,3.3996197250077227,1.5089821742455793,1.5722846995719924,1.6903488639478152,2.735221609745431,0.684897140060748,0.2047684078027707,1.1742839143085395,4.908601899253302,1.5089821742455793,0.47410331209186674,2.2886685037038172,1.0533979385723748,6.104838258071876,0.46625669603639486,0.6699791321884204,16.109256478065877,0.4369370975422248,model,Blake Wesley,G,,15-30,2026,1610612746,PG,heuristic,,True,False,False,False,False,False,-2.691911541905574,-1.6758944634264323,-2.0603471888605243,-1.2122896798172165,-2.0211788299566074,-1.2111481998978737,-0.08484189591511272,-0.4828107962904974,1.782587141634912,-9.657835454434927,536
1642959,1,25.0,61.0,G,2.8674805742878235,8.537157780819063,2.04182057409026,5.208723153300845,2.9481358261395285,1.2001164864168516,0.5071541183905732,1.3024669400360367,0.5244376114118139,0.3585755556932816,0.8300371015370637,12.41750810711684,0.43316981091675644,0.989082313283864,2.9447284987515645,0.7042867647789934,1.7966489439955675,1.0169027922769223,0.41395711665460644,0.17493306601868436,0.44926093853192073,3.9338108120354285,2.9447284987515645,1.0559076578056852,1.5746196236739463,0.5845841448880714,4.78973105004165,0.4002784320121405,0.8300371015370637,12.41750810711684,0.43316981091675644,model,Chris Youngblood,G,,undrafted,2026,1610612757,SG,heuristic,,False,True,False,False,False,False,-2.8593701961652678,-1.2831302540844165,-2.0362403260400965,-1.7786324716691888,-2.5664355798861442,-1.2562984359112668,-0.3590454644872369,0.05295601711805232,2.425079440248257,-9.661117270877307,537
1629162,7,31.0,61.0,G,3.7092800911676207,5.574524481152156,1.2782404127022509,4.080411624199458,5.166644672974032,1.8371083267925914,0.3385598742489989,1.6964767903952844,0.5101833938394028,0.37206380935232014,0.8044108775720371,10.595020305395218,0.467721954903886,1.0916638301199768,1.6406166686313841,0.37619397577103086,1.200890111465665,1.5205751450256084,0.5406722229327261,0.09964024284056097,0.4992835011630485,2.732280498751361,1.6406166686313841,0.6104140874179059,1.1673628452002371,0.3026145261872886,3.2477543040056687,0.4272485367932452,0.8044108775720371,10.595020305395218,0.467721954903886,model,Jordan McLaughlin,G,,undrafted,2026,1610612759,PG/SG,heuristic,,True,True,False,False,False,False,-3.0163906427071794,-1.5529160950184413,-2.1678211267170044,-1.5754630575456468,-2.2319870992288253,-1.3524718603360366,-0.17986552582457038,0.005854052591522418,2.3465646871877928,-9.724496667598391,538
1642911,1,20.0,45.0,C,8.59450005181996,1.9225714765749111,3.8323342568595304,11.737415187309452,2.69485464149575,0.9558655201635412,1.902058306439546,1.8461916757672368,0.616576846688883,0.3224024554653221,0.7395330112721418,12.622306307649321,0.3079491769290568,3.0134003393105413,0.6740912798799491,1.343691579538295,4.115368048729862,0.9448689094319406,0.33514520512291013,0.6668989599691296,0.6473110231712906,3.6874916191904905,0.6740912798799491,0.21732868384105725,2.075321562864361,0.993704280036976,5.361676089606755,0.5628003470066064,0.7395330112721418,12.622306307649321,0.3079491769290568,model,Rocco Zikarsky,C,,31-60,2026,1610612750,C,heuristic,,False,False,False,False,True,True,-2.9790717174849033,-1.895993255541694,-1.7390993638610368,-1.8908460980879094,-2.912410300041328,-0.829049422083006,0.23946414567447857,-0.13322318870689748,2.41553204597514,-9.724697154157159,539
1626172,11,31.0,30.0,F,6.476349761444013,1.0498890647630543,2.2359929932613274,13.274198121626224,3.546930726795116,1.1858266925499736,0.9900258684748109,1.4797817973648788,0.5571471821546307,0.3265507292608853,0.664901085560968,13.694594320707129,0.3342545124061487,2.4636384072773376,0.39938346732435115,0.8505838040738196,5.049576616898992,1.3492715940863889,0.4510948746982719,0.3766111843268969,0.5629169832799682,2.8630218746016887,0.39938346732435115,0.13041896250950782,1.5030281589719987,0.5655540946892604,3.7020293751427658,0.5249796281005027,0.664901085560968,13.694594320707129,0.3342545124061487,model,Kevon Looney,F,,15-30,2026,1610612747,PF,heuristic,,False,False,False,True,False,False,-3.0959648232448607,-1.9326165443420318,-1.483607188989694,-1.7707459000042678,-2.696146392587049,-1.0911017596287,0.10791853195958888,-0.20771689218686912,2.438088850089394,-9.73189211893449,540
1641747,2,24.0,22.0,F,3.9822924252182466,6.665571659721416,2.7522938823761893,6.355482797288527,2.7517859895502457,0.8982522203037259,0.9265912209591142,1.8208578707606917,0.572412481842506,0.35352089629661554,0.7733817820709579,14.287417993753015,0.38938409859304185,1.580463234790264,2.645383568604275,1.0923103649766086,2.5223177576935516,1.0921087961682674,0.3564918037582236,0.36773878008846733,0.7226488196325864,4.225846803394539,2.645383568604275,0.9351983702213227,1.839875252908453,0.8447729366401879,5.459721812678417,0.4353861695673676,0.7733817820709579,14.287417993753015,0.38938409859304185,model,DaRon Holmes II,F,,15-30,2026,1610612743,SF/PF,heuristic,,False,False,True,True,False,False,-2.8449142447912172,-1.4294722512751747,-1.9123604301078714,-1.7900713212995933,-2.750553570292107,-1.034042000121258,-0.19685916434661402,-0.05811055961657979,2.250009654119145,-9.76637388773127,541
1642530,2,26.0,61.0,G,3.504910003033328,6.4747334341374,2.734106565147175,5.318663054108643,6.799385101643724,1.3684430853818927,0.2706163427246749,2.120362537739179,0.5233172311678722,0.35558119148593487,0.8333632539277395,15.721343919014402,0.3113401803669608,1.530608210080021,2.827541975055979,1.1939952672753857,2.3226814184165963,2.969318656132324,0.5976045660801647,0.1181792387244579,0.925970796910883,4.358150185136,2.827541975055979,1.0054207444668986,1.806414394968788,0.9950317811109365,5.613281315515412,0.41449108411403157,0.8333632539277395,15.721343919014402,0.3113401803669608,model,Yuki Kawamura,G,,undrafted,2026,1610612746,PG,heuristic,,True,False,False,False,False,False,-2.9518007814597707,-1.5097150673069777,-2.0697231481306586,-1.4154116599425381,-2.535774979500836,-1.3848133654272576,-0.235875937693393,0.07129764404517293,2.236081898874807,-9.795735396541453,542
1631199,4,27.0,61.0,G,3.524046046328037,8.133113405185226,1.200304534802891,5.46878789202093,2.6832277141452887,1.2571649825629225,0.7522520432378625,1.3367920675770963,0.5471887618501182,0.3458655139305551,0.8152577190620257,15.459599898956096,0.322421103650921,1.5133428306035988,3.4926299771388885,0.5154507740265366,2.3484797984138632,1.1522674138465752,0.5398685454833583,0.32304210032304376,0.5740630698011164,5.005972807742487,3.4926299771388885,1.2079802620124045,2.036064451745141,0.4202252223216299,5.7003343878243165,0.4067270298784009,0.8152577190620257,15.459599898956096,0.322421103650921,model,Ron Harper Jr.,G,F,undrafted,2026,1610612738,SG/SF,heuristic,,False,True,True,False,False,False,-2.9262952887869553,-1.3897193736085562,-2.0490323454275545,-1.8303986354925479,-2.590296003416416,-1.1627358310759415,-0.31308766259895265,0.015399486767921203,2.444277084338498,-9.801888569300505,543
1642358,2,22.0,23.0,G,7.889719236534443,4.988958777781727,2.7192524821354236,4.091418140880017,3.9882431312636424,0.9979677422059002,0.3369247778911674,2.054291825197258,0.48358985101385327,0.33728253047732887,0.8378095017132248,15.210952773077157,0.43570153969716546,3.333615186104549,2.1079671209907387,1.1489561412176323,1.7287324476621413,1.6851382754777953,0.42166778321523296,0.14235963568283497,0.8679926648664991,5.441582307095288,2.1079671209907387,0.710980484730766,2.3230829559165835,0.9626063721638941,6.319752768727827,0.42691313386687396,0.8378095017132248,15.210952773077157,0.43570153969716546,model,AJ Johnson,G,,15-30,2026,1610612740,PG/SG,heuristic,,True,True,False,False,False,False,-2.66758496788854,-1.5148202833072004,-2.0514553431526896,-1.55819350368916,-2.5463989296086877,-1.3016274242463266,-0.33575739086852313,0.10820004119124454,2.054733805594754,-9.812903995975129,544
1631216,4,24.0,32.0,G,2.2709143410160895,7.700362607092004,1.411480411469606,3.9450879474320253,2.0574948920254283,1.060778775300893,0.3785877661785084,1.209631247770934,0.5362469286117898,0.37338912797163454,0.8318939648873184,15.172115872186179,0.3944673552562843,0.9570715421584842,3.245299825906932,0.5948651209482746,1.6626480962334396,0.8671264141178052,0.44706273593391377,0.15955492934034604,0.5097962626054934,4.202371368065416,3.245299825906932,1.2117596720018866,1.7249863469461229,0.49486470403883437,5.156597069932967,0.4104792736916608,0.8318939648873184,15.172115872186179,0.3944673552562843,model,Caleb Houstan,G,,31-60,2026,1610612740,SG,heuristic,,False,True,False,False,False,False,-2.870858135235068,-1.2507774211795837,-2.1106022143820686,-1.8525098461570761,-2.5799010248929597,-1.2986177849147724,-0.30542314611881033,0.043117871093871885,2.4119833372229267,-9.813588364563541,545
1626204,11,34.0,27.0,F,4.366482449069132,4.422757041347484,1.0596425195898536,7.863564520825783,2.7832738323377155,1.5496112030778957,0.7183962975809776,1.4351466188508475,0.5613516148114133,0.3551458265571499,0.720315157961851,13.180751440006045,0.35339458190402023,1.5987088841202521,1.619312812264937,0.38796901849932214,2.8791024828181913,1.0190455714865692,0.5673622249005131,0.26302786205098555,0.5254530795288366,3.218021696385189,1.619312812264937,0.5750921871664139,1.47253000088067,0.2794599648446435,3.7996121537723972,0.4575885869678152,0.720315157961851,13.180751440006045,0.35339458190402023,model,Larry Nance Jr.,F,C,15-30,2026,1610612754,PF/C,heuristic,,False,False,False,True,True,True,-3.066200063917705,-1.6820454612731721,-1.8909081108623953,-1.838946855636746,-2.470111263070476,-1.1996697238123033,-0.07055739453898514,-0.058569573606508975,2.443062184879493,-9.833946261838797,546
1628396,9,29.0,28.0,C,8.115861091211867,0.9412059343589614,2.653588629829179,9.813483585191232,1.8517776913520492,0.7567591931111106,1.096026417043589,1.3928521129824365,0.5912455471630117,0.34430815074590176,0.7156809793860834,12.553949270392401,0.39497773044594964,2.8301696784618136,0.3282180986926301,0.9253615845379333,3.4221659748422018,0.6457534221466107,0.26389768111722134,0.3822072232937545,0.48571652132056586,3.1583877771544437,0.3282180986926301,0.11300816660219534,1.7863333867085152,0.6622636851083661,4.3479386251275915,0.5655839348257344,0.7156809793860834,12.553949270392401,0.39497773044594964,model,Tony Bradley,C,F,15-30,2026,1610612752,PF/C,heuristic,,False,False,False,True,True,True,-2.9603624356891842,-1.9309801197275,-1.687848288819478,-1.9177988211881907,-2.9077460711020664,-1.0084202713526433,0.2720759957096691,-0.16540867276259968,2.4306454672519044,-9.875843217680089,547
1642873,1,25.0,46.0,F,5.562840220407069,2.195723452333691,3.1883439015677433,8.786246657221946,2.6067262691066238,1.1007155655207168,1.4150640845569995,1.9448557166388636,0.5707961717540655,0.33124852502588087,0.7577567820709579,13.257676027877142,0.35346147914946807,2.0486203732500443,0.8086163938292227,1.1741675142345263,3.2357003245129743,0.9599758991436806,0.40535917684764555,0.5211239219928123,0.7162296392267468,2.857236767079267,0.8086163938292227,0.2678529877676768,1.4371976541961868,0.8897333971986102,4.031981693358661,0.5030026460373892,0.7577567820709579,13.257676027877142,0.35346147914946807,model,Amari Williams,F,C,31-60,2026,1610612738,PF/C,heuristic,,False,False,False,True,True,True,-3.0429211494721464,-1.8524379431869558,-1.81421165003704,-1.8545651163435761,-2.730248535229705,-0.8988549468143529,0.05631487589387383,-0.09220886025940712,2.3069564056991485,-9.922176919750163,548
1642359,2,21.0,25.0,F,5.122533282981238,6.703485577635905,2.9067782458528173,6.842447610898709,2.9120190076233503,1.097080011621301,0.7055264790286011,1.5295951169356317,0.5638648899373839,0.34145944616085794,0.7723906200083793,12.141630981121507,0.39220215483115034,1.7276641336241962,2.260868004747925,0.9803619112526831,2.3077353860885723,0.9821294500159549,0.37000946271862034,0.23795117099375657,0.5158827627877177,3.988532138372121,2.260868004747925,0.7719947367440304,1.7461638832988036,0.7572223444650596,5.021544847806697,0.4377961171478695,0.7723906200083793,12.141630981121507,0.39220215483115034,model,Pacôme Dadiet,F,,15-30,2026,1610612752,SF/PF,heuristic,,False,False,True,True,False,False,-2.889124743647388,-1.5258031479675362,-1.9591741610966305,-1.8201334328315049,-2.7218855467776453,-1.1984421929546762,-0.17736948140110242,-0.054619064926904694,2.4094972496863605,-9.937054521917029,549
1642260,2,21.0,12.0,G,7.834397184773424,4.4845221199410314,2.630290010852918,4.503475173066702,7.815287513149903,1.303757615406632,0.3719436796190736,3.28247820839386,0.5144590144460708,0.3429815507048725,0.7782222925858876,15.701814751326317,0.34082985149883643,3.417062591211798,1.9559759882094236,1.147231291463239,1.9642425806858494,3.408727687773153,0.5686489043818299,0.16222752098070445,1.4316906875962747,5.373038579421221,1.9559759882094236,0.6708636775775636,2.428802330552922,0.8928009657687904,6.421269304452198,0.4520351556482869,0.7782222925858876,15.701814751326317,0.34082985149883643,model,Nikola Topić,G,,6-14,2026,1610612760,PG,heuristic,,True,False,False,False,False,False,-2.827217571058334,-1.6421529692603667,-2.1023319986204325,-1.2372988208764353,-2.500524686981877,-1.3238291315957602,-0.14000007523242236,-0.04305873962568747,1.833273845964974,-9.98314014728634,550
1626168,11,31.0,12.0,F,3.631263152021593,6.168862454954937,1.9606652675223246,8.164295636167873,2.596327021108621,0.9887045115481506,0.5840376910760182,1.4537420654126603,0.538207480564249,0.35254340046393107,0.7283801465303678,15.333142252065471,0.33055147694009085,1.5466298462397428,2.627445709868052,0.8350877626556612,3.4773418438133157,1.1058292096538855,0.42110963668963064,0.248753694384346,0.6191787190773275,4.174075556107795,2.627445709868052,0.9262886450912503,1.758696398001414,0.6082613469288475,5.0519427880229255,0.42133794042802325,0.7283801465303678,15.333142252065471,0.33055147694009085,model,Trey Lyles,F,,6-14,2026,1610612750,SF/PF,heuristic,,False,False,True,True,False,False,-2.9737587626838584,-1.520453866720329,-1.8107211638243035,-1.8348879710335604,-2.748798046042111,-1.235033521531871,-0.2153478335971424,-0.10573014295187555,2.404776410632579,-10.039954897752475,551
1642855,1,20.0,12.0,F,7.4311462248639835,5.522363329093224,3.535464621794858,6.640039475114671,2.937313923757221,1.2586182296350623,0.9013148749444116,1.824324084534068,0.5686636513172998,0.33629376413386247,0.7699286810508261,15.060606524463376,0.26791532190728334,3.1088213699563303,2.310281699572186,1.479062265278141,2.7778617178223994,1.2288258123481979,0.5265431644736213,0.3770652412828805,0.7632063113963738,5.419103069528516,2.310281699572186,0.7769333289587077,2.5448070404913246,1.1387724590976462,7.0053198690390035,0.46959930598122634,0.7699286810508261,15.060606524463376,0.26791532190728334,model,Noa Essengue,F,,6-14,2026,1610612741,SF/PF,heuristic,,False,False,True,True,False,False,-2.9152970875114352,-1.6743264173307102,-2.056911061084638,-1.8621400157171444,-2.7402945207311764,-1.1730681020329674,-0.04484385839434376,-0.061631713355396994,2.4051713600079614,-10.123341416149852,552
1631120,4,24.0,53.0,G,5.454532675421511,5.658846759042237,2.751148888194907,5.389988824267838,5.130886511115598,1.2888123558071254,0.7077960808523762,1.905699813017524,0.5394632114363138,0.32987762435998813,0.7754853442152173,13.605700532529749,0.31954895912895714,2.061464947963427,2.138682621194589,1.039758552588391,2.037071494907509,1.9391473704620887,0.4870887487704424,0.2675017087271012,0.7202328044670658,4.200147569158016,2.138682621194589,0.7055035423396634,1.8175880434314071,0.8063175190547245,5.146997148257202,0.4327438532822242,0.7754853442152173,13.605700532529749,0.31954895912895714,model,JD Davison,G,,31-60,2026,1610612753,PG/SG,heuristic,,True,True,False,False,False,False,-2.980881794614926,-1.6471873355663482,-2.1135891898764143,-1.6441735378889604,-2.6740157436762817,-1.2243057785777334,-0.16976984155807553,-0.041567414569728595,2.3533757183570483,-10.14211491797142,553
1642939,1,24.0,61.0,G,4.1039155033550525,7.341608213092709,1.795601334485739,5.748525723392946,3.663092875830916,1.2983937419974443,0.4305483871871831,1.7691547952495035,0.5268359426372354,0.35364450230084427,0.8196514920043886,16.319303395028143,0.27161321854529563,1.8603622835225206,3.3280536621358427,0.8139711931663941,2.6058870931714755,1.6605312223569688,0.5885800389406163,0.19517360435410244,0.8019826071234873,5.188415945658363,3.3280536621358427,1.1769478809765321,2.157053598262879,0.6671727029274274,6.158227780429717,0.41574415406457327,0.8196514920043886,16.319303395028143,0.27161321854529563,model,Miles Kelly,G,,undrafted,2026,1610612744,PG/SG,heuristic,,True,True,False,False,False,False,-2.972987699513743,-1.4992824475831723,-2.07904964963764,-1.7707293058540954,-2.6548435541184374,-1.3313466517901784,-0.24040003687308903,0.025804682093352908,2.3782307193742205,-10.144603943902784,554
1642886,1,24.0,41.0,G,4.271030735292511,8.834033967888038,2.1778453829816535,4.188667810796445,4.245560482108373,1.2247521814844053,0.4011660928739454,1.8643093009681813,0.5206348037671165,0.36093135775946045,0.8231197325427657,14.984199498177322,0.2915048430091906,1.7777215722352768,3.6769702041252597,0.9064797137439303,1.7434398363490997,1.7671201457080488,0.5097758617552836,0.16697646576465358,0.7759772914448538,5.454691776360536,3.6769702041252597,1.3271338482160104,2.2526775701292934,0.7461413395323467,6.578630328006944,0.4129798093985648,0.8231197325427657,14.984199498177322,0.2915048430091906,model,Koby Brea,G,,31-60,2026,1610612756,PG/SG,heuristic,,True,True,False,False,False,False,-2.9037491375761757,-1.3938197413553695,-2.2003023707919507,-1.7226213486838695,-2.7060491441536,-1.3456457827612907,-0.28264891341405923,0.035859938181653644,2.3613412683082493,-10.157635232246411,555
1641755,2,26.0,56.0,G,5.266488245201833,5.532400819510072,1.7756035296564003,6.030350355795289,4.449749223559349,1.5246359972784207,0.4495631706504885,2.0404647258263013,0.5325901499817474,0.3521863677111966,0.7829577596481107,15.40497443813775,0.2712406653285848,2.2536143554468655,2.367402589057917,0.7598090829617781,2.5804831412233695,1.9041186956959741,0.6524160712649646,0.19237525422774818,0.8731474150909979,4.621016944504783,2.367402589057917,0.8337669187503903,2.0340197263188555,0.5948984173560392,5.4967047887441405,0.4401671213817273,0.7829577596481107,15.40497443813775,0.2712406653285848,model,Kevin McCullar Jr.,G,,31-60,2026,1610612752,PG/SG,heuristic,,True,True,False,False,False,False,-3.0243349308930227,-1.6460751709748858,-2.0838259562482153,-1.721607927740522,-2.577127472512608,-1.334088724449473,-0.13440872590828482,-0.01735148211812321,2.3398928167182014,-10.198927574126932,556
1642933,1,24.0,61.0,G,5.920929372818646,4.247317164556151,3.1388597736605828,3.8327789942375996,5.094810534074125,1.373658582174873,0.7943543637956313,2.236466134194718,0.5282773832194991,0.3491149425556893,0.8386355454776109,15.137441882307328,0.27337574031191336,2.489659007508018,1.7859310203943077,1.3198418722360945,1.611624146472222,2.1422888433587284,0.5776021376056896,0.3340136948864884,0.9403993368922524,4.275590027902325,1.7859310203943077,0.6234952055933823,1.9387257511885734,1.1068663084669084,5.607813016437437,0.45344051663899687,0.8386355454776109,15.137441882307328,0.27337574031191336,model,Keshon Gilbert,G,,undrafted,2026,1610612737,PG/SG,heuristic,,True,True,False,False,False,False,-3.0124365879973873,-1.7335059640868697,-2.2413992831354634,-1.6696923276161881,-2.663770479478752,-1.2050810179274016,-0.08509557078501997,0.07961793545580491,2.2990427568536362,-10.23232053871764,557
1642484,2,26.0,61.0,G,5.616782272576508,7.5275598818222,1.8533750288022768,4.771840744609277,5.284656250399823,1.3033396021485133,0.664274344223231,2.2253915249413536,0.4998237396026437,0.3571886390608764,0.8306017623292993,16.789226259088245,0.22853269774180035,2.6194841228423016,3.510608500965236,0.8643536861529338,2.22543094259948,2.4645913747074313,0.6078350964694846,0.30979589620198034,1.0378500507582724,6.1300926238075375,3.510608500965236,1.253949472735316,2.5632298228441064,0.7179336949944529,7.098342813417982,0.4181388406578475,0.8306017623292993,16.789226259088245,0.22853269774180035,model,RayJ Dennis,G,,undrafted,2026,1610612737,PG/SG,heuristic,,True,True,False,False,False,False,-2.9872432283452004,-1.551245448488149,-2.2000820798558034,-1.6865109263029412,-2.7501082724244124,-1.2727073469093662,-0.2302791242159517,0.03489913473836931,2.3391875760447367,-10.30408971575872,558
1643060,1,24.0,61.0,G,6.217778128226964,5.286778266074306,3.083266784109984,3.895228359978738,4.109220713468426,1.3647238593683373,0.5352371830898637,1.8678923871226745,0.523410560468162,0.354313923039551,0.8231197325427657,15.585623761763891,0.25105061312453036,2.6918875150186103,2.288826026858461,1.3348510015078308,1.6863767690217004,1.7790213331712743,0.5908353503004801,0.23172237108180416,0.8086741103654731,4.980713541877071,2.288826026858461,0.8109629287312501,2.2199252816843886,1.0987421993455686,6.349555691445596,0.44570426767562504,0.8231197325427657,15.585623761763891,0.25105061312453036,model,Hayden Gray,G,,undrafted,2026,1610612738,PG/SG,heuristic,,True,True,False,False,False,False,-2.995195274054544,-1.6814831133996473,-2.2518572804782484,-1.7740298467181808,-2.707288170035464,-1.3143275658230371,-0.11612719984683265,0.045477831762969156,2.4081097103167264,-10.386720908276258,559
1641810,2,26.0,47.0,G,5.46345060218721,6.7375402592408875,1.788688441792906,3.8847656928345096,2.5456140785078927,1.2125181618325152,0.379188770309926,1.5348868145733867,0.5303521517089896,0.3688923802686775,0.8112989590454058,13.11538056131303,0.32081923042691946,1.9904231618227806,2.454594570753108,0.6516480449926659,1.4152827903627074,0.9274082611629777,0.44173992027603265,0.13814458408863875,0.5591840192130965,4.445017732575889,2.454594570753108,0.9054812337996867,1.9611064404838088,0.5286813805665237,5.356375495333828,0.4411920398228304,0.8112989590454058,13.11538056131303,0.32081923042691946,model,Antonio Reeves,G,,31-60,2026,1610612750,SG,heuristic,,False,True,False,False,False,False,-2.9600546414100712,-1.5450811488925256,-2.233214805674437,-1.8859237667395272,-2.737341104402728,-1.3600033555862547,-0.14913029290607183,0.014840223642832958,2.4557620322642086,-10.400146859704574,560
1630256,6,31.0,61.0,F,5.5965369311307605,3.0492109716515747,1.5448135264051435,6.7949851806757655,2.541104136508949,1.2680570497185935,0.48345071497068687,1.3680296551411386,0.5691297739677034,0.34076478431819135,0.7173230729614616,11.24882959149013,0.3738879598278493,1.7487358400214184,0.952779294683628,0.4827040030322332,2.123211954836735,0.79401242793944,0.39622660179367186,0.15106263079414786,0.4274647907441022,2.7015151347050463,0.952779294683628,0.32467363085570494,1.3199312642163166,0.3462547187858802,3.310790878074218,0.48858925395597597,0.7173230729614616,11.24882959149013,0.3738879598278493,model,Jae'Sean Tate,F,,undrafted,2026,1610612745,SF/PF,heuristic,,False,False,True,True,False,False,-3.095839137267402,-1.8105050755921661,-2.026768840825873,-1.8864181295546834,-2.7081301774169773,-1.3199108348630018,0.018557921319884634,-0.08005371804168872,2.4952478918010703,-10.413820100440837,561
201599,18,38.0,35.0,C,6.1813913130483975,0.0,2.7225670331129637,13.865434895563464,2.3537212928809725,0.8615503095923064,1.4499344816714412,1.9445991945904453,0.6192257944489226,0.31088647988553175,0.5823809656868225,11.39440033641808,0.32232453584646326,1.9564790904702907,0.0,0.8617227421673092,4.388564334405315,0.7449789636510374,0.27269025381832435,0.45892038738170127,0.6154872699177694,1.9564790904702907,0.0,0.0,1.2115023191191712,0.5018509227376943,2.9248555609760367,0.6192257944489226,0.5823809656868225,11.39440033641808,0.32232453584646326,model,DeAndre Jordan,C,,31-60,2026,1610612740,C,heuristic,,False,False,False,False,True,True,-3.1792238709196177,-2.0010397812621785,-1.6496552847898491,-1.9290060923613566,-2.9820222146558093,-1.0184492561257799,0.22528686934842962,-0.32842337250609366,2.4174530722026835,-10.445079931069575,562
1642357,1,25.0,61.0,G,7.496340440094084,4.6103495086409385,2.737396655251304,5.617079676454955,6.264766005754565,1.5727719757339949,0.5152211716458173,2.108254727250936,0.5298472724932018,0.34309186754014337,0.782182608789711,12.693269961419583,0.2589606251590112,2.6431409146894747,1.625566970268821,0.965180964905328,1.9805307980012805,2.2088990598935263,0.5545449798818569,0.18166226170942376,0.7433512889009762,4.268707884958296,1.625566970268821,0.5577188076411025,1.9581798121045075,0.75494776508382,5.229026196933938,0.45872893270691406,0.782182608789711,12.693269961419583,0.2589606251590112,model,David Jones Garcia,G,,undrafted,2026,1610612759,PG,heuristic,,True,False,False,False,False,False,-3.062993219377594,-1.7743486025106407,-2.197472136595989,-1.6799229788836696,-2.7287644603352885,-1.3510231045715824,-0.06531423093673953,-0.02210440697015855,2.429331147441736,-10.452611992739923,563
1641803,2,26.0,49.0,G,6.986584468124501,7.132060641940936,2.8778978398929222,5.5110096705856595,4.16117316877905,1.4150307250160605,0.5413761988838919,1.8989578843125594,0.5316016986730014,0.3604484522520907,0.8097430241086534,12.57746271349895,0.24949967479947627,2.4409307122929667,2.4917562998451532,1.0054625770697887,1.9254032957089795,1.4538055659647438,0.4943748939540246,0.18914274876216505,0.6634464440123907,4.932687012138119,2.4917562998451532,0.898149701668582,2.195752614666622,0.8141663077845707,6.103821238786397,0.44514330815302483,0.8097430241086534,12.57746271349895,0.24949967479947627,model,Tristen Newton,G,,31-60,2026,1610612758,PG/SG,heuristic,,True,True,False,False,False,False,-3.015301282775105,-1.6493139136821016,-2.2172130755601227,-1.8369964515678137,-2.8208607153564427,-1.3505362291165408,-0.11608779333098716,0.015670320599495285,2.4837373805130905,-10.506901760276527,564
1642938,1,25.0,61.0,G,4.793658896512484,6.515306846723499,2.109810496375352,4.72140933153659,4.211033583590228,1.4045656323141007,0.3888169454147117,1.6378775179653884,0.5278943532767032,0.3519714986333342,0.8038889633119966,13.549973428836102,0.2547913394608497,1.8042764076291098,2.452284295939371,0.7941076712712646,1.777082527471656,1.584983143488446,0.5286618610253456,0.14634609108473778,0.6164776902255288,4.25656070356848,2.452284295939371,0.8631341787167712,1.8156015060545534,0.6383743926163606,5.132711583442238,0.4265419037798397,0.8038889633119966,13.549973428836102,0.2547913394608497,model,Curtis Jones,G,,undrafted,2026,1610612739,PG/SG,heuristic,,True,True,False,False,False,False,-3.076087116996464,-1.6558574385450395,-2.23398318960329,-1.8061392310154158,-2.7692546164502096,-1.3831855034260068,-0.15463149392479927,0.006153445817815535,2.500797165658073,-10.572187978485337,565
1641723,3,23.0,15.0,G,6.965624803588445,6.674844859507786,3.06503963861432,4.82654243363126,3.8785318756354528,1.188357274327789,0.7330043041321337,1.9063723239492603,0.5314601644542944,0.33116053155444686,0.8065833257429152,15.272067671174138,0.22043121447495972,2.954985927011439,2.8316300663608818,1.3002636882152507,2.047535629561392,1.6453667019308498,0.5041297975296123,0.31095809266577373,0.8087290871612947,5.786615993372321,2.8316300663608818,0.9377241179416232,2.5081814246712484,1.048771009983406,7.002857977267526,0.43344528607807825,0.8065833257429152,15.272067671174138,0.22043121447495972,model,Kobe Bufkin,G,,15-30,2026,1610612740,PG/SG,heuristic,,True,True,False,False,False,False,-3.009439140621794,-1.6766002426141955,-2.2348607975023502,-1.8370218449061797,-2.8764142651551525,-1.2801370762884539,-0.15902441120184047,0.012945209145063826,2.458037314026269,-10.602515255118632,566
1641725,2,24.0,61.0,G,6.963950565932655,5.124162315764509,2.171383015343778,4.101412373727049,3.658247308829961,1.3806641583431927,0.5620921607445111,1.6229942740165557,0.5262609615086982,0.35143581500666143,0.7944638692025056,12.069368479006071,0.2807080970047395,2.334735706939558,1.7179278648666365,0.7279783811455375,1.3750404784129642,1.2264648543778087,0.46288179091113274,0.1884471501996171,0.5441254425672989,4.052663571806194,1.7179278648666365,0.6037413793120602,1.832421637314762,0.5783525213806601,4.846937175322244,0.45215241898258207,0.7944638692025056,12.069368479006071,0.2807080970047395,model,Trey Alexander,G,,undrafted,2026,1610612762,PG/SG,heuristic,,True,True,False,False,False,False,-3.061167189189884,-1.7350337532903601,-2.274568551953265,-1.850839586062716,-2.790910629990886,-1.3317194861229127,-0.08662329775524265,-0.0043308067657845065,2.509537894673474,-10.625655406457575,567
1642910,1,26.0,53.0,G,5.189006593188878,6.712708692371548,2.710024370674505,4.950024964770016,3.616561663816348,1.3883395316759726,0.4499855281574362,1.6129247028939562,0.5249264434718501,0.3552641361222488,0.8296708535597004,13.534378681573717,0.23036515422145476,1.9508327837055834,2.523676150601335,1.0188471130278403,1.860986454345583,1.3596643078709099,0.5219531377861478,0.16917429275863038,0.6063870476064329,4.474508934306918,2.523676150601335,0.8965716274957055,1.9206153424545667,0.8453077539126448,5.583110066317484,0.42923488826423845,0.8296708535597004,13.534378681573717,0.23036515422145476,model,John Tonje,G,,31-60,2026,1610612757,PG/SG,heuristic,,True,True,False,False,False,False,-3.082194902941581,-1.6768589183975406,-2.2486125837834536,-1.8741493852457,-2.8349830024956035,-1.3776332210664022,-0.13976532345115142,0.04027049487999507,2.5358643690770464,-10.65806247342439,568
1627732,10,30.0,1.0,G,6.61690989021118,1.2138444807533275,1.4793327142343875,7.675478681717601,8.203917426714703,1.2741871182886586,0.688935993867838,2.687193326212228,0.5179158711500403,0.3457392286316403,0.7627955597370188,17.005591662086506,0.18694855008439154,3.125679657159805,0.5733928772491254,0.6988035575176694,3.6257237853427653,3.8753463830051595,0.6018973842974346,0.32543789425083847,1.2693697895180325,3.6990725344089306,0.5733928772491254,0.1982444110829894,1.8170835136568693,0.5330442508029107,4.365455689199639,0.49122678637801254,0.7627955597370188,17.005591662086506,0.18694855008439154,model,Ben Simmons,G,F,1-5,2026,1610612758,PG/SG/SF,heuristic,,True,True,True,False,False,False,-3.215005526565709,-1.9428684973334251,-2.0972580582981197,-1.565493509430246,-2.870059473755643,-1.3055379835200842,0.017436954965254606,-0.025421113939904896,2.3389370811767387,-10.665270126701138,569
1626192,11,34.0,41.0,G,3.39775169896997,5.253751310483585,1.4074172588852716,6.227479804625787,3.156402170342186,1.0169137186098351,0.44865702880953195,1.3558825709360673,0.5448903131317856,0.3522839919187094,0.7676491239698924,10.323571975835227,0.3664350768438015,0.9743592838981364,1.5065966610254427,0.4035992603370784,1.7858287775309616,0.90514847195028,0.29161616575785787,0.12865953137165506,0.38882086977330566,2.480955944923579,1.5065966610254427,0.5307498859574417,1.0616688212635594,0.30982261863265476,2.9639101471172156,0.4279273170633677,0.7676491239698924,10.323571975835227,0.3664350768438015,model,Pat Connaughton,G,,31-60,2026,1610612766,SG,heuristic,,False,True,False,False,False,False,-3.1387261755043796,-1.6957779221448057,-2.111495387997326,-1.8602961406505925,-2.8958143677774237,-1.350686856521615,-0.1263524230680973,-0.02484801843275134,2.5302416684364664,-10.673755623660522,570
1642384,2,25.0,61.0,F,5.164520163518383,4.951809521463479,2.59784547055384,6.568004634473422,2.301345633972512,1.117214968139224,1.018317533464922,1.5451403738252956,0.5756506010713212,0.34482826330000155,0.7709166792402325,13.253161672988071,0.2393824494394546,1.901283908069887,1.8229758933832554,0.9563796117413836,2.417967424711422,0.8472251597906368,0.4112952943397598,0.37488685848469583,0.5688331994935519,3.724259801453142,1.8229758933832554,0.6286136113531168,1.7230888358407777,0.7372889943767303,4.812080277411403,0.46266612097481974,0.7709166792402325,13.253161672988071,0.2393824494394546,model,Isaiah Crawford,F,,undrafted,2026,1610612745,SF/PF,heuristic,,False,False,True,True,False,False,-3.120120949487668,-1.7648496852275282,-2.157409746532134,-1.9570100924513603,-2.9340072981563607,-1.2102566783755502,-0.043570427772487534,-0.03436912461528723,2.5429690246000063,-10.67862497801837,571
1643024,1,25.0,61.0,G,4.94690544030783,4.815419198687127,2.643011920500512,5.761248605424098,3.743275138408205,1.5730896273644919,0.6811662089511514,1.699591418203342,0.5360178225720351,0.3436096082414092,0.8111523350411818,11.424335772295365,0.25560332524207435,1.5698641328853138,1.5281379391710896,0.8387404341660297,1.8282899593342583,1.1879008908127984,0.49920844730352637,0.2161630968833183,0.5393528621462959,3.0980020720564037,1.5281379391710896,0.5250828786174125,1.3665580328605345,0.6803462616672297,3.938545206005711,0.4411094638014349,0.8111523350411818,11.424335772295365,0.25560332524207435,model,Chris Mañon,G,,undrafted,2026,1610612747,PG/SG,heuristic,,True,True,False,False,False,False,-3.1611539073956343,-1.790380813114637,-2.2251542310018544,-1.8813450022643445,-2.801526927168199,-1.3239609227128224,-0.08297912299153828,0.015046008787421603,2.5395562579875213,-10.711898659874088,572
1628964,8,29.0,6.0,C,5.762990695638694,3.1649424411946705,2.2317107796711046,12.516141269309545,1.6751318753090565,0.9380028951360697,2.3197985667391667,1.7036835024881873,0.6119111717171188,0.33174603170887873,0.7075389858514923,12.774760505592267,0.1800023209627152,2.0450229425761357,1.123093936117957,0.7919325202235266,4.441408532488585,0.5944280145099123,0.33285450941431854,0.8231908642030292,0.6045596867115334,3.168116878694093,1.123093936117957,0.3725819565434372,1.6239543415235906,0.5603231322217704,4.180813771812389,0.512592938866886,0.7075389858514923,12.774760505592267,0.1800023209627152,model,Mo Bamba,C,,6-14,2026,1610612762,C,heuristic,,False,False,False,False,True,True,-3.2329644154980017,-1.8957744116680726,-2.0233540578244114,-2.02891658716306,-3.109218871157999,-1.0176086878047412,0.04598581229277809,-0.07086691294253475,2.5981368012896775,-10.734581330476363,573
1642400,1,26.0,61.0,F,6.644928225090508,4.58875096210438,3.0670317828304707,6.493785937430941,2.9259679557349156,1.3325270037463168,0.6373139220116883,1.5705933458306656,0.5658419322697491,0.3424043397055926,0.7671798974576087,12.41409629351329,0.23134697371929278,2.291410523604387,1.582366564180987,1.057622996870089,2.239291220464727,1.008979109839652,0.4595032927281534,0.21976878880693665,0.5415971398081417,3.873777087785374,1.582366564180987,0.5418091785805981,1.838385336880142,0.8113871022876037,5.029966954628486,0.47457179265086236,0.7671798974576087,12.41409629351329,0.23134697371929278,model,Tristan Enaruna,F,,undrafted,2026,1610612739,SF/PF,heuristic,,False,False,True,True,False,False,-3.1168037611341,-1.8042983726580608,-2.194328754818718,-1.9340349436551985,-2.8983314452908657,-1.3384970264341434,-0.01612102198367475,-0.0417378266931254,2.5649013963066136,-10.779251756361276,574
1642935,1,24.0,61.0,G,6.0011270039250775,6.821190112521365,2.675977478130858,4.62746499997648,4.537867300007549,1.3966472244997603,0.501947655854388,1.943646432118367,0.5287013471931878,0.35020035456903253,0.8160445218444764,14.110959259202325,0.19902540974970168,2.3522682961579355,2.6737093271406307,1.0489058103457642,1.8138325024459112,1.7787127942798049,0.5474453356776146,0.1967489700559272,0.7618532116087843,5.025977623298566,2.6737093271406307,0.9363339543791783,2.1799813715177034,0.8559538404635022,6.152250537878087,0.43374275313366284,0.8160445218444764,14.110959259202325,0.19902540974970168,model,Chucky Hepburn,G,,undrafted,2026,1610612761,PG/SG,heuristic,,True,True,False,False,False,False,-3.0996283563359293,-1.7085404382559637,-2.289749268968872,-1.8435369734542548,-2.8862808601544874,-1.3770194160539602,-0.12393636767779072,0.02024308681391114,2.5117817420700725,-10.796666852017275,575
1630527,5,25.0,51.0,G,8.116775356891116,5.420119375478562,2.7386620753863102,4.916057676291165,3.738871956660062,1.6131422977410703,0.41307560493860274,2.001184305722244,0.4904855697013044,0.33512748230766104,0.7909481404343004,14.691433713377798,0.20416047362762063,3.3124185311706733,2.21192568120661,1.1176353428855457,2.006220430065937,1.5258163753910678,0.658315920486358,0.1685742463491366,0.8166740715491754,5.524344212377283,2.21192568120661,0.7412770845944293,2.365970574944835,0.883991596138974,6.3572098306230735,0.4282808029311212,0.7909481404343004,14.691433713377798,0.20416047362762063,model,Brandon Boston,G,,31-60,2026,1610612741,PG/SG,heuristic,,True,True,False,False,False,False,-3.0788785935099576,-1.7634991889584517,-2.2602264675280166,-1.8754311394260745,-2.7706019177720407,-1.3926523115717202,-0.15572026862532645,-0.009228167680275477,2.4813107133843335,-10.824927341687529,576
1641807,1,25.0,61.0,F,7.812796715507675,4.424944403188308,3.272418069087607,7.771090929773619,2.9418257505810215,1.217707120832393,0.7853210597613041,1.6062908407634033,0.5767364857195894,0.3412222986452749,0.7829515858970058,11.567547817740655,0.21596939011954028,2.510413877692282,1.421826554853462,1.0514959026058177,2.4970129423935283,0.9452697233696321,0.39127459300644457,0.2523399697518792,0.5161346141591531,3.9322404325457443,1.421826554853462,0.4851589253219904,1.933006202843924,0.8232703845094285,5.174441715519268,0.49157884315646744,0.7829515858970058,11.567547817740655,0.21596939011954028,model,Norchad Omier,F,,undrafted,2026,1610612750,SF/PF,heuristic,,False,False,True,True,False,False,-3.129842611221507,-1.836579199221302,-2.181433157883782,-1.9560055645099448,-2.9974394814930077,-1.3264476852497695,0.022189078247657108,-0.019127200727679854,2.59279658833111,-10.831889233728225,577
1642013,3,28.0,61.0,C,8.191884551996155,2.613945707539224,2.9340470232965754,11.310754793616574,3.274954365192198,1.0260513310684958,1.3350548345090445,2.0227019306519822,0.5611652869508003,0.31886703592895144,0.7084933479632425,14.966330272058318,0.16745392972791046,3.4056236043263044,1.0866992992294773,1.2197754662335036,4.702235885209236,1.3615013515384866,0.4265617526904489,0.5550242106825145,0.8409006982240991,4.492322903555782,1.0866992992294773,0.34651258449137207,2.2576303316595614,0.8642028038352,5.725976051645695,0.5025529954386387,0.7084933479632425,14.966330272058318,0.16745392972791046,model,Malik Williams,C,,undrafted,2026,1610612759,C,heuristic,,False,False,False,False,True,True,-3.1746791574339377,-1.9099646195077729,-2.030678818426902,-1.9381142545206949,-3.056872831020557,-1.1997080858651743,0.041069588223028856,-0.1004762436915679,2.5336015367543454,-10.835822885489232,578
1641780,1,24.0,35.0,F,8.103985948156167,4.442013639591685,3.215039162415704,8.257059253949386,2.749849848305339,1.2772267102618766,0.9549592710601561,1.787614910558955,0.5428485740058261,0.3278582165846426,0.7231506080810947,11.475663442272978,0.23107628533627014,2.5832948689430455,1.4159737092761175,1.0248529828224953,2.632089806145243,0.8765653159982632,0.4071395518457444,0.30441086654901905,0.5698351966100966,3.999268578219163,1.4159737092761175,0.4642386150540091,1.8665765508963088,0.7411230577218111,4.938514774568438,0.4667294817512551,0.7231506080810947,11.475663442272978,0.23107628533627014,model,Johni Broome,F,,31-60,2026,1610612749,SF/PF,heuristic,,False,False,True,True,False,False,-3.1231594971768364,-1.8326629876349625,-2.139550690050426,-1.9572032518813836,-2.953903038829824,-1.2742118711216819,-0.03542354664436457,-0.09748877151422068,2.552033590538798,-10.8615700643149,579
1641761,1,25.0,61.0,F,7.350171386510361,3.808578183315665,4.052330484522124,6.813660624904852,3.410649659701993,1.1903940639165262,1.3287270245220129,1.9402707475217125,0.5715793289483668,0.3337104506064281,0.7582739008756884,12.633013848600285,0.19738688139240185,2.5793004698714155,1.3364950259251032,1.4220318647242527,2.3910296953912633,1.1968551217705312,0.41772957485414025,0.4662729694943344,0.680874089540995,3.9157954957965186,1.3364950259251032,0.446002357334716,1.920277189060027,1.0782896492339882,5.364846384688758,0.4903926139966664,0.7582739008756884,12.633013848600285,0.19738688139240185,model,Grant Nelson,F,,undrafted,2026,1610612751,SF/PF,heuristic,,False,False,True,True,False,False,-3.146391928142662,-1.8628611026255244,-2.2223345902937433,-1.9319191279629955,-3.0067541332948027,-1.202691084817057,0.017816698128461247,-0.06156841008635387,2.546545945781181,-10.870157733313496,580
1642449,2,26.0,61.0,F,8.144757212356327,2.0721584371478436,4.491177847700706,10.508723288698759,2.912914682392673,1.0348520827366066,1.0534545806726663,1.8032128076408793,0.5713886826337526,0.32733961066623374,0.7297852573660306,13.879675465747114,0.18171888051162494,3.140182968189138,0.7989135172561613,1.7315580829177337,4.0516019112910415,1.1230641791950036,0.39898364065101616,0.40615576937892556,0.6952224601592801,3.9390964854452992,0.7989135172561613,0.2615160396946233,2.055781049117162,1.263665561186349,5.636743699115296,0.5218915192133874,0.7297852573660306,13.879675465747114,0.18171888051162494,model,Tolu Smith,F,,undrafted,2026,1610612765,PF,heuristic,,False,False,False,True,False,False,-3.156181685105738,-1.926449202117091,-2.06175889992661,-1.9560561178851252,-3.051993116140253,-1.262791643133878,0.0749877346447897,-0.1181007428006884,2.562806998895762,-10.89553667356883,581
1641736,2,25.0,61.0,G,5.484237467263807,4.3326414812914615,2.046364577419501,3.6255309301429537,5.174894170900216,1.777596358979813,0.2848389948749085,1.8566679815260974,0.4874169062629495,0.33724209145820405,0.8051473816649173,12.536875070836679,0.22810580618901422,1.9098666662746695,1.5088273604909952,0.7126393626803827,1.2625785649071253,1.8021389368160268,0.6190417633028906,0.0991941915013727,0.6465781814559773,3.4186940267656647,1.5088273604909952,0.5088400947013448,1.4397413965516772,0.5737797169334655,3.9621026047381647,0.42113783371066354,0.8051473816649173,12.536875070836679,0.22810580618901422,model,Reece Beekman,G,,undrafted,2026,1610612764,PG/SG,heuristic,,True,True,False,False,False,False,-3.190236109124626,-1.8188587062702286,-2.33409970845668,-1.8007068835715148,-2.739667001116759,-1.4315196353875856,-0.12211798820673497,0.006063862215059063,2.520133426156781,-10.91100874376229,582
1630658,3,27.0,61.0,C,7.117616418397114,1.6688884814812928,2.9755880944357522,10.651217664045397,2.3744475349856162,0.9355860820590125,1.093328308340436,1.8975115427760993,0.6084533219094611,0.32093004622890314,0.7437438468759301,11.472536854417948,0.21979859367921356,2.2682532409908656,0.531844016936326,0.9482651132494845,3.394346866533007,0.7566926903890092,0.2981540501917365,0.34842359198372447,0.6047019751717294,2.8000972579271917,0.531844016936326,0.17068472494194065,1.5508109443547342,0.7052663431864111,3.9775729568378204,0.5538418138742588,0.7437438468759301,11.472536854417948,0.21979859367921356,model,Colin Castleton,C,,undrafted,2026,1610612753,C,heuristic,,False,False,False,False,True,True,-3.1985752756246866,-1.9421547158690933,-2.0557925669429498,-1.9843961971351805,-3.083673975278671,-1.2536369583902385,0.11548383381017845,-0.06229968293802283,2.5495376270726275,-10.915507911296036,583
1631211,4,23.0,42.0,G,6.27473349348324,7.876458803749834,2.544745287152252,4.902662675415283,3.8032248026746354,1.3939300120007336,0.5232063991756227,1.857389820734241,0.5253575591215727,0.3489853892439961,0.8160445218444764,11.763919976836906,0.21287353344768276,2.0504295192587536,2.573834196337933,0.8315605533192207,1.6020703163058478,1.2428008953496041,0.45550225318022053,0.1709710614241948,0.6069495893585849,4.624263715596687,2.573834196337933,0.8982305288585014,1.9754391762470997,0.6785904341181117,5.527699315470813,0.4271899912594412,0.8160445218444764,11.763919976836906,0.21287353344768276,model,Trevor Keels,G,,31-60,2026,1610612764,PG/SG,heuristic,,True,True,False,False,False,False,-3.113121180390191,-1.700919685495915,-2.301876464311863,-1.91066824437308,-2.940792142042744,-1.3861279015655292,-0.1386971435380533,0.017165136773767593,2.557020293062004,-10.918017331881604,584
1641794,2,25.0,26.0,F,4.8620560574986165,4.297043009055193,2.5178859319943347,7.482651648258888,3.4805975777916944,1.2100766860171466,0.5385612930345459,1.68723240550263,0.5604486642473908,0.3345995787958297,0.7442999159963462,10.580329167083418,0.26803920023787364,1.428948708809645,1.262892485581071,0.7400017212685742,2.1991365966999536,1.02294077975526,0.3556391570965239,0.15828210435987683,0.49587428421077206,2.691841194390716,1.262892485581071,0.4225632937398448,1.223415688870244,0.5507832189773514,3.4201778904576843,0.4544902914108043,0.7442999159963462,10.580329167083418,0.26803920023787364,model,Dillon Jones,F,,15-30,2026,1610612755,SF/PF,heuristic,,False,False,True,True,False,False,-3.1865733394755615,-1.8232627382772693,-2.1509477965700263,-1.9034418944553988,-2.948243595938273,-1.3662462671155304,-0.050564155033055024,-0.05868346105756231,2.5495354022878804,-10.938427845634795,585
1641753,3,23.0,58.0,F,7.056997374318626,4.482316758349644,3.4261132041000693,8.266997608527934,2.6034276902605646,1.2573912303349781,0.6419876411321569,1.8505035520482553,0.5813630818606169,0.3261669017615604,0.7700908132260043,9.524809860669627,0.26336082464199656,1.8671266160452697,1.1859226349603726,0.9064743563939653,2.1872661205510857,0.6888098259926161,0.33267812192816987,0.16985583929676673,0.4896026244375942,3.0530492510056426,1.1859226349603726,0.3868087115739307,1.4722871953019936,0.6980675742839476,4.029450676461866,0.4822349966405021,0.7700908132260043,9.524809860669627,0.26336082464199656,model,Chris Livingston,F,,31-60,2026,1610612764,SF/PF,heuristic,,False,False,True,True,False,False,-3.1457564230244595,-1.8411454688936484,-2.159098015904267,-1.9730746168256306,-2.983296786999168,-1.3586386975646245,0.0015196512203584688,-0.03691824105962802,2.55754753539812,-10.938861063652947,586
1631166,2,26.0,61.0,F,6.563369315399613,4.018422018147364,1.9647987976186638,6.462166783277318,3.0469509664368997,1.0167276274148374,0.4008667270550547,1.7868098168300026,0.5742609249576971,0.33928157267607967,0.7215223622819432,13.878720464469977,0.22483032693968702,2.530310223153081,1.5491821082816266,0.7574692578076709,2.4912946216635845,1.1746605758923436,0.3919688480387308,0.1545421457862247,0.6888509436376224,4.079492331434707,1.5491821082816266,0.525608942059435,1.9786672312372402,0.546531008249341,5.029474412783256,0.48502780995334466,0.7215223622819432,13.878720464469977,0.22483032693968702,model,Drew Timme,F,,undrafted,2026,1610612750,SF/PF,heuristic,,False,False,True,True,False,False,-3.126096709626496,-1.815557156542487,-2.1687714078311346,-1.9110135434455382,-2.980968803989204,-1.3915658093051366,0.008378180516310662,-0.07162466472060613,2.505232517575255,-10.951987397369036,587
1629022,8,28.0,18.0,G,5.962984849296161,8.63737788747524,1.9509397232614725,4.650272125544807,3.602230893383968,1.137404602852513,0.5165514277629658,1.8468072783065224,0.4904646731835972,0.35914274262102663,0.8001145909034493,16.707033978669745,0.1609071012380036,2.767327513652329,4.008471273684988,0.9054004513018324,2.158118178098274,1.6717387204105507,0.5278515929820085,0.23972339598239556,0.8570742208533795,6.775798787337317,4.008471273684988,1.4396133669488262,2.7968897515242928,0.724424111697164,7.757816981694576,0.4127763883353722,0.8001145909034493,16.707033978669745,0.1609071012380036,model,Lonnie Walker IV,G,F,15-30,2026,1610612743,SG/SF,heuristic,,False,True,True,False,False,False,-3.0928940916047583,-1.6374541789497261,-2.298098532949911,-1.907339649936011,-2.9954768353304875,-1.3789475388175763,-0.19438123406470248,0.001419937060517399,2.539457521633087,-10.963714602959568,588
1631115,4,26.0,61.0,C,8.11494846605753,2.547965581381253,2.8499283831668047,10.168228356979734,3.368269323956326,0.9184263270305119,0.9851158817739973,1.9839381046503437,0.578330854446171,0.3358502112335663,0.7424689131301919,11.932520759722777,0.19889913176712185,2.689771973203111,0.8445458943025254,0.9446341554405852,3.3703498877572917,1.1164428786790628,0.30442058926576454,0.326525436388912,0.6575939616595913,3.5343178675056364,0.8445458943025254,0.2836409169979443,1.839219040525863,0.701361494695628,4.663440492745298,0.5203886887015914,0.7424689131301919,11.932520759722777,0.19889913176712185,model,Orlando Robinson,C,,undrafted,2026,1610612741,C,heuristic,,False,False,False,False,True,True,-3.1835182330378093,-1.9124900262874491,-2.1017929933323463,-1.942564098869085,-3.106334886150072,-1.2920030466289172,0.07090265651707602,-0.05747166239795991,2.5538099403726138,-10.971462349813951,589
1643257,1,25.0,61.0,F,6.186355738798094,5.211908761314128,2.974727514528465,7.185725076115082,2.347635462557625,1.217707120832393,0.9112070921986204,1.5498354649718427,0.5738110881763486,0.34189197582285147,0.7744398833831628,11.89469796203845,0.19874143569088182,2.044023138853515,1.7220577922648197,0.9828745917967066,2.3742230394065182,0.7756781875581492,0.4023405113479104,0.3010703650713864,0.5120784651859859,3.766080931118335,1.7220577922648197,0.5887577410785567,1.761640882641728,0.7611772842513151,4.873216790613328,0.4677650095317017,0.7744398833831628,11.89469796203845,0.19874143569088182,model,Jayson Kent,F,,undrafted,2026,1610612757,SF/PF,heuristic,,False,False,True,True,False,False,-3.171946050494759,-1.8173814437084177,-2.2223961968210033,-1.993522630436429,-3.0180854168514255,-1.3088512159243109,-0.02667970206353785,-0.025556391782332162,2.612361071385659,-10.972057976696558,590
1642951,1,24.0,61.0,G,5.935292446886156,7.1891386791828635,2.4003958800393512,4.541248435094215,4.643681114971235,1.2815066406184128,0.4657724117497279,1.861677110490852,0.5264187210547123,0.35116257296767645,0.8160445218444764,12.107625653528554,0.20480300341180027,1.9961749747531414,2.4178722194124673,0.8073081871052418,1.527326001438698,1.561776460956439,0.4310000743644081,0.15664994447796862,0.6261247094879432,4.414047194165609,2.4178722194124673,0.8490662296759484,1.8998901068869198,0.6587994235274282,5.307645866977216,0.4304190742224399,0.8160445218444764,12.107625653528554,0.20480300341180027,model,Sean Pedulla,G,,undrafted,2026,1610612745,PG/SG,heuristic,,True,True,False,False,False,False,-3.1384602447810126,-1.7281021081412393,-2.3190324770146615,-1.869168192608929,-2.9803158889759556,-1.400346433925114,-0.11980051092337544,0.016032727005594032,2.558979718685729,-10.980213410678964,591
1641998,3,27.0,61.0,C,6.430688488654465,0.543276915857664,2.1730939953545954,9.27784811806781,1.8626372706451568,0.8778699862619315,1.4927365677612956,2.0301831769838308,0.6134985311647322,0.32878198656926705,0.6553230903345321,13.198202494314241,0.20567978148842497,2.357598023642146,0.1991744096104436,0.7966926274963423,3.4014143937153127,0.682873996428655,0.3218418289546065,0.5472622081105892,0.7442991297328557,2.5567724332525894,0.1991744096104436,0.06548495806548256,1.5118678826468146,0.5220910746976413,3.611311798056753,0.5913189077697841,0.6553230903345321,13.198202494314241,0.20567978148842497,model,Trey Jemison III,C,,undrafted,2026,1610612761,C,heuristic,,False,False,False,False,True,True,-3.235728448086926,-1.9798991110372242,-2.0840263274284636,-2.0038088971053187,-3.0806622058832422,-1.1350256728266748,0.14979857608214395,-0.1283115984378872,2.5088381438413005,-10.988825540882292,592
1642402,2,26.0,50.0,F,5.58571681966077,3.8495565265270963,3.0626252005968437,7.143477480239517,2.353187079618315,1.1425973113310743,1.0082773216861882,1.5821070864840683,0.5722025924471543,0.33954730289459806,0.7491656394476839,12.08168098123545,0.20842418638215057,1.8745791296295138,1.291919829798145,1.027823906630647,2.3973671114692645,0.7897348773642664,0.3834582279310945,0.3383801372563066,0.5309586971403444,3.166498959427659,1.291919829798145,0.4386678937640083,1.5113069314853462,0.7700103542505652,4.231292110985266,0.47728009730927345,0.7491656394476839,12.08168098123545,0.20842418638215057,model,Enrique Freeman,F,,31-60,2026,1610612750,SF/PF,heuristic,,False,False,True,True,False,False,-3.196416947753688,-1.8575339462817464,-2.2054981691538127,-1.9856871492156696,-3.018266171777484,-1.2736037029831133,-0.007235363209523677,-0.057672641586306306,2.594419842684314,-11.00749424927703,593
1630164,6,26.0,2.0,C,8.586536482575642,1.1385334663332984,2.9692025969235236,9.96833874436641,2.2442495967490075,0.7010395626261181,1.3935669280055767,1.9492279604595701,0.6163897993473899,0.33911342288278123,0.7123530094383415,13.420126308403688,0.16959817659525786,3.200900115218929,0.4244239701260428,1.1068631634987203,3.7160101398430956,0.8366142515543257,0.2613344299341828,0.5194956720291375,0.7266357064788762,3.625324085344972,0.4244239701260428,0.14392786526294168,2.1169300450137745,0.7884773055547564,5.166265260845247,0.5839284971987092,0.7123530094383415,13.420126308403688,0.16959817659525786,model,James Wiseman,C,,1-5,2026,1610612752,C,heuristic,,False,False,False,False,True,True,-3.1980315803886916,-1.9627262961639882,-2.1261751828484834,-2.0027320325478883,-3.180102793746922,-1.2156496274641784,0.16335554362676,-0.08837571182602146,2.5690587054193603,-11.04137897594005,594
1641801,2,27.0,61.0,F,6.701484071841657,5.281320255592413,2.7404401529827735,6.501011110534047,3.2483619495329235,1.2686533142041316,0.7827465244904129,1.4681398007737039,0.5716131851749795,0.35035338929805426,0.7649705648973929,12.218300300643874,0.17472832763098572,2.2744651347150846,1.792465468519482,0.9300977984746102,2.2064251668424255,1.1024850495716176,0.4305774213986997,0.2656620026530322,0.4982825824772384,4.0669306032345665,1.792465468519482,0.6279963520955253,1.9281106123194536,0.7114974383089441,5.195715015043377,0.474094790500227,0.7649705648973929,12.218300300643874,0.17472832763098572,model,Emanuel Miller,F,,undrafted,2026,1610612743,SF/PF,heuristic,,False,False,True,True,False,False,-3.189088948917819,-1.8288108776660188,-2.274848041040877,-1.9646467024589638,-3.039577144426542,-1.3530825973123393,-0.013662018031672229,-0.029688079583582556,2.6420306224060868,-11.051373787031725,595
1630231,6,26.0,52.0,F,6.217948494434923,2.710048203853515,2.087730889370245,5.593250797106144,2.604113235393771,0.9541792229056325,0.7195955357836304,1.4152815723942864,0.5566495253886452,0.33036485030877355,0.7381285935084048,12.37953967448303,0.23826393195893802,2.138203891131921,0.9319208127601684,0.7179207604056304,1.9233852820030373,0.8954923087334321,0.3281194318479907,0.24745170791150906,0.48668151044499436,3.0701247038920894,0.9319208127601684,0.3078738798071436,1.498104060989882,0.5299178411286923,3.8339998429155995,0.48796195773112744,0.7381285935084048,12.37953967448303,0.23826393195893802,model,KJ Martin,F,,31-60,2026,1610612750,SF/PF,heuristic,,False,False,True,True,False,False,-3.1874882080583506,-1.8859022946451982,-2.2306488210183084,-1.949090382035209,-3.026189515482193,-1.3117403282684066,0.012249553052651373,-0.056388010838548476,2.583739913653931,-11.051458093639631,596
1642884,1,26.0,61.0,C,7.405265216951101,1.9984155062389877,3.0746924768764803,11.609966509442234,3.0828794852716626,0.981452742500615,1.7383019101726185,1.978565569483397,0.6189482919008801,0.3262542306746182,0.7242114236999149,9.16610651299155,0.2025303447619324,1.885484714875702,0.5088247052055692,0.782859964937323,2.956060823272562,0.7849444924643507,0.24989167708967516,0.44259612389941366,0.5037706320228501,2.394309420081271,0.5088247052055692,0.16600621274508237,1.333023756422616,0.5669561297649242,3.3990098553552386,0.5567466532280396,0.7242114236999149,9.16610651299155,0.2025303447619324,model,Vladislav Goldin,C,,undrafted,2026,1610612748,C,heuristic,,False,False,False,False,True,True,-3.2510911733664134,-1.948268208298064,-2.1453356127560483,-1.9899084972617471,-3.1515141617615345,-1.2105935741741871,0.09464394219929523,-0.06434880253029125,2.6118413383961245,-11.054574749552867,597
1643047,1,25.0,61.0,F,6.738653762612863,4.396687208305147,2.77206549743418,6.313172745443965,2.615245592825975,1.17937189665804,0.7322582574564829,1.465287448090146,0.5697454336442219,0.3432760819060442,0.7699286810508261,12.462872330120401,0.1870617644839942,2.3328605977869326,1.522093093127237,0.9596638440348303,2.185562942346218,0.9053742204250047,0.4082878160494751,0.25350114375990507,0.5072691775687616,3.8549536909141695,1.522093093127237,0.5224981533049695,1.8516348262226041,0.7388727176899026,4.964640523440081,0.4803260881153425,0.7699286810508261,12.462872330120401,0.1870617644839942,model,CJ Huntley,F,,undrafted,2026,1610612756,SF/PF,heuristic,,False,False,True,True,False,False,-3.1831960802015393,-1.8476291764606083,-2.260685574302474,-1.9821140170435547,-3.0343903603342777,-1.3497802181638598,-0.0022078696822223436,-0.027920577189569903,2.6262415926775673,-11.06168228070054,598
203901,12,33.0,10.0,G,6.586829633592053,2.5302332356659467,1.3559884578378945,5.343761661175468,9.130051473166041,1.4874442012014604,0.615248149009818,2.7887280963966647,0.46794755274002314,0.3413302070091522,0.7970890422919523,17.109895815858657,0.13902208861009918,3.1305546885436244,1.2025563070018692,0.6444672566975895,2.5397557024303348,4.339284152758273,0.7069448698461136,0.29241199251271854,1.325412421891799,4.333110995545494,1.2025563070018692,0.41046879320910956,1.8754041984319039,0.5136977884296035,4.6749749785025205,0.43280779106739914,0.7970890422919523,17.109895815858657,0.13902208861009918,model,Elfrid Payton,G,,6-14,2026,1610612758,PG,heuristic,,True,False,False,False,False,False,-3.2619631947583,-1.911472467557039,-2.2945591120046522,-1.6564787460968504,-2.9348070349139506,-1.3720950541890828,-0.07609784987207686,-0.0006109828791495233,2.4459483558313813,-11.06213608643972,599
1641809,3,27.0,61.0,F,3.6587381681039464,5.8691782207516106,2.3412544561320114,6.632619846555773,2.2125193535734033,1.231631531237712,0.6841263509104014,1.4421582316822232,0.5723990178420677,0.3385935354130156,0.7612619172916604,11.415894010963525,0.21849686448174038,1.1602157539150417,1.861164347209885,0.7424309089971971,2.103257921758163,0.7016079565999862,0.3905604172547342,0.21694205311389952,0.45732015333118997,3.021380101124927,1.861164347209885,0.6301782163064523,1.2942845743323164,0.5651843772397965,3.7839317422108816,0.4283752891105709,0.7612619172916604,11.415894010963525,0.21849686448174038,model,Drew Peterson,F,,undrafted,2026,1610612741,SF/PF,heuristic,,False,False,True,True,False,False,-3.21199305990103,-1.7849201632030183,-2.229869973027072,-1.9941682476109686,-2.993653193783575,-1.3498435590602829,-0.09098539334738252,-0.03292812392348578,2.616089533181959,-11.072272180674856,600
1631127,2,24.0,48.0,F,6.451704051034727,4.16185508386573,2.617415178602277,6.724601316872535,2.728873936202648,1.216930208766621,0.816973186998257,1.6318887198911025,0.5792783293879177,0.34644844381409795,0.7699286810508261,10.921123616121932,0.19157300645482817,1.9572182632218025,1.262559273424532,0.7940309644508148,2.040005618075036,0.8278435997245098,0.3691734789481482,0.24784069906291847,0.495057178824603,3.219777536646334,1.262559273424532,0.4374116955009873,1.5711858212676346,0.6113472131731312,4.191130551209388,0.4879796207610527,0.7699286810508261,10.921123616121932,0.19157300645482817,model,Harrison Ingram,F,,31-60,2026,1610612762,SF/PF,heuristic,,False,False,True,True,False,False,-3.218737519888591,-1.8695141782524831,-2.2716370517914277,-1.9901956292343899,-3.06008122381671,-1.3495849932031285,0.010357447782097476,-0.02365876041431418,2.6263446298995197,-11.146707278919425,601
1627746,10,31.0,28.0,F,5.689416222150146,4.9201659709610155,2.2982173622264614,7.500309414300805,2.785261392764988,1.2341541162790566,0.9082191500099247,1.487298235423973,0.5729996533469291,0.3563535211826175,0.7699286810508261,14.993420328541935,0.12564002391822107,2.3695502456311734,2.0491699024668657,0.9571705255059515,3.123758101187004,1.1600165218495997,0.5140053170992254,0.3782586518480523,0.6194357666002874,4.418720148098039,2.0491699024668657,0.7302289102455084,2.0879803795803014,0.7369530402435234,5.643142709649634,0.47253057663745374,0.7699286810508261,14.993420328541935,0.12564002391822107,model,Skal Labissiere,F,C,15-30,2026,1610612764,PF/C,heuristic,,False,False,False,True,True,True,-3.245270037368329,-1.8570364200899947,-2.270629084479637,-1.9998379444317433,-3.088011729582448,-1.349437170770138,-0.012926205039871054,-0.01870413204633764,2.6606673006187767,-11.181185423189723,602
1631457,1,29.0,61.0,G,6.354108861886299,5.183006563884117,2.59806223194747,4.797609233849534,4.688583059976534,1.2986260041381243,0.4834321706265937,2.111750920684629,0.5327090890685301,0.35290997208628583,0.8231197325427657,13.480868334625221,0.15701323502030243,2.379414026415681,1.9408730295894463,0.9728926353901772,1.7965538445141043,1.7557269696527191,0.48629461604740337,0.18103015113719956,0.7907843365909187,4.320287056005127,1.9408730295894463,0.6849534466954365,1.952488925224217,0.8008071258351892,5.39073842297906,0.4519349987428011,0.8231197325427657,13.480868334625221,0.15701323502030243,model,Alex Morales,G,,undrafted,2026,1610612753,PG/SG,heuristic,,True,True,False,False,False,False,-3.206443708332877,-1.8322357115938352,-2.337695735002807,-1.9023280564253142,-3.034482863495919,-1.4124069324048525,-0.052034691179448936,0.02073036029685477,2.5671875728776583,-11.189709765260542,603
1642403,2,26.0,61.0,F,7.230727280979506,2.7512760390006026,3.372216674750896,6.627699006073698,1.9570323975085169,0.987546425460214,1.0146311746764445,1.6500367668421452,0.5900713366048651,0.3368319630210262,0.7314343128643029,9.191176524674013,0.2350697506824256,1.8460803011460776,0.7024295484044568,0.8609621871412415,1.6921208754786072,0.4996508397224106,0.25213093118654595,0.25904595094134875,0.421271644340237,2.5485098495505345,0.7024295484044568,0.23660072367304613,1.325919794450224,0.6297372857538014,3.5181775983272954,0.5202725799486584,0.7314343128643029,9.191176524674013,0.2350697506824256,model,Isaac Jones,F,,undrafted,2026,1610612765,SF/PF,heuristic,,False,False,True,True,False,False,-3.2119252727342986,-1.9137429638202146,-2.267410585883026,-2.0210706565188197,-3.1121566004836025,-1.3053608644274188,0.06024323202039994,-0.07413461048726788,2.617894664078389,-11.227663658255862,604
1641754,3,27.0,46.0,G,6.337302353111328,6.578654838135952,2.6535848731287963,4.867277926489496,4.953447502986398,1.3118445908551377,0.34168728246947255,2.2336495476112,0.48476600643372253,0.33192476502011314,0.814195686085222,14.669597487524795,0.15007217819178642,2.5823798521357473,2.680728291244778,1.0813061663273331,1.9833613344865337,2.018474473455423,0.5345620031675423,0.1392337472342597,0.910187216434671,5.263108143380525,2.680728291244778,0.8898001081541923,2.141650076168945,0.8803948159610642,6.053495076453147,0.40691736096331677,0.814195686085222,14.669597487524795,0.15007217819178642,model,Seth Lundy,G,F,31-60,2026,1610612742,SG/SF,heuristic,,False,True,True,False,False,False,-3.1889130326260986,-1.7914460756965804,-2.3282392433094707,-1.88188127184135,-3.0168982251928065,-1.4372285610948237,-0.15282334348118862,0.014092794778864966,2.5421114584883187,-11.241225499975133,605
1642389,2,26.0,61.0,G,6.9174109801870065,5.2407392891782365,2.6744658751489094,4.15435436450658,5.40596254622632,1.3175432625383914,0.5217431917625099,1.949174178910936,0.5477306233267297,0.36184143512513745,0.8296708535597004,12.633728480876744,0.1376628522915186,2.4275747809532806,1.839168811626134,0.9385687693889367,1.457916251514483,1.8971517496336783,0.46237455113107057,0.18309893948537662,0.6840371482860176,4.266743592579415,1.839168811626134,0.6654874822361939,1.9951445301799837,0.7787031520233967,5.434479694619558,0.46760356859734337,0.8296708535597004,12.633728480876744,0.1376628522915186,model,Zyon Pullin,G,,undrafted,2026,1610612750,PG/SG,heuristic,,True,True,False,False,False,False,-3.234216182478989,-1.8572452894931348,-2.387140327371072,-1.9132139875813614,-3.0922296533906932,-1.423016702481631,-0.02118306447760025,0.022168893817295404,2.6277024882504625,-11.278373825206724,606
1642434,2,26.0,61.0,F,6.257249522211169,5.853235753546175,2.6174547366029586,5.8630666524237025,2.9213507387568214,1.1947102702332058,0.8580138507890951,1.6454460350139704,0.5854566958069394,0.3526753371281042,0.7829515858970058,11.488979300841601,0.14772320589563478,1.9969280622468089,1.8679917893177225,0.8353300913811443,1.8711292058097382,0.9323149491132067,0.3812778212558938,0.273825093654203,0.5251248732479831,3.8649198515645313,1.8679917893177225,0.6587946340501584,1.8279095391373295,0.6540230197943577,4.968636732119175,0.4729488862226693,0.7829515858970058,11.488979300841601,0.14772320589563478,model,Riley Minix,F,,undrafted,2026,1610612739,SF/PF,heuristic,,False,False,True,True,False,False,-3.238212333502012,-1.8482886719088234,-2.3411427601466457,-2.0058568568881885,-3.12554341030547,-1.3727590459917385,-0.012673864529914366,-0.010393420047581736,2.6611772783326035,-11.29369308498777,607
1641745,3,27.0,61.0,G,4.631193865719049,9.011380658245312,1.9173619064980347,4.780041184483309,3.816341657153118,1.3617619313252107,0.4034085061440382,1.757994102742049,0.4986493156525347,0.3297549280648633,0.8086372283637464,9.737282121717287,0.12601004347071648,1.2526455897464686,2.437398771542251,0.5186081614723635,1.2929058212983793,1.032244316348944,0.36832944744244944,0.10911395651736172,0.4755023485198494,3.6900443612887193,2.437398771542251,0.8037442565753011,1.4283751226575434,0.4193658662998303,4.079860368190218,0.3870888755816189,0.8086372283637464,9.737282121717287,0.12601004347071648,model,Adam Flagler,G,,undrafted,2026,1610612758,PG/SG,heuristic,,True,True,False,False,False,False,-3.300339900332579,-1.842072173186715,-2.410095149642474,-2.0115991765775343,-3.1705955310896976,-1.460786328410961,-0.11388369831246338,0.0036864576597172424,2.6967938639362976,-11.60889163595641,608
1628995,8,27.0,9.0,F,5.984331315201569,5.80558535693878,2.4440359208088127,6.181250825403632,2.504971528562098,1.079989398951754,0.7769671424431357,1.5706787839279306,0.5410332040034004,0.3457267558432585,0.7859763082356712,12.731601197865304,0.09175700936513004,2.1163922150289762,2.05317770790864,0.8643469626943142,2.186033900361522,0.8858971809349914,0.38194428681599946,0.27477877226197245,0.5554793301921794,4.169569922937616,2.05317770790864,0.7098384681249515,1.854876929149932,0.6793562347731925,5.098948561198008,0.4448604924325391,0.7859763082356712,12.731601197865304,0.09175700936513004,model,Kevin Knox II,F,,6-14,2026,1610612753,SF/PF,heuristic,,False,False,True,True,False,False,-3.3134048865785344,-1.8988083650463992,-2.3872113979877243,-2.0482126091958412,-3.2222700728219325,-1.4229937695843868,-0.036368735616697935,-0.005366552169151887,2.7148471052870544,-11.619789283713615,609
1641779,2,26.0,61.0,F,5.838091924620258,5.78226310969657,2.9935903441787097,6.774414451620597,3.15476682701112,1.1586209490847312,0.7528409617908333,1.803385754251363,0.5341149630307496,0.34447532339751546,0.7690159170332309,13.041403183569962,0.07751531686745206,2.1149141836587977,2.0946895701954444,1.0844616290243478,2.454107505449645,1.1428496150334368,0.41972341483179065,0.2727250698839124,0.6532966865749567,4.209603753854243,2.0946895701954444,0.7215688671104784,1.851176178128605,0.8339682541315103,5.257889477499198,0.4397506954030291,0.7690159170332309,13.041403183569962,0.07751531686745206,model,Jalen Bridges,F,,undrafted,2026,1610612741,SF/PF,heuristic,,False,False,True,True,False,False,-3.330442052649083,-1.9132485966570691,-2.3935015062312637,-2.0427332079605485,-3.2336852966496368,-1.436419994149838,-0.03534408717051607,-0.01349452516108917,2.7155100546215953,-11.68335921200745,610
1631311,4,26.0,61.0,G,5.447901331394293,7.3565742190605246,2.3525406894367524,4.946227041234606,4.442951480117591,1.0918546380583407,0.3401168133010078,2.0154076095151674,0.4965308212295435,0.34459320400443816,0.8001498548098449,11.738937282050765,0.08507568223753897,1.7764603346677355,2.398843426897308,0.7671202112991806,1.6128735838843489,1.448764688119306,0.3560336977023083,0.11090583166420832,0.6571873201629558,4.1753037615650435,2.398843426897308,0.8266251423795296,1.70869245123381,0.6138111256927369,4.857821170539887,0.409237877963,0.8001498548098449,11.738937282050765,0.08507568223753897,model,Lester Quinones,G,,undrafted,2026,1610612748,PG/SG,heuristic,,True,True,False,False,False,False,-3.32882712790015,-1.8906574284987299,-2.425711221623323,-2.0167164147709267,-3.243891804137396,-1.4750089166913987,-0.06659090168906849,0.0006486962942632693,2.7048782514667624,-11.741876867549967,611
1630762,2,25.0,61.0,F,6.786051018944376,5.828187558607968,2.8946265753310234,6.964661431650979,3.1695835797723206,1.1824863681522448,0.8677658239286572,1.6463273008691734,0.5292333221017311,0.339107120498198,0.7753209775886973,13.939708307144333,0.05539245014028932,2.6276547711523386,2.256756514620076,1.1208402810617395,2.6968152448675804,1.2273075154761248,0.45787541803379944,0.33601117956872917,0.6374811764501257,4.884411285772415,2.256756514620076,0.7652822033383635,2.1559246672117798,0.8690109824335781,5.946142520195502,0.4413888473093323,0.7753209775886973,13.939708307144333,0.05539245014028932,model,Phillip Wheeler,F,,undrafted,2026,1610612756,SF/PF,heuristic,,False,False,True,True,False,False,-3.352536421670685,-1.934503613260713,-2.418319072082483,-2.058196940213323,-3.2662895879283473,-1.4447539216718372,-0.028155901807370685,-0.007823306522406035,2.74643385475842,-11.764144910398747,612
1631306,4,28.0,61.0,F,4.481344704684478,7.424500766683259,2.0996038532574537,6.2223428403018195,2.2465897612001653,1.1050069817500023,0.6187105881749506,1.5883154689939596,0.5297788213073609,0.33347232179382036,0.7641549893324494,12.468065712965544,0.06306832980747418,1.5520472294571177,2.571365651249165,0.7271666337113777,2.155016095041215,0.778073021464423,0.3827027683817985,0.2142812297409124,0.5500894900093437,4.123412880706283,2.571365651249165,0.857479273902938,1.6797210257380848,0.555668011226631,4.772589336605739,0.407361832136095,0.7641549893324494,12.468065712965544,0.06306832980747418,model,Cole Swider,F,,undrafted,2026,1610612747,SF/PF,heuristic,,False,False,True,True,False,False,-3.3605530537077932,-1.9161568131356075,-2.426502909580395,-2.0723901072625055,-3.2718648254420155,-1.4615613888766903,-0.0500172369552,-0.008582701585452943,2.7476814275259276,-11.819947609019735,613
201949,17,40.0,16.0,F,5.723020725179845,4.806248088072211,2.49664248205434,6.657532615931197,3.6286936089936797,1.235542401431698,0.8844085453938292,1.974054223208456,0.52779378001305,0.32255521901079054,0.7641549893324494,11.720790005403606,0.052962888065718916,1.8632867810112672,1.5648062376157488,0.8128506180757934,2.167542826262636,1.1814209940268072,0.4022648063875838,0.28794352332070927,0.6427076391529569,3.428093018627016,1.5648062376157488,0.504736418683599,1.4881675920818838,0.6211438553845828,4.102215458231949,0.4341094550222879,0.7641549893324494,11.720790005403606,0.052962888065718916,model,James Johnson,F,,15-30,2026,1610612754,SF/PF,heuristic,,False,False,True,True,False,False,-3.38421233931798,-1.9590810935632939,-2.4393309592157855,-2.0622586824477733,-3.2847358758751466,-1.455838280259803,-0.022322704693607417,-0.008056773215377077,2.748999917968728,-11.866836790620038,614
